--
-- PostgreSQL database dump
--

-- Dumped from database version 14.18
-- Dumped by pg_dump version 17.5

SET statement_timeout = 0;
SET lock_timeout = 0;
SET idle_in_transaction_session_timeout = 0;
SET transaction_timeout = 0;
SET client_encoding = 'UTF8';
SET standard_conforming_strings = on;
SELECT pg_catalog.set_config('search_path', '', false);
SET check_function_bodies = false;
SET xmloption = content;
SET client_min_messages = warning;
SET row_security = off;

--
-- Name: public; Type: SCHEMA; Schema: -; Owner: azure_pg_admin
--

-- *not* creating schema, since initdb creates it


ALTER SCHEMA public OWNER TO azure_pg_admin;

SET default_tablespace = '';

SET default_table_access_method = heap;

--
-- Name: auth_group; Type: TABLE; Schema: public; Owner: pramadmin
--

CREATE TABLE public.auth_group (
    id integer NOT NULL,
    name character varying(150) NOT NULL
);


ALTER TABLE public.auth_group OWNER TO pramadmin;

--
-- Name: auth_group_id_seq; Type: SEQUENCE; Schema: public; Owner: pramadmin
--

ALTER TABLE public.auth_group ALTER COLUMN id ADD GENERATED BY DEFAULT AS IDENTITY (
    SEQUENCE NAME public.auth_group_id_seq
    START WITH 1
    INCREMENT BY 1
    NO MINVALUE
    NO MAXVALUE
    CACHE 1
);


--
-- Name: auth_group_permissions; Type: TABLE; Schema: public; Owner: pramadmin
--

CREATE TABLE public.auth_group_permissions (
    id bigint NOT NULL,
    group_id integer NOT NULL,
    permission_id integer NOT NULL
);


ALTER TABLE public.auth_group_permissions OWNER TO pramadmin;

--
-- Name: auth_group_permissions_id_seq; Type: SEQUENCE; Schema: public; Owner: pramadmin
--

ALTER TABLE public.auth_group_permissions ALTER COLUMN id ADD GENERATED BY DEFAULT AS IDENTITY (
    SEQUENCE NAME public.auth_group_permissions_id_seq
    START WITH 1
    INCREMENT BY 1
    NO MINVALUE
    NO MAXVALUE
    CACHE 1
);


--
-- Name: auth_permission; Type: TABLE; Schema: public; Owner: pramadmin
--

CREATE TABLE public.auth_permission (
    id integer NOT NULL,
    name character varying(255) NOT NULL,
    content_type_id integer NOT NULL,
    codename character varying(100) NOT NULL
);


ALTER TABLE public.auth_permission OWNER TO pramadmin;

--
-- Name: auth_permission_id_seq; Type: SEQUENCE; Schema: public; Owner: pramadmin
--

ALTER TABLE public.auth_permission ALTER COLUMN id ADD GENERATED BY DEFAULT AS IDENTITY (
    SEQUENCE NAME public.auth_permission_id_seq
    START WITH 1
    INCREMENT BY 1
    NO MINVALUE
    NO MAXVALUE
    CACHE 1
);


--
-- Name: django_admin_log; Type: TABLE; Schema: public; Owner: pramadmin
--

CREATE TABLE public.django_admin_log (
    id integer NOT NULL,
    action_time timestamp with time zone NOT NULL,
    object_id text,
    object_repr character varying(200) NOT NULL,
    action_flag smallint NOT NULL,
    change_message text NOT NULL,
    content_type_id integer,
    user_id bigint NOT NULL,
    CONSTRAINT django_admin_log_action_flag_check CHECK ((action_flag >= 0))
);


ALTER TABLE public.django_admin_log OWNER TO pramadmin;

--
-- Name: django_admin_log_id_seq; Type: SEQUENCE; Schema: public; Owner: pramadmin
--

ALTER TABLE public.django_admin_log ALTER COLUMN id ADD GENERATED BY DEFAULT AS IDENTITY (
    SEQUENCE NAME public.django_admin_log_id_seq
    START WITH 1
    INCREMENT BY 1
    NO MINVALUE
    NO MAXVALUE
    CACHE 1
);


--
-- Name: django_content_type; Type: TABLE; Schema: public; Owner: pramadmin
--

CREATE TABLE public.django_content_type (
    id integer NOT NULL,
    app_label character varying(100) NOT NULL,
    model character varying(100) NOT NULL
);


ALTER TABLE public.django_content_type OWNER TO pramadmin;

--
-- Name: django_content_type_id_seq; Type: SEQUENCE; Schema: public; Owner: pramadmin
--

ALTER TABLE public.django_content_type ALTER COLUMN id ADD GENERATED BY DEFAULT AS IDENTITY (
    SEQUENCE NAME public.django_content_type_id_seq
    START WITH 1
    INCREMENT BY 1
    NO MINVALUE
    NO MAXVALUE
    CACHE 1
);


--
-- Name: django_migrations; Type: TABLE; Schema: public; Owner: pramadmin
--

CREATE TABLE public.django_migrations (
    id bigint NOT NULL,
    app character varying(255) NOT NULL,
    name character varying(255) NOT NULL,
    applied timestamp with time zone NOT NULL
);


ALTER TABLE public.django_migrations OWNER TO pramadmin;

--
-- Name: django_migrations_id_seq; Type: SEQUENCE; Schema: public; Owner: pramadmin
--

ALTER TABLE public.django_migrations ALTER COLUMN id ADD GENERATED BY DEFAULT AS IDENTITY (
    SEQUENCE NAME public.django_migrations_id_seq
    START WITH 1
    INCREMENT BY 1
    NO MINVALUE
    NO MAXVALUE
    CACHE 1
);


--
-- Name: django_session; Type: TABLE; Schema: public; Owner: pramadmin
--

CREATE TABLE public.django_session (
    session_key character varying(40) NOT NULL,
    session_data text NOT NULL,
    expire_date timestamp with time zone NOT NULL
);


ALTER TABLE public.django_session OWNER TO pramadmin;

--
-- Name: pramlearnapp_achievement; Type: TABLE; Schema: public; Owner: pramadmin
--

CREATE TABLE public.pramlearnapp_achievement (
    id bigint NOT NULL,
    type character varying(30) NOT NULL,
    title character varying(100) NOT NULL,
    description text NOT NULL,
    icon character varying(10) NOT NULL,
    earned_date timestamp with time zone NOT NULL,
    student_id bigint NOT NULL
);


ALTER TABLE public.pramlearnapp_achievement OWNER TO pramadmin;

--
-- Name: pramlearnapp_achievement_id_seq; Type: SEQUENCE; Schema: public; Owner: pramadmin
--

ALTER TABLE public.pramlearnapp_achievement ALTER COLUMN id ADD GENERATED BY DEFAULT AS IDENTITY (
    SEQUENCE NAME public.pramlearnapp_achievement_id_seq
    START WITH 1
    INCREMENT BY 1
    NO MINVALUE
    NO MAXVALUE
    CACHE 1
);


--
-- Name: pramlearnapp_announcement; Type: TABLE; Schema: public; Owner: pramadmin
--

CREATE TABLE public.pramlearnapp_announcement (
    id bigint NOT NULL,
    title character varying(255) NOT NULL,
    content text NOT NULL,
    priority character varying(10) NOT NULL,
    target_audience character varying(10) NOT NULL,
    is_active boolean NOT NULL,
    deadline timestamp with time zone,
    created_at timestamp with time zone NOT NULL,
    updated_at timestamp with time zone NOT NULL,
    author_id bigint NOT NULL,
    target_class_id bigint
);


ALTER TABLE public.pramlearnapp_announcement OWNER TO pramadmin;

--
-- Name: pramlearnapp_announcement_id_seq; Type: SEQUENCE; Schema: public; Owner: pramadmin
--

ALTER TABLE public.pramlearnapp_announcement ALTER COLUMN id ADD GENERATED BY DEFAULT AS IDENTITY (
    SEQUENCE NAME public.pramlearnapp_announcement_id_seq
    START WITH 1
    INCREMENT BY 1
    NO MINVALUE
    NO MAXVALUE
    CACHE 1
);


--
-- Name: pramlearnapp_arcsanswer; Type: TABLE; Schema: public; Owner: pramadmin
--

CREATE TABLE public.pramlearnapp_arcsanswer (
    id bigint NOT NULL,
    likert_value integer,
    choice_value character varying(1),
    text_value text,
    answered_at timestamp with time zone NOT NULL,
    question_id bigint NOT NULL,
    response_id bigint NOT NULL
);


ALTER TABLE public.pramlearnapp_arcsanswer OWNER TO pramadmin;

--
-- Name: pramlearnapp_arcsanswer_id_seq; Type: SEQUENCE; Schema: public; Owner: pramadmin
--

ALTER TABLE public.pramlearnapp_arcsanswer ALTER COLUMN id ADD GENERATED BY DEFAULT AS IDENTITY (
    SEQUENCE NAME public.pramlearnapp_arcsanswer_id_seq
    START WITH 1
    INCREMENT BY 1
    NO MINVALUE
    NO MAXVALUE
    CACHE 1
);


--
-- Name: pramlearnapp_arcsquestion; Type: TABLE; Schema: public; Owner: pramadmin
--

CREATE TABLE public.pramlearnapp_arcsquestion (
    id bigint NOT NULL,
    text text NOT NULL,
    dimension character varying(20) NOT NULL,
    question_type character varying(20) NOT NULL,
    "order" integer NOT NULL,
    is_required boolean NOT NULL,
    choice_a character varying(255),
    choice_b character varying(255),
    choice_c character varying(255),
    choice_d character varying(255),
    choice_e character varying(255),
    scale_min integer NOT NULL,
    scale_max integer NOT NULL,
    scale_label_min character varying(100),
    scale_label_max character varying(100),
    created_at timestamp with time zone NOT NULL,
    updated_at timestamp with time zone NOT NULL,
    questionnaire_id bigint NOT NULL,
    CONSTRAINT pramlearnapp_arcsquestion_order_check CHECK (("order" >= 0))
);


ALTER TABLE public.pramlearnapp_arcsquestion OWNER TO pramadmin;

--
-- Name: pramlearnapp_arcsquestion_id_seq; Type: SEQUENCE; Schema: public; Owner: pramadmin
--

ALTER TABLE public.pramlearnapp_arcsquestion ALTER COLUMN id ADD GENERATED BY DEFAULT AS IDENTITY (
    SEQUENCE NAME public.pramlearnapp_arcsquestion_id_seq
    START WITH 1
    INCREMENT BY 1
    NO MINVALUE
    NO MAXVALUE
    CACHE 1
);


--
-- Name: pramlearnapp_arcsquestionnaire; Type: TABLE; Schema: public; Owner: pramadmin
--

CREATE TABLE public.pramlearnapp_arcsquestionnaire (
    id bigint NOT NULL,
    title character varying(255) NOT NULL,
    description text,
    questionnaire_type character varying(10) NOT NULL,
    is_active boolean NOT NULL,
    start_date timestamp with time zone,
    end_date timestamp with time zone,
    duration_minutes integer,
    created_at timestamp with time zone NOT NULL,
    updated_at timestamp with time zone NOT NULL,
    slug character varying(200) NOT NULL,
    created_by_id bigint NOT NULL,
    material_id bigint NOT NULL,
    CONSTRAINT pramlearnapp_arcsquestionnaire_duration_minutes_check CHECK ((duration_minutes >= 0))
);


ALTER TABLE public.pramlearnapp_arcsquestionnaire OWNER TO pramadmin;

--
-- Name: pramlearnapp_arcsquestionnaire_id_seq; Type: SEQUENCE; Schema: public; Owner: pramadmin
--

ALTER TABLE public.pramlearnapp_arcsquestionnaire ALTER COLUMN id ADD GENERATED BY DEFAULT AS IDENTITY (
    SEQUENCE NAME public.pramlearnapp_arcsquestionnaire_id_seq
    START WITH 1
    INCREMENT BY 1
    NO MINVALUE
    NO MAXVALUE
    CACHE 1
);


--
-- Name: pramlearnapp_arcsresponse; Type: TABLE; Schema: public; Owner: pramadmin
--

CREATE TABLE public.pramlearnapp_arcsresponse (
    id bigint NOT NULL,
    submitted_at timestamp with time zone NOT NULL,
    completed_at timestamp with time zone,
    is_completed boolean NOT NULL,
    questionnaire_id bigint NOT NULL,
    student_id bigint NOT NULL
);


ALTER TABLE public.pramlearnapp_arcsresponse OWNER TO pramadmin;

--
-- Name: pramlearnapp_arcsresponse_id_seq; Type: SEQUENCE; Schema: public; Owner: pramadmin
--

ALTER TABLE public.pramlearnapp_arcsresponse ALTER COLUMN id ADD GENERATED BY DEFAULT AS IDENTITY (
    SEQUENCE NAME public.pramlearnapp_arcsresponse_id_seq
    START WITH 1
    INCREMENT BY 1
    NO MINVALUE
    NO MAXVALUE
    CACHE 1
);


--
-- Name: pramlearnapp_assignment; Type: TABLE; Schema: public; Owner: pramadmin
--

CREATE TABLE public.pramlearnapp_assignment (
    id bigint NOT NULL,
    title character varying(255) NOT NULL,
    description text NOT NULL,
    due_date timestamp with time zone NOT NULL,
    created_at timestamp with time zone NOT NULL,
    updated_at timestamp with time zone NOT NULL,
    slug character varying(50),
    material_id bigint NOT NULL
);


ALTER TABLE public.pramlearnapp_assignment OWNER TO pramadmin;

--
-- Name: pramlearnapp_assignment_id_seq; Type: SEQUENCE; Schema: public; Owner: pramadmin
--

ALTER TABLE public.pramlearnapp_assignment ALTER COLUMN id ADD GENERATED BY DEFAULT AS IDENTITY (
    SEQUENCE NAME public.pramlearnapp_assignment_id_seq
    START WITH 1
    INCREMENT BY 1
    NO MINVALUE
    NO MAXVALUE
    CACHE 1
);


--
-- Name: pramlearnapp_assignmentanswer; Type: TABLE; Schema: public; Owner: pramadmin
--

CREATE TABLE public.pramlearnapp_assignmentanswer (
    id bigint NOT NULL,
    selected_choice character varying(1),
    answer_text text,
    is_correct boolean NOT NULL,
    essay_answer text,
    question_id bigint NOT NULL,
    submission_id bigint NOT NULL
);


ALTER TABLE public.pramlearnapp_assignmentanswer OWNER TO pramadmin;

--
-- Name: pramlearnapp_assignmentanswer_id_seq; Type: SEQUENCE; Schema: public; Owner: pramadmin
--

ALTER TABLE public.pramlearnapp_assignmentanswer ALTER COLUMN id ADD GENERATED BY DEFAULT AS IDENTITY (
    SEQUENCE NAME public.pramlearnapp_assignmentanswer_id_seq
    START WITH 1
    INCREMENT BY 1
    NO MINVALUE
    NO MAXVALUE
    CACHE 1
);


--
-- Name: pramlearnapp_assignmentquestion; Type: TABLE; Schema: public; Owner: pramadmin
--

CREATE TABLE public.pramlearnapp_assignmentquestion (
    id bigint NOT NULL,
    text text NOT NULL,
    explanation text,
    choice_a character varying(255),
    choice_b character varying(255),
    choice_c character varying(255),
    choice_d character varying(255),
    correct_choice character varying(1),
    assignment_id bigint NOT NULL
);


ALTER TABLE public.pramlearnapp_assignmentquestion OWNER TO pramadmin;

--
-- Name: pramlearnapp_assignmentquestion_id_seq; Type: SEQUENCE; Schema: public; Owner: pramadmin
--

ALTER TABLE public.pramlearnapp_assignmentquestion ALTER COLUMN id ADD GENERATED BY DEFAULT AS IDENTITY (
    SEQUENCE NAME public.pramlearnapp_assignmentquestion_id_seq
    START WITH 1
    INCREMENT BY 1
    NO MINVALUE
    NO MAXVALUE
    CACHE 1
);


--
-- Name: pramlearnapp_assignmentsubmission; Type: TABLE; Schema: public; Owner: pramadmin
--

CREATE TABLE public.pramlearnapp_assignmentsubmission (
    id bigint NOT NULL,
    submission_date timestamp with time zone NOT NULL,
    grade double precision,
    teacher_feedback text,
    graded_at timestamp with time zone,
    files jsonb NOT NULL,
    is_draft boolean NOT NULL,
    start_time timestamp with time zone,
    end_time timestamp with time zone,
    assignment_id bigint NOT NULL,
    student_id bigint NOT NULL
);


ALTER TABLE public.pramlearnapp_assignmentsubmission OWNER TO pramadmin;

--
-- Name: pramlearnapp_assignmentsubmission_id_seq; Type: SEQUENCE; Schema: public; Owner: pramadmin
--

ALTER TABLE public.pramlearnapp_assignmentsubmission ALTER COLUMN id ADD GENERATED BY DEFAULT AS IDENTITY (
    SEQUENCE NAME public.pramlearnapp_assignmentsubmission_id_seq
    START WITH 1
    INCREMENT BY 1
    NO MINVALUE
    NO MAXVALUE
    CACHE 1
);


--
-- Name: pramlearnapp_class; Type: TABLE; Schema: public; Owner: pramadmin
--

CREATE TABLE public.pramlearnapp_class (
    id bigint NOT NULL,
    name character varying(255) NOT NULL,
    slug character varying(50)
);


ALTER TABLE public.pramlearnapp_class OWNER TO pramadmin;

--
-- Name: pramlearnapp_class_id_seq; Type: SEQUENCE; Schema: public; Owner: pramadmin
--

ALTER TABLE public.pramlearnapp_class ALTER COLUMN id ADD GENERATED BY DEFAULT AS IDENTITY (
    SEQUENCE NAME public.pramlearnapp_class_id_seq
    START WITH 1
    INCREMENT BY 1
    NO MINVALUE
    NO MAXVALUE
    CACHE 1
);


--
-- Name: pramlearnapp_classstudent; Type: TABLE; Schema: public; Owner: pramadmin
--

CREATE TABLE public.pramlearnapp_classstudent (
    id bigint NOT NULL,
    class_id_id bigint NOT NULL,
    student_id bigint NOT NULL
);


ALTER TABLE public.pramlearnapp_classstudent OWNER TO pramadmin;

--
-- Name: pramlearnapp_classstudent_id_seq; Type: SEQUENCE; Schema: public; Owner: pramadmin
--

ALTER TABLE public.pramlearnapp_classstudent ALTER COLUMN id ADD GENERATED BY DEFAULT AS IDENTITY (
    SEQUENCE NAME public.pramlearnapp_classstudent_id_seq
    START WITH 1
    INCREMENT BY 1
    NO MINVALUE
    NO MAXVALUE
    CACHE 1
);


--
-- Name: pramlearnapp_customuser; Type: TABLE; Schema: public; Owner: pramadmin
--

CREATE TABLE public.pramlearnapp_customuser (
    id bigint NOT NULL,
    password character varying(128) NOT NULL,
    last_login timestamp with time zone,
    is_superuser boolean NOT NULL,
    username character varying(150) NOT NULL,
    first_name character varying(150) NOT NULL,
    last_name character varying(150) NOT NULL,
    email character varying(254) NOT NULL,
    is_staff boolean NOT NULL,
    date_joined timestamp with time zone NOT NULL,
    is_active boolean NOT NULL,
    is_online boolean NOT NULL,
    last_activity timestamp with time zone,
    role_id bigint
);


ALTER TABLE public.pramlearnapp_customuser OWNER TO pramadmin;

--
-- Name: pramlearnapp_customuser_groups; Type: TABLE; Schema: public; Owner: pramadmin
--

CREATE TABLE public.pramlearnapp_customuser_groups (
    id bigint NOT NULL,
    customuser_id bigint NOT NULL,
    group_id integer NOT NULL
);


ALTER TABLE public.pramlearnapp_customuser_groups OWNER TO pramadmin;

--
-- Name: pramlearnapp_customuser_groups_id_seq; Type: SEQUENCE; Schema: public; Owner: pramadmin
--

ALTER TABLE public.pramlearnapp_customuser_groups ALTER COLUMN id ADD GENERATED BY DEFAULT AS IDENTITY (
    SEQUENCE NAME public.pramlearnapp_customuser_groups_id_seq
    START WITH 1
    INCREMENT BY 1
    NO MINVALUE
    NO MAXVALUE
    CACHE 1
);


--
-- Name: pramlearnapp_customuser_id_seq; Type: SEQUENCE; Schema: public; Owner: pramadmin
--

ALTER TABLE public.pramlearnapp_customuser ALTER COLUMN id ADD GENERATED BY DEFAULT AS IDENTITY (
    SEQUENCE NAME public.pramlearnapp_customuser_id_seq
    START WITH 1
    INCREMENT BY 1
    NO MINVALUE
    NO MAXVALUE
    CACHE 1
);


--
-- Name: pramlearnapp_customuser_user_permissions; Type: TABLE; Schema: public; Owner: pramadmin
--

CREATE TABLE public.pramlearnapp_customuser_user_permissions (
    id bigint NOT NULL,
    customuser_id bigint NOT NULL,
    permission_id integer NOT NULL
);


ALTER TABLE public.pramlearnapp_customuser_user_permissions OWNER TO pramadmin;

--
-- Name: pramlearnapp_customuser_user_permissions_id_seq; Type: SEQUENCE; Schema: public; Owner: pramadmin
--

ALTER TABLE public.pramlearnapp_customuser_user_permissions ALTER COLUMN id ADD GENERATED BY DEFAULT AS IDENTITY (
    SEQUENCE NAME public.pramlearnapp_customuser_user_permissions_id_seq
    START WITH 1
    INCREMENT BY 1
    NO MINVALUE
    NO MAXVALUE
    CACHE 1
);


--
-- Name: pramlearnapp_file; Type: TABLE; Schema: public; Owner: pramadmin
--

CREATE TABLE public.pramlearnapp_file (
    id bigint NOT NULL,
    file character varying(100) NOT NULL,
    uploaded_at timestamp with time zone NOT NULL
);


ALTER TABLE public.pramlearnapp_file OWNER TO pramadmin;

--
-- Name: pramlearnapp_file_id_seq; Type: SEQUENCE; Schema: public; Owner: pramadmin
--

ALTER TABLE public.pramlearnapp_file ALTER COLUMN id ADD GENERATED BY DEFAULT AS IDENTITY (
    SEQUENCE NAME public.pramlearnapp_file_id_seq
    START WITH 1
    INCREMENT BY 1
    NO MINVALUE
    NO MAXVALUE
    CACHE 1
);


--
-- Name: pramlearnapp_grade; Type: TABLE; Schema: public; Owner: pramadmin
--

CREATE TABLE public.pramlearnapp_grade (
    id bigint NOT NULL,
    type character varying(20) NOT NULL,
    title character varying(200) NOT NULL,
    subject_name character varying(100) NOT NULL,
    grade double precision NOT NULL,
    max_grade double precision NOT NULL,
    date timestamp with time zone NOT NULL,
    teacher_feedback text,
    assignment_id bigint,
    student_id bigint NOT NULL,
    material_id bigint,
    quiz_id bigint
);


ALTER TABLE public.pramlearnapp_grade OWNER TO pramadmin;

--
-- Name: pramlearnapp_grade_id_seq; Type: SEQUENCE; Schema: public; Owner: pramadmin
--

ALTER TABLE public.pramlearnapp_grade ALTER COLUMN id ADD GENERATED BY DEFAULT AS IDENTITY (
    SEQUENCE NAME public.pramlearnapp_grade_id_seq
    START WITH 1
    INCREMENT BY 1
    NO MINVALUE
    NO MAXVALUE
    CACHE 1
);


--
-- Name: pramlearnapp_gradestatistics; Type: TABLE; Schema: public; Owner: pramadmin
--

CREATE TABLE public.pramlearnapp_gradestatistics (
    id bigint NOT NULL,
    total_assessments integer NOT NULL,
    average_grade double precision NOT NULL,
    quiz_average double precision NOT NULL,
    assignment_average double precision NOT NULL,
    gpa double precision NOT NULL,
    last_updated timestamp with time zone NOT NULL,
    student_id bigint NOT NULL
);


ALTER TABLE public.pramlearnapp_gradestatistics OWNER TO pramadmin;

--
-- Name: pramlearnapp_gradestatistics_id_seq; Type: SEQUENCE; Schema: public; Owner: pramadmin
--

ALTER TABLE public.pramlearnapp_gradestatistics ALTER COLUMN id ADD GENERATED BY DEFAULT AS IDENTITY (
    SEQUENCE NAME public.pramlearnapp_gradestatistics_id_seq
    START WITH 1
    INCREMENT BY 1
    NO MINVALUE
    NO MAXVALUE
    CACHE 1
);


--
-- Name: pramlearnapp_group; Type: TABLE; Schema: public; Owner: pramadmin
--

CREATE TABLE public.pramlearnapp_group (
    id bigint NOT NULL,
    name character varying(255) NOT NULL,
    code character varying(255) NOT NULL,
    material_id bigint NOT NULL
);


ALTER TABLE public.pramlearnapp_group OWNER TO pramadmin;

--
-- Name: pramlearnapp_group_id_seq; Type: SEQUENCE; Schema: public; Owner: pramadmin
--

ALTER TABLE public.pramlearnapp_group ALTER COLUMN id ADD GENERATED BY DEFAULT AS IDENTITY (
    SEQUENCE NAME public.pramlearnapp_group_id_seq
    START WITH 1
    INCREMENT BY 1
    NO MINVALUE
    NO MAXVALUE
    CACHE 1
);


--
-- Name: pramlearnapp_groupchat; Type: TABLE; Schema: public; Owner: pramadmin
--

CREATE TABLE public.pramlearnapp_groupchat (
    id bigint NOT NULL,
    message text NOT NULL,
    created_at timestamp with time zone NOT NULL,
    is_read boolean NOT NULL,
    group_id bigint NOT NULL,
    sender_id bigint NOT NULL
);


ALTER TABLE public.pramlearnapp_groupchat OWNER TO pramadmin;

--
-- Name: pramlearnapp_groupchat_id_seq; Type: SEQUENCE; Schema: public; Owner: pramadmin
--

ALTER TABLE public.pramlearnapp_groupchat ALTER COLUMN id ADD GENERATED BY DEFAULT AS IDENTITY (
    SEQUENCE NAME public.pramlearnapp_groupchat_id_seq
    START WITH 1
    INCREMENT BY 1
    NO MINVALUE
    NO MAXVALUE
    CACHE 1
);


--
-- Name: pramlearnapp_groupchatread; Type: TABLE; Schema: public; Owner: pramadmin
--

CREATE TABLE public.pramlearnapp_groupchatread (
    id bigint NOT NULL,
    read_at timestamp with time zone NOT NULL,
    chat_id bigint NOT NULL,
    user_id bigint NOT NULL
);


ALTER TABLE public.pramlearnapp_groupchatread OWNER TO pramadmin;

--
-- Name: pramlearnapp_groupchatread_id_seq; Type: SEQUENCE; Schema: public; Owner: pramadmin
--

ALTER TABLE public.pramlearnapp_groupchatread ALTER COLUMN id ADD GENERATED BY DEFAULT AS IDENTITY (
    SEQUENCE NAME public.pramlearnapp_groupchatread_id_seq
    START WITH 1
    INCREMENT BY 1
    NO MINVALUE
    NO MAXVALUE
    CACHE 1
);


--
-- Name: pramlearnapp_groupmember; Type: TABLE; Schema: public; Owner: pramadmin
--

CREATE TABLE public.pramlearnapp_groupmember (
    id bigint NOT NULL,
    group_id bigint NOT NULL,
    student_id bigint NOT NULL
);


ALTER TABLE public.pramlearnapp_groupmember OWNER TO pramadmin;

--
-- Name: pramlearnapp_groupmember_id_seq; Type: SEQUENCE; Schema: public; Owner: pramadmin
--

ALTER TABLE public.pramlearnapp_groupmember ALTER COLUMN id ADD GENERATED BY DEFAULT AS IDENTITY (
    SEQUENCE NAME public.pramlearnapp_groupmember_id_seq
    START WITH 1
    INCREMENT BY 1
    NO MINVALUE
    NO MAXVALUE
    CACHE 1
);


--
-- Name: pramlearnapp_groupquiz; Type: TABLE; Schema: public; Owner: pramadmin
--

CREATE TABLE public.pramlearnapp_groupquiz (
    id bigint NOT NULL,
    start_time timestamp with time zone NOT NULL,
    end_time timestamp with time zone,
    is_completed boolean NOT NULL,
    submitted_at timestamp with time zone,
    group_id bigint NOT NULL,
    quiz_id bigint NOT NULL
);


ALTER TABLE public.pramlearnapp_groupquiz OWNER TO pramadmin;

--
-- Name: pramlearnapp_groupquiz_id_seq; Type: SEQUENCE; Schema: public; Owner: pramadmin
--

ALTER TABLE public.pramlearnapp_groupquiz ALTER COLUMN id ADD GENERATED BY DEFAULT AS IDENTITY (
    SEQUENCE NAME public.pramlearnapp_groupquiz_id_seq
    START WITH 1
    INCREMENT BY 1
    NO MINVALUE
    NO MAXVALUE
    CACHE 1
);


--
-- Name: pramlearnapp_groupquizresult; Type: TABLE; Schema: public; Owner: pramadmin
--

CREATE TABLE public.pramlearnapp_groupquizresult (
    id bigint NOT NULL,
    score double precision NOT NULL,
    completed_at timestamp with time zone,
    created_at timestamp with time zone NOT NULL,
    updated_at timestamp with time zone NOT NULL,
    group_quiz_id bigint NOT NULL
);


ALTER TABLE public.pramlearnapp_groupquizresult OWNER TO pramadmin;

--
-- Name: pramlearnapp_groupquizresult_id_seq; Type: SEQUENCE; Schema: public; Owner: pramadmin
--

ALTER TABLE public.pramlearnapp_groupquizresult ALTER COLUMN id ADD GENERATED BY DEFAULT AS IDENTITY (
    SEQUENCE NAME public.pramlearnapp_groupquizresult_id_seq
    START WITH 1
    INCREMENT BY 1
    NO MINVALUE
    NO MAXVALUE
    CACHE 1
);


--
-- Name: pramlearnapp_groupquizsubmission; Type: TABLE; Schema: public; Owner: pramadmin
--

CREATE TABLE public.pramlearnapp_groupquizsubmission (
    id bigint NOT NULL,
    selected_choice character varying(1) NOT NULL,
    is_correct boolean NOT NULL,
    submitted_at timestamp with time zone NOT NULL,
    group_quiz_id bigint NOT NULL,
    student_id bigint NOT NULL,
    question_id bigint NOT NULL
);


ALTER TABLE public.pramlearnapp_groupquizsubmission OWNER TO pramadmin;

--
-- Name: pramlearnapp_groupquizsubmission_id_seq; Type: SEQUENCE; Schema: public; Owner: pramadmin
--

ALTER TABLE public.pramlearnapp_groupquizsubmission ALTER COLUMN id ADD GENERATED BY DEFAULT AS IDENTITY (
    SEQUENCE NAME public.pramlearnapp_groupquizsubmission_id_seq
    START WITH 1
    INCREMENT BY 1
    NO MINVALUE
    NO MAXVALUE
    CACHE 1
);


--
-- Name: pramlearnapp_material; Type: TABLE; Schema: public; Owner: pramadmin
--

CREATE TABLE public.pramlearnapp_material (
    id bigint NOT NULL,
    title character varying(255) NOT NULL,
    slug character varying(50) NOT NULL,
    created_at timestamp with time zone NOT NULL,
    updated_at timestamp with time zone NOT NULL,
    subject_id bigint NOT NULL
);


ALTER TABLE public.pramlearnapp_material OWNER TO pramadmin;

--
-- Name: pramlearnapp_material_id_seq; Type: SEQUENCE; Schema: public; Owner: pramadmin
--

ALTER TABLE public.pramlearnapp_material ALTER COLUMN id ADD GENERATED BY DEFAULT AS IDENTITY (
    SEQUENCE NAME public.pramlearnapp_material_id_seq
    START WITH 1
    INCREMENT BY 1
    NO MINVALUE
    NO MAXVALUE
    CACHE 1
);


--
-- Name: pramlearnapp_material_pdf_files; Type: TABLE; Schema: public; Owner: pramadmin
--

CREATE TABLE public.pramlearnapp_material_pdf_files (
    id bigint NOT NULL,
    material_id bigint NOT NULL,
    file_id bigint NOT NULL
);


ALTER TABLE public.pramlearnapp_material_pdf_files OWNER TO pramadmin;

--
-- Name: pramlearnapp_material_pdf_files_id_seq; Type: SEQUENCE; Schema: public; Owner: pramadmin
--

ALTER TABLE public.pramlearnapp_material_pdf_files ALTER COLUMN id ADD GENERATED BY DEFAULT AS IDENTITY (
    SEQUENCE NAME public.pramlearnapp_material_pdf_files_id_seq
    START WITH 1
    INCREMENT BY 1
    NO MINVALUE
    NO MAXVALUE
    CACHE 1
);


--
-- Name: pramlearnapp_materialyoutubevideo; Type: TABLE; Schema: public; Owner: pramadmin
--

CREATE TABLE public.pramlearnapp_materialyoutubevideo (
    id bigint NOT NULL,
    url character varying(500) NOT NULL,
    material_id bigint NOT NULL
);


ALTER TABLE public.pramlearnapp_materialyoutubevideo OWNER TO pramadmin;

--
-- Name: pramlearnapp_materialyoutubevideo_id_seq; Type: SEQUENCE; Schema: public; Owner: pramadmin
--

ALTER TABLE public.pramlearnapp_materialyoutubevideo ALTER COLUMN id ADD GENERATED BY DEFAULT AS IDENTITY (
    SEQUENCE NAME public.pramlearnapp_materialyoutubevideo_id_seq
    START WITH 1
    INCREMENT BY 1
    NO MINVALUE
    NO MAXVALUE
    CACHE 1
);


--
-- Name: pramlearnapp_question; Type: TABLE; Schema: public; Owner: pramadmin
--

CREATE TABLE public.pramlearnapp_question (
    id bigint NOT NULL,
    text text NOT NULL,
    choice_a character varying(255) NOT NULL,
    choice_b character varying(255) NOT NULL,
    choice_c character varying(255) NOT NULL,
    choice_d character varying(255) NOT NULL,
    correct_choice character varying(1) NOT NULL,
    quiz_id bigint NOT NULL
);


ALTER TABLE public.pramlearnapp_question OWNER TO pramadmin;

--
-- Name: pramlearnapp_question_id_seq; Type: SEQUENCE; Schema: public; Owner: pramadmin
--

ALTER TABLE public.pramlearnapp_question ALTER COLUMN id ADD GENERATED BY DEFAULT AS IDENTITY (
    SEQUENCE NAME public.pramlearnapp_question_id_seq
    START WITH 1
    INCREMENT BY 1
    NO MINVALUE
    NO MAXVALUE
    CACHE 1
);


--
-- Name: pramlearnapp_quiz; Type: TABLE; Schema: public; Owner: pramadmin
--

CREATE TABLE public.pramlearnapp_quiz (
    id bigint NOT NULL,
    title character varying(255) NOT NULL,
    content text NOT NULL,
    created_at timestamp with time zone NOT NULL,
    is_group_quiz boolean NOT NULL,
    end_time timestamp with time zone,
    slug character varying(200) NOT NULL,
    duration integer NOT NULL,
    is_active boolean NOT NULL,
    material_id bigint NOT NULL,
    CONSTRAINT pramlearnapp_quiz_duration_check CHECK ((duration >= 0))
);


ALTER TABLE public.pramlearnapp_quiz OWNER TO pramadmin;

--
-- Name: pramlearnapp_quiz_id_seq; Type: SEQUENCE; Schema: public; Owner: pramadmin
--

ALTER TABLE public.pramlearnapp_quiz ALTER COLUMN id ADD GENERATED BY DEFAULT AS IDENTITY (
    SEQUENCE NAME public.pramlearnapp_quiz_id_seq
    START WITH 1
    INCREMENT BY 1
    NO MINVALUE
    NO MAXVALUE
    CACHE 1
);


--
-- Name: pramlearnapp_role; Type: TABLE; Schema: public; Owner: pramadmin
--

CREATE TABLE public.pramlearnapp_role (
    id bigint NOT NULL,
    name character varying(50) NOT NULL,
    description text
);


ALTER TABLE public.pramlearnapp_role OWNER TO pramadmin;

--
-- Name: pramlearnapp_role_id_seq; Type: SEQUENCE; Schema: public; Owner: pramadmin
--

ALTER TABLE public.pramlearnapp_role ALTER COLUMN id ADD GENERATED BY DEFAULT AS IDENTITY (
    SEQUENCE NAME public.pramlearnapp_role_id_seq
    START WITH 1
    INCREMENT BY 1
    NO MINVALUE
    NO MAXVALUE
    CACHE 1
);


--
-- Name: pramlearnapp_schedule; Type: TABLE; Schema: public; Owner: pramadmin
--

CREATE TABLE public.pramlearnapp_schedule (
    id bigint NOT NULL,
    day_of_week integer NOT NULL,
    "time" time without time zone NOT NULL,
    class_obj_id bigint NOT NULL,
    subject_id bigint NOT NULL
);


ALTER TABLE public.pramlearnapp_schedule OWNER TO pramadmin;

--
-- Name: pramlearnapp_schedule_id_seq; Type: SEQUENCE; Schema: public; Owner: pramadmin
--

ALTER TABLE public.pramlearnapp_schedule ALTER COLUMN id ADD GENERATED BY DEFAULT AS IDENTITY (
    SEQUENCE NAME public.pramlearnapp_schedule_id_seq
    START WITH 1
    INCREMENT BY 1
    NO MINVALUE
    NO MAXVALUE
    CACHE 1
);


--
-- Name: pramlearnapp_studentactivity; Type: TABLE; Schema: public; Owner: pramadmin
--

CREATE TABLE public.pramlearnapp_studentactivity (
    id bigint NOT NULL,
    activity_type character varying(20) NOT NULL,
    title character varying(255) NOT NULL,
    "timestamp" timestamp with time zone NOT NULL,
    related_object_id integer,
    student_id bigint NOT NULL
);


ALTER TABLE public.pramlearnapp_studentactivity OWNER TO pramadmin;

--
-- Name: pramlearnapp_studentactivity_id_seq; Type: SEQUENCE; Schema: public; Owner: pramadmin
--

ALTER TABLE public.pramlearnapp_studentactivity ALTER COLUMN id ADD GENERATED BY DEFAULT AS IDENTITY (
    SEQUENCE NAME public.pramlearnapp_studentactivity_id_seq
    START WITH 1
    INCREMENT BY 1
    NO MINVALUE
    NO MAXVALUE
    CACHE 1
);


--
-- Name: pramlearnapp_studentattendance; Type: TABLE; Schema: public; Owner: pramadmin
--

CREATE TABLE public.pramlearnapp_studentattendance (
    id bigint NOT NULL,
    status character varying(10) NOT NULL,
    updated_at timestamp with time zone NOT NULL,
    material_id bigint NOT NULL,
    student_id bigint NOT NULL,
    updated_by_id bigint
);


ALTER TABLE public.pramlearnapp_studentattendance OWNER TO pramadmin;

--
-- Name: pramlearnapp_studentattendance_id_seq; Type: SEQUENCE; Schema: public; Owner: pramadmin
--

ALTER TABLE public.pramlearnapp_studentattendance ALTER COLUMN id ADD GENERATED BY DEFAULT AS IDENTITY (
    SEQUENCE NAME public.pramlearnapp_studentattendance_id_seq
    START WITH 1
    INCREMENT BY 1
    NO MINVALUE
    NO MAXVALUE
    CACHE 1
);


--
-- Name: pramlearnapp_studentmaterialactivity; Type: TABLE; Schema: public; Owner: pramadmin
--

CREATE TABLE public.pramlearnapp_studentmaterialactivity (
    id bigint NOT NULL,
    activity_type character varying(50) NOT NULL,
    content_index integer NOT NULL,
    content_id character varying(100) NOT NULL,
    completed_at timestamp with time zone NOT NULL,
    material_id bigint NOT NULL,
    student_id bigint NOT NULL
);


ALTER TABLE public.pramlearnapp_studentmaterialactivity OWNER TO pramadmin;

--
-- Name: pramlearnapp_studentmaterialactivity_id_seq; Type: SEQUENCE; Schema: public; Owner: pramadmin
--

ALTER TABLE public.pramlearnapp_studentmaterialactivity ALTER COLUMN id ADD GENERATED BY DEFAULT AS IDENTITY (
    SEQUENCE NAME public.pramlearnapp_studentmaterialactivity_id_seq
    START WITH 1
    INCREMENT BY 1
    NO MINVALUE
    NO MAXVALUE
    CACHE 1
);


--
-- Name: pramlearnapp_studentmaterialbookmark; Type: TABLE; Schema: public; Owner: pramadmin
--

CREATE TABLE public.pramlearnapp_studentmaterialbookmark (
    id bigint NOT NULL,
    title character varying(255) NOT NULL,
    content_type character varying(50) NOT NULL,
    "position" integer NOT NULL,
    description text NOT NULL,
    created_at timestamp with time zone NOT NULL,
    material_id bigint NOT NULL,
    student_id bigint NOT NULL
);


ALTER TABLE public.pramlearnapp_studentmaterialbookmark OWNER TO pramadmin;

--
-- Name: pramlearnapp_studentmaterialbookmark_id_seq; Type: SEQUENCE; Schema: public; Owner: pramadmin
--

ALTER TABLE public.pramlearnapp_studentmaterialbookmark ALTER COLUMN id ADD GENERATED BY DEFAULT AS IDENTITY (
    SEQUENCE NAME public.pramlearnapp_studentmaterialbookmark_id_seq
    START WITH 1
    INCREMENT BY 1
    NO MINVALUE
    NO MAXVALUE
    CACHE 1
);


--
-- Name: pramlearnapp_studentmaterialprogress; Type: TABLE; Schema: public; Owner: pramadmin
--

CREATE TABLE public.pramlearnapp_studentmaterialprogress (
    id bigint NOT NULL,
    completion_percentage double precision NOT NULL,
    time_spent integer NOT NULL,
    last_position integer NOT NULL,
    completed_at timestamp with time zone,
    created_at timestamp with time zone NOT NULL,
    updated_at timestamp with time zone NOT NULL,
    material_id bigint NOT NULL,
    student_id bigint NOT NULL
);


ALTER TABLE public.pramlearnapp_studentmaterialprogress OWNER TO pramadmin;

--
-- Name: pramlearnapp_studentmaterialprogress_id_seq; Type: SEQUENCE; Schema: public; Owner: pramadmin
--

ALTER TABLE public.pramlearnapp_studentmaterialprogress ALTER COLUMN id ADD GENERATED BY DEFAULT AS IDENTITY (
    SEQUENCE NAME public.pramlearnapp_studentmaterialprogress_id_seq
    START WITH 1
    INCREMENT BY 1
    NO MINVALUE
    NO MAXVALUE
    CACHE 1
);


--
-- Name: pramlearnapp_studentmotivationprofile; Type: TABLE; Schema: public; Owner: pramadmin
--

CREATE TABLE public.pramlearnapp_studentmotivationprofile (
    id bigint NOT NULL,
    attention double precision,
    relevance double precision,
    confidence double precision,
    satisfaction double precision,
    motivation_level character varying(10),
    student_id bigint NOT NULL
);


ALTER TABLE public.pramlearnapp_studentmotivationprofile OWNER TO pramadmin;

--
-- Name: pramlearnapp_studentmotivationprofile_id_seq; Type: SEQUENCE; Schema: public; Owner: pramadmin
--

ALTER TABLE public.pramlearnapp_studentmotivationprofile ALTER COLUMN id ADD GENERATED BY DEFAULT AS IDENTITY (
    SEQUENCE NAME public.pramlearnapp_studentmotivationprofile_id_seq
    START WITH 1
    INCREMENT BY 1
    NO MINVALUE
    NO MAXVALUE
    CACHE 1
);


--
-- Name: pramlearnapp_studentquizanswer; Type: TABLE; Schema: public; Owner: pramadmin
--

CREATE TABLE public.pramlearnapp_studentquizanswer (
    id bigint NOT NULL,
    selected_answer character varying(1) NOT NULL,
    is_correct boolean NOT NULL,
    answered_at timestamp with time zone NOT NULL,
    question_id bigint NOT NULL,
    attempt_id bigint NOT NULL
);


ALTER TABLE public.pramlearnapp_studentquizanswer OWNER TO pramadmin;

--
-- Name: pramlearnapp_studentquizanswer_id_seq; Type: SEQUENCE; Schema: public; Owner: pramadmin
--

ALTER TABLE public.pramlearnapp_studentquizanswer ALTER COLUMN id ADD GENERATED BY DEFAULT AS IDENTITY (
    SEQUENCE NAME public.pramlearnapp_studentquizanswer_id_seq
    START WITH 1
    INCREMENT BY 1
    NO MINVALUE
    NO MAXVALUE
    CACHE 1
);


--
-- Name: pramlearnapp_studentquizattempt; Type: TABLE; Schema: public; Owner: pramadmin
--

CREATE TABLE public.pramlearnapp_studentquizattempt (
    id bigint NOT NULL,
    start_time timestamp with time zone NOT NULL,
    end_time timestamp with time zone,
    submitted_at timestamp with time zone,
    score double precision,
    quiz_id bigint NOT NULL,
    student_id bigint NOT NULL
);


ALTER TABLE public.pramlearnapp_studentquizattempt OWNER TO pramadmin;

--
-- Name: pramlearnapp_studentquizattempt_id_seq; Type: SEQUENCE; Schema: public; Owner: pramadmin
--

ALTER TABLE public.pramlearnapp_studentquizattempt ALTER COLUMN id ADD GENERATED BY DEFAULT AS IDENTITY (
    SEQUENCE NAME public.pramlearnapp_studentquizattempt_id_seq
    START WITH 1
    INCREMENT BY 1
    NO MINVALUE
    NO MAXVALUE
    CACHE 1
);


--
-- Name: pramlearnapp_subject; Type: TABLE; Schema: public; Owner: pramadmin
--

CREATE TABLE public.pramlearnapp_subject (
    id bigint NOT NULL,
    name character varying(255) NOT NULL,
    slug character varying(50) NOT NULL,
    subject_class_id bigint
);


ALTER TABLE public.pramlearnapp_subject OWNER TO pramadmin;

--
-- Name: pramlearnapp_subject_id_seq; Type: SEQUENCE; Schema: public; Owner: pramadmin
--

ALTER TABLE public.pramlearnapp_subject ALTER COLUMN id ADD GENERATED BY DEFAULT AS IDENTITY (
    SEQUENCE NAME public.pramlearnapp_subject_id_seq
    START WITH 1
    INCREMENT BY 1
    NO MINVALUE
    NO MAXVALUE
    CACHE 1
);


--
-- Name: pramlearnapp_subjectclass; Type: TABLE; Schema: public; Owner: pramadmin
--

CREATE TABLE public.pramlearnapp_subjectclass (
    id bigint NOT NULL,
    class_id_id bigint NOT NULL,
    subject_id bigint,
    teacher_id bigint NOT NULL
);


ALTER TABLE public.pramlearnapp_subjectclass OWNER TO pramadmin;

--
-- Name: pramlearnapp_subjectclass_id_seq; Type: SEQUENCE; Schema: public; Owner: pramadmin
--

ALTER TABLE public.pramlearnapp_subjectclass ALTER COLUMN id ADD GENERATED BY DEFAULT AS IDENTITY (
    SEQUENCE NAME public.pramlearnapp_subjectclass_id_seq
    START WITH 1
    INCREMENT BY 1
    NO MINVALUE
    NO MAXVALUE
    CACHE 1
);


--
-- Name: student_assignment_drafts; Type: TABLE; Schema: public; Owner: pramadmin
--

CREATE TABLE public.student_assignment_drafts (
    id bigint NOT NULL,
    draft_answers jsonb NOT NULL,
    uploaded_files jsonb NOT NULL,
    last_saved timestamp with time zone NOT NULL,
    created_at timestamp with time zone NOT NULL,
    assignment_id bigint NOT NULL,
    student_id bigint NOT NULL
);


ALTER TABLE public.student_assignment_drafts OWNER TO pramadmin;

--
-- Name: student_assignment_drafts_id_seq; Type: SEQUENCE; Schema: public; Owner: pramadmin
--

ALTER TABLE public.student_assignment_drafts ALTER COLUMN id ADD GENERATED BY DEFAULT AS IDENTITY (
    SEQUENCE NAME public.student_assignment_drafts_id_seq
    START WITH 1
    INCREMENT BY 1
    NO MINVALUE
    NO MAXVALUE
    CACHE 1
);


--
-- Data for Name: auth_group; Type: TABLE DATA; Schema: public; Owner: pramadmin
--

COPY public.auth_group (id, name) FROM stdin;
\.


--
-- Data for Name: auth_group_permissions; Type: TABLE DATA; Schema: public; Owner: pramadmin
--

COPY public.auth_group_permissions (id, group_id, permission_id) FROM stdin;
\.


--
-- Data for Name: auth_permission; Type: TABLE DATA; Schema: public; Owner: pramadmin
--

COPY public.auth_permission (id, name, content_type_id, codename) FROM stdin;
1	Can add log entry	1	add_logentry
2	Can change log entry	1	change_logentry
3	Can delete log entry	1	delete_logentry
4	Can view log entry	1	view_logentry
5	Can add permission	2	add_permission
6	Can change permission	2	change_permission
7	Can delete permission	2	delete_permission
8	Can view permission	2	view_permission
9	Can add group	3	add_group
10	Can change group	3	change_group
11	Can delete group	3	delete_group
12	Can view group	3	view_group
13	Can add content type	4	add_contenttype
14	Can change content type	4	change_contenttype
15	Can delete content type	4	delete_contenttype
16	Can view content type	4	view_contenttype
17	Can add session	5	add_session
18	Can change session	5	change_session
19	Can delete session	5	delete_session
20	Can view session	5	view_session
21	Can add role	6	add_role
22	Can change role	6	change_role
23	Can delete role	6	delete_role
24	Can view role	6	view_role
25	Can add user	7	add_customuser
26	Can change user	7	change_customuser
27	Can delete user	7	delete_customuser
28	Can view user	7	view_customuser
29	Can add student motivation profile	8	add_studentmotivationprofile
30	Can change student motivation profile	8	change_studentmotivationprofile
31	Can delete student motivation profile	8	delete_studentmotivationprofile
32	Can view student motivation profile	8	view_studentmotivationprofile
33	Can add subject	9	add_subject
34	Can change subject	9	change_subject
35	Can delete subject	9	delete_subject
36	Can view subject	9	view_subject
37	Can add subject class	10	add_subjectclass
38	Can change subject class	10	change_subjectclass
39	Can delete subject class	10	delete_subjectclass
40	Can view subject class	10	view_subjectclass
41	Can add class	11	add_class
42	Can change class	11	change_class
43	Can delete class	11	delete_class
44	Can view class	11	view_class
45	Can add class student	12	add_classstudent
46	Can change class student	12	change_classstudent
47	Can delete class student	12	delete_classstudent
48	Can view class student	12	view_classstudent
49	Can add file	13	add_file
50	Can change file	13	change_file
51	Can delete file	13	delete_file
52	Can view file	13	view_file
53	Can add material	14	add_material
54	Can change material	14	change_material
55	Can delete material	14	delete_material
56	Can view material	14	view_material
57	Can add material youtube video	15	add_materialyoutubevideo
58	Can change material youtube video	15	change_materialyoutubevideo
59	Can delete material youtube video	15	delete_materialyoutubevideo
60	Can view material youtube video	15	view_materialyoutubevideo
61	Can add student material progress	16	add_studentmaterialprogress
62	Can change student material progress	16	change_studentmaterialprogress
63	Can delete student material progress	16	delete_studentmaterialprogress
64	Can view student material progress	16	view_studentmaterialprogress
65	Can add student material bookmark	17	add_studentmaterialbookmark
66	Can change student material bookmark	17	change_studentmaterialbookmark
67	Can delete student material bookmark	17	delete_studentmaterialbookmark
68	Can view student material bookmark	17	view_studentmaterialbookmark
69	Can add student material activity	18	add_studentmaterialactivity
70	Can change student material activity	18	change_studentmaterialactivity
71	Can delete student material activity	18	delete_studentmaterialactivity
72	Can view student material activity	18	view_studentmaterialactivity
73	Can add quiz	19	add_quiz
74	Can change quiz	19	change_quiz
75	Can delete quiz	19	delete_quiz
76	Can view quiz	19	view_quiz
77	Can add question	20	add_question
78	Can change question	20	change_question
79	Can delete question	20	delete_question
80	Can view question	20	view_question
81	Can add student quiz attempt	21	add_studentquizattempt
82	Can change student quiz attempt	21	change_studentquizattempt
83	Can delete student quiz attempt	21	delete_studentquizattempt
84	Can view student quiz attempt	21	view_studentquizattempt
85	Can add student quiz answer	22	add_studentquizanswer
86	Can change student quiz answer	22	change_studentquizanswer
87	Can delete student quiz answer	22	delete_studentquizanswer
88	Can view student quiz answer	22	view_studentquizanswer
89	Can add group	23	add_group
90	Can change group	23	change_group
91	Can delete group	23	delete_group
92	Can view group	23	view_group
93	Can add group member	24	add_groupmember
94	Can change group member	24	change_groupmember
95	Can delete group member	24	delete_groupmember
96	Can view group member	24	view_groupmember
97	Can add group quiz	25	add_groupquiz
98	Can change group quiz	25	change_groupquiz
99	Can delete group quiz	25	delete_groupquiz
100	Can view group quiz	25	view_groupquiz
101	Can add group quiz submission	26	add_groupquizsubmission
102	Can change group quiz submission	26	change_groupquizsubmission
103	Can delete group quiz submission	26	delete_groupquizsubmission
104	Can view group quiz submission	26	view_groupquizsubmission
105	Can add group quiz result	27	add_groupquizresult
106	Can change group quiz result	27	change_groupquizresult
107	Can delete group quiz result	27	delete_groupquizresult
108	Can view group quiz result	27	view_groupquizresult
109	Can add group chat	28	add_groupchat
110	Can change group chat	28	change_groupchat
111	Can delete group chat	28	delete_groupchat
112	Can view group chat	28	view_groupchat
113	Can add group chat read	29	add_groupchatread
114	Can change group chat read	29	change_groupchatread
115	Can delete group chat read	29	delete_groupchatread
116	Can view group chat read	29	view_groupchatread
117	Can add assignment	30	add_assignment
118	Can change assignment	30	change_assignment
119	Can delete assignment	30	delete_assignment
120	Can view assignment	30	view_assignment
121	Can add assignment question	31	add_assignmentquestion
122	Can change assignment question	31	change_assignmentquestion
123	Can delete assignment question	31	delete_assignmentquestion
124	Can view assignment question	31	view_assignmentquestion
125	Can add assignment submission	32	add_assignmentsubmission
126	Can change assignment submission	32	change_assignmentsubmission
127	Can delete assignment submission	32	delete_assignmentsubmission
128	Can view assignment submission	32	view_assignmentsubmission
129	Can add assignment answer	33	add_assignmentanswer
130	Can change assignment answer	33	change_assignmentanswer
131	Can delete assignment answer	33	delete_assignmentanswer
132	Can view assignment answer	33	view_assignmentanswer
133	Can add student assignment draft	34	add_studentassignmentdraft
134	Can change student assignment draft	34	change_studentassignmentdraft
135	Can delete student assignment draft	34	delete_studentassignmentdraft
136	Can view student assignment draft	34	view_studentassignmentdraft
137	Can add student attendance	35	add_studentattendance
138	Can change student attendance	35	change_studentattendance
139	Can delete student attendance	35	delete_studentattendance
140	Can view student attendance	35	view_studentattendance
141	Can add student activity	36	add_studentactivity
142	Can change student activity	36	change_studentactivity
143	Can delete student activity	36	delete_studentactivity
144	Can view student activity	36	view_studentactivity
145	Can add schedule	37	add_schedule
146	Can change schedule	37	change_schedule
147	Can delete schedule	37	delete_schedule
148	Can view schedule	37	view_schedule
149	Can add announcement	38	add_announcement
150	Can change announcement	38	change_announcement
151	Can delete announcement	38	delete_announcement
152	Can view announcement	38	view_announcement
153	Can add grade	39	add_grade
154	Can change grade	39	change_grade
155	Can delete grade	39	delete_grade
156	Can view grade	39	view_grade
157	Can add grade statistics	40	add_gradestatistics
158	Can change grade statistics	40	change_gradestatistics
159	Can delete grade statistics	40	delete_gradestatistics
160	Can view grade statistics	40	view_gradestatistics
161	Can add achievement	41	add_achievement
162	Can change achievement	41	change_achievement
163	Can delete achievement	41	delete_achievement
164	Can view achievement	41	view_achievement
165	Can add arcs questionnaire	42	add_arcsquestionnaire
166	Can change arcs questionnaire	42	change_arcsquestionnaire
167	Can delete arcs questionnaire	42	delete_arcsquestionnaire
168	Can view arcs questionnaire	42	view_arcsquestionnaire
169	Can add arcs question	43	add_arcsquestion
170	Can change arcs question	43	change_arcsquestion
171	Can delete arcs question	43	delete_arcsquestion
172	Can view arcs question	43	view_arcsquestion
173	Can add arcs response	44	add_arcsresponse
174	Can change arcs response	44	change_arcsresponse
175	Can delete arcs response	44	delete_arcsresponse
176	Can view arcs response	44	view_arcsresponse
177	Can add arcs answer	45	add_arcsanswer
178	Can change arcs answer	45	change_arcsanswer
179	Can delete arcs answer	45	delete_arcsanswer
180	Can view arcs answer	45	view_arcsanswer
\.


--
-- Data for Name: django_admin_log; Type: TABLE DATA; Schema: public; Owner: pramadmin
--

COPY public.django_admin_log (id, action_time, object_id, object_repr, action_flag, change_message, content_type_id, user_id) FROM stdin;
\.


--
-- Data for Name: django_content_type; Type: TABLE DATA; Schema: public; Owner: pramadmin
--

COPY public.django_content_type (id, app_label, model) FROM stdin;
1	admin	logentry
2	auth	permission
3	auth	group
4	contenttypes	contenttype
5	sessions	session
6	pramlearnapp	role
7	pramlearnapp	customuser
8	pramlearnapp	studentmotivationprofile
9	pramlearnapp	subject
10	pramlearnapp	subjectclass
11	pramlearnapp	class
12	pramlearnapp	classstudent
13	pramlearnapp	file
14	pramlearnapp	material
15	pramlearnapp	materialyoutubevideo
16	pramlearnapp	studentmaterialprogress
17	pramlearnapp	studentmaterialbookmark
18	pramlearnapp	studentmaterialactivity
19	pramlearnapp	quiz
20	pramlearnapp	question
21	pramlearnapp	studentquizattempt
22	pramlearnapp	studentquizanswer
23	pramlearnapp	group
24	pramlearnapp	groupmember
25	pramlearnapp	groupquiz
26	pramlearnapp	groupquizsubmission
27	pramlearnapp	groupquizresult
28	pramlearnapp	groupchat
29	pramlearnapp	groupchatread
30	pramlearnapp	assignment
31	pramlearnapp	assignmentquestion
32	pramlearnapp	assignmentsubmission
33	pramlearnapp	assignmentanswer
34	pramlearnapp	studentassignmentdraft
35	pramlearnapp	studentattendance
36	pramlearnapp	studentactivity
37	pramlearnapp	schedule
38	pramlearnapp	announcement
39	pramlearnapp	grade
40	pramlearnapp	gradestatistics
41	pramlearnapp	achievement
42	pramlearnapp	arcsquestionnaire
43	pramlearnapp	arcsquestion
44	pramlearnapp	arcsresponse
45	pramlearnapp	arcsanswer
\.


--
-- Data for Name: django_migrations; Type: TABLE DATA; Schema: public; Owner: pramadmin
--

COPY public.django_migrations (id, app, name, applied) FROM stdin;
1	contenttypes	0001_initial	2025-07-02 07:19:10.587439+00
2	contenttypes	0002_remove_content_type_name	2025-07-02 07:19:10.600759+00
3	auth	0001_initial	2025-07-02 07:19:10.711472+00
4	auth	0002_alter_permission_name_max_length	2025-07-02 07:19:10.722365+00
5	auth	0003_alter_user_email_max_length	2025-07-02 07:19:10.738346+00
6	auth	0004_alter_user_username_opts	2025-07-02 07:19:10.75125+00
7	auth	0005_alter_user_last_login_null	2025-07-02 07:19:10.778958+00
8	auth	0006_require_contenttypes_0002	2025-07-02 07:19:10.788098+00
9	auth	0007_alter_validators_add_error_messages	2025-07-02 07:19:10.799527+00
10	auth	0008_alter_user_username_max_length	2025-07-02 07:19:10.810457+00
11	auth	0009_alter_user_last_name_max_length	2025-07-02 07:19:10.829637+00
12	auth	0010_alter_group_name_max_length	2025-07-02 07:19:10.852016+00
13	auth	0011_update_proxy_permissions	2025-07-02 07:19:10.872927+00
14	auth	0012_alter_user_first_name_max_length	2025-07-02 07:19:10.891669+00
15	pramlearnapp	0001_initial	2025-07-02 07:19:15.053248+00
16	admin	0001_initial	2025-07-02 07:19:15.2487+00
17	admin	0002_logentry_remove_auto_add	2025-07-02 07:19:15.327927+00
18	admin	0003_logentry_add_action_flag_choices	2025-07-02 07:19:15.407884+00
19	sessions	0001_initial	2025-07-02 07:19:15.45583+00
20	pramlearnapp	0002_groupchat_groupchatread	2025-07-22 00:52:02.870871+00
\.


--
-- Data for Name: django_session; Type: TABLE DATA; Schema: public; Owner: pramadmin
--

COPY public.django_session (session_key, session_data, expire_date) FROM stdin;
\.


--
-- Data for Name: pramlearnapp_achievement; Type: TABLE DATA; Schema: public; Owner: pramadmin
--

COPY public.pramlearnapp_achievement (id, type, title, description, icon, earned_date, student_id) FROM stdin;
1	quiz_master	Quiz Master	Rata-rata quiz 90.7!		2025-07-22 07:34:26.868151+00	14
2	high_achiever	High Achiever	Rata-rata keseluruhan 90.7!		2025-07-22 07:34:26.947235+00	14
3	quiz_master	Quiz Master	Rata-rata quiz 90.7!		2025-07-22 07:49:12.902324+00	5
4	high_achiever	High Achiever	Rata-rata keseluruhan 90.7!		2025-07-22 07:49:12.919543+00	5
\.


--
-- Data for Name: pramlearnapp_announcement; Type: TABLE DATA; Schema: public; Owner: pramadmin
--

COPY public.pramlearnapp_announcement (id, title, content, priority, target_audience, is_active, deadline, created_at, updated_at, author_id, target_class_id) FROM stdin;
\.


--
-- Data for Name: pramlearnapp_arcsanswer; Type: TABLE DATA; Schema: public; Owner: pramadmin
--

COPY public.pramlearnapp_arcsanswer (id, likert_value, choice_value, text_value, answered_at, question_id, response_id) FROM stdin;
1	5	\N	\N	2025-07-22 06:47:37.620878+00	1	1
2	5	\N	\N	2025-07-22 06:47:37.633571+00	2	1
3	5	\N	\N	2025-07-22 06:47:37.643761+00	3	1
4	5	\N	\N	2025-07-22 06:47:37.654002+00	4	1
5	5	\N	\N	2025-07-22 06:47:37.663321+00	5	1
6	5	\N	\N	2025-07-22 06:47:37.672399+00	6	1
7	5	\N	\N	2025-07-22 06:47:37.683441+00	7	1
8	5	\N	\N	2025-07-22 06:47:37.696464+00	8	1
9	5	\N	\N	2025-07-22 06:47:37.707781+00	9	1
10	5	\N	\N	2025-07-22 06:47:37.719433+00	10	1
11	5	\N	\N	2025-07-22 06:47:37.730359+00	11	1
12	5	\N	\N	2025-07-22 06:47:37.740655+00	12	1
13	5	\N	\N	2025-07-22 06:47:37.750244+00	13	1
14	5	\N	\N	2025-07-22 06:47:37.760458+00	14	1
15	5	\N	\N	2025-07-22 06:47:37.790359+00	15	1
16	5	\N	\N	2025-07-22 06:47:37.829941+00	16	1
17	5	\N	\N	2025-07-22 06:47:37.85518+00	17	1
18	5	\N	\N	2025-07-22 06:47:37.865803+00	18	1
19	5	\N	\N	2025-07-22 06:47:37.874114+00	19	1
20	5	\N	\N	2025-07-22 06:47:37.88289+00	20	1
21	4	\N	\N	2025-07-22 06:47:39.551491+00	1	2
22	3	\N	\N	2025-07-22 06:47:40.036897+00	2	2
23	4	\N	\N	2025-07-22 06:47:40.048488+00	3	2
24	5	\N	\N	2025-07-22 06:47:40.059744+00	4	2
25	5	\N	\N	2025-07-22 06:47:40.071235+00	5	2
26	3	\N	\N	2025-07-22 06:47:40.081891+00	6	2
27	5	\N	\N	2025-07-22 06:47:40.095306+00	7	2
28	5	\N	\N	2025-07-22 06:47:40.11282+00	8	2
29	3	\N	\N	2025-07-22 06:47:40.130003+00	9	2
30	5	\N	\N	2025-07-22 06:47:40.153423+00	10	2
31	4	\N	\N	2025-07-22 06:47:40.17011+00	11	2
32	4	\N	\N	2025-07-22 06:47:40.202498+00	12	2
33	3	\N	\N	2025-07-22 06:47:40.212929+00	13	2
34	4	\N	\N	2025-07-22 06:47:40.216887+00	1	3
35	3	\N	\N	2025-07-22 06:47:40.22233+00	14	2
36	3	\N	\N	2025-07-22 06:47:40.226331+00	2	3
37	3	\N	\N	2025-07-22 06:47:40.232742+00	15	2
38	4	\N	\N	2025-07-22 06:47:40.245029+00	3	3
39	5	\N	\N	2025-07-22 06:47:40.290557+00	16	2
40	5	\N	\N	2025-07-22 06:47:40.302445+00	4	3
41	4	\N	\N	2025-07-22 06:47:40.329954+00	17	2
42	5	\N	\N	2025-07-22 06:47:40.339743+00	5	3
43	4	\N	\N	2025-07-22 06:47:40.363512+00	18	2
44	3	\N	\N	2025-07-22 06:47:40.365133+00	6	3
45	4	\N	\N	2025-07-22 06:47:40.39334+00	19	2
46	5	\N	\N	2025-07-22 06:47:40.425247+00	7	3
47	4	\N	\N	2025-07-22 06:47:40.436636+00	20	2
48	5	\N	\N	2025-07-22 06:47:40.443034+00	8	3
49	3	\N	\N	2025-07-22 06:47:40.483622+00	9	3
50	5	\N	\N	2025-07-22 06:47:40.527054+00	10	3
51	4	\N	\N	2025-07-22 06:47:40.553862+00	11	3
52	4	\N	\N	2025-07-22 06:47:40.584464+00	12	3
53	3	\N	\N	2025-07-22 06:47:40.615602+00	13	3
54	3	\N	\N	2025-07-22 06:47:40.634578+00	14	3
55	3	\N	\N	2025-07-22 06:47:40.66359+00	15	3
56	5	\N	\N	2025-07-22 06:47:40.701884+00	16	3
57	4	\N	\N	2025-07-22 06:47:40.731001+00	17	3
58	4	\N	\N	2025-07-22 06:47:40.740473+00	18	3
59	4	\N	\N	2025-07-22 06:47:40.752703+00	19	3
60	4	\N	\N	2025-07-22 06:47:40.768191+00	20	3
61	4	\N	\N	2025-07-22 06:48:21.975664+00	1	4
62	4	\N	\N	2025-07-22 06:48:21.986768+00	2	4
63	4	\N	\N	2025-07-22 06:48:21.996403+00	3	4
64	5	\N	\N	2025-07-22 06:48:22.005479+00	4	4
65	4	\N	\N	2025-07-22 06:48:22.014719+00	5	4
66	5	\N	\N	2025-07-22 06:48:22.024711+00	6	4
67	4	\N	\N	2025-07-22 06:48:22.033789+00	7	4
68	5	\N	\N	2025-07-22 06:48:22.043053+00	8	4
69	5	\N	\N	2025-07-22 06:48:22.079581+00	9	4
70	5	\N	\N	2025-07-22 06:48:22.117233+00	10	4
71	4	\N	\N	2025-07-22 06:48:22.137555+00	11	4
72	5	\N	\N	2025-07-22 06:48:22.14822+00	12	4
73	3	\N	\N	2025-07-22 06:48:22.217086+00	13	4
74	3	\N	\N	2025-07-22 06:48:22.23722+00	14	4
75	3	\N	\N	2025-07-22 06:48:22.249059+00	15	4
76	5	\N	\N	2025-07-22 06:48:22.258934+00	16	4
77	3	\N	\N	2025-07-22 06:48:22.267686+00	17	4
78	3	\N	\N	2025-07-22 06:48:22.277069+00	18	4
79	3	\N	\N	2025-07-22 06:48:22.315977+00	19	4
80	3	\N	\N	2025-07-22 06:48:22.358413+00	20	4
81	4	\N	\N	2025-07-22 06:48:39.75225+00	1	5
82	4	\N	\N	2025-07-22 06:48:39.762362+00	2	5
83	3	\N	\N	2025-07-22 06:48:39.772106+00	3	5
84	5	\N	\N	2025-07-22 06:48:39.78164+00	4	5
85	3	\N	\N	2025-07-22 06:48:39.794733+00	5	5
86	3	\N	\N	2025-07-22 06:48:39.81115+00	6	5
87	5	\N	\N	2025-07-22 06:48:39.829068+00	7	5
88	4	\N	\N	2025-07-22 06:48:39.875403+00	8	5
89	3	\N	\N	2025-07-22 06:48:39.917243+00	9	5
90	4	\N	\N	2025-07-22 06:48:39.945365+00	10	5
91	3	\N	\N	2025-07-22 06:48:39.982026+00	11	5
92	3	\N	\N	2025-07-22 06:48:40.000883+00	12	5
93	3	\N	\N	2025-07-22 06:48:40.018282+00	13	5
94	3	\N	\N	2025-07-22 06:48:40.028094+00	14	5
95	3	\N	\N	2025-07-22 06:48:40.040315+00	15	5
96	4	\N	\N	2025-07-22 06:48:40.049233+00	16	5
97	4	\N	\N	2025-07-22 06:48:40.059691+00	17	5
98	3	\N	\N	2025-07-22 06:48:40.070874+00	18	5
99	3	\N	\N	2025-07-22 06:48:40.106253+00	19	5
100	3	\N	\N	2025-07-22 06:48:40.145111+00	20	5
101	4	\N	\N	2025-07-22 06:49:02.626846+00	1	6
102	3	\N	\N	2025-07-22 06:49:02.669323+00	2	6
103	5	\N	\N	2025-07-22 06:49:02.683542+00	3	6
104	4	\N	\N	2025-07-22 06:49:02.736121+00	4	6
105	5	\N	\N	2025-07-22 06:49:02.762738+00	5	6
106	4	\N	\N	2025-07-22 06:49:02.775982+00	6	6
107	5	\N	\N	2025-07-22 06:49:02.785724+00	7	6
108	3	\N	\N	2025-07-22 06:49:02.798055+00	8	6
109	4	\N	\N	2025-07-22 06:49:02.811301+00	9	6
110	5	\N	\N	2025-07-22 06:49:02.823271+00	10	6
111	4	\N	\N	2025-07-22 06:49:02.832907+00	11	6
112	5	\N	\N	2025-07-22 06:49:02.843811+00	12	6
113	5	\N	\N	2025-07-22 06:49:02.854345+00	13	6
114	4	\N	\N	2025-07-22 06:49:02.867771+00	14	6
115	5	\N	\N	2025-07-22 06:49:02.880562+00	15	6
116	5	\N	\N	2025-07-22 06:49:02.895677+00	16	6
117	5	\N	\N	2025-07-22 06:49:02.90554+00	17	6
118	5	\N	\N	2025-07-22 06:49:02.915677+00	18	6
119	5	\N	\N	2025-07-22 06:49:02.927181+00	19	6
120	5	\N	\N	2025-07-22 06:49:02.945056+00	20	6
121	3	\N	\N	2025-07-22 06:49:04.995358+00	1	7
122	4	\N	\N	2025-07-22 06:49:05.009411+00	2	7
123	4	\N	\N	2025-07-22 06:49:05.020194+00	3	7
124	4	\N	\N	2025-07-22 06:49:05.035426+00	4	7
125	3	\N	\N	2025-07-22 06:49:05.045823+00	5	7
126	5	\N	\N	2025-07-22 06:49:05.056714+00	6	7
127	5	\N	\N	2025-07-22 06:49:05.06677+00	7	7
128	3	\N	\N	2025-07-22 06:49:05.07625+00	8	7
129	4	\N	\N	2025-07-22 06:49:05.085187+00	9	7
130	5	\N	\N	2025-07-22 06:49:05.098302+00	10	7
131	4	\N	\N	2025-07-22 06:49:05.108399+00	11	7
132	3	\N	\N	2025-07-22 06:49:05.117961+00	12	7
133	3	\N	\N	2025-07-22 06:49:05.127632+00	13	7
134	3	\N	\N	2025-07-22 06:49:05.137802+00	14	7
135	4	\N	\N	2025-07-22 06:49:05.148125+00	15	7
136	5	\N	\N	2025-07-22 06:49:05.158785+00	16	7
137	5	\N	\N	2025-07-22 06:49:05.168197+00	17	7
138	3	\N	\N	2025-07-22 06:49:05.177453+00	18	7
139	4	\N	\N	2025-07-22 06:49:05.19493+00	19	7
140	3	\N	\N	2025-07-22 06:49:05.205506+00	20	7
141	3	\N	\N	2025-07-22 06:49:18.78645+00	1	8
142	4	\N	\N	2025-07-22 06:49:18.802935+00	2	8
143	4	\N	\N	2025-07-22 06:49:18.812215+00	3	8
144	4	\N	\N	2025-07-22 06:49:18.823251+00	4	8
145	3	\N	\N	2025-07-22 06:49:18.832707+00	5	8
146	5	\N	\N	2025-07-22 06:49:18.841698+00	6	8
147	5	\N	\N	2025-07-22 06:49:18.852697+00	7	8
148	3	\N	\N	2025-07-22 06:49:18.86327+00	8	8
149	3	\N	\N	2025-07-22 06:49:18.88254+00	9	8
150	5	\N	\N	2025-07-22 06:49:18.907243+00	10	8
151	4	\N	\N	2025-07-22 06:49:18.94826+00	11	8
152	3	\N	\N	2025-07-22 06:49:18.97688+00	12	8
153	3	\N	\N	2025-07-22 06:49:18.995381+00	13	8
154	3	\N	\N	2025-07-22 06:49:19.008415+00	14	8
155	4	\N	\N	2025-07-22 06:49:19.017681+00	15	8
156	5	\N	\N	2025-07-22 06:49:19.027223+00	16	8
157	5	\N	\N	2025-07-22 06:49:19.038452+00	17	8
158	3	\N	\N	2025-07-22 06:49:19.049327+00	18	8
159	4	\N	\N	2025-07-22 06:49:19.063079+00	19	8
160	3	\N	\N	2025-07-22 06:49:19.074952+00	20	8
161	5	\N	\N	2025-07-22 06:49:29.065254+00	1	9
162	5	\N	\N	2025-07-22 06:49:29.074495+00	2	9
163	5	\N	\N	2025-07-22 06:49:29.085796+00	3	9
164	5	\N	\N	2025-07-22 06:49:29.121974+00	4	9
165	5	\N	\N	2025-07-22 06:49:29.162164+00	5	9
166	5	\N	\N	2025-07-22 06:49:29.18126+00	6	9
167	5	\N	\N	2025-07-22 06:49:29.192457+00	7	9
168	5	\N	\N	2025-07-22 06:49:29.202648+00	8	9
169	5	\N	\N	2025-07-22 06:49:29.213379+00	9	9
170	4	\N	\N	2025-07-22 06:49:29.224698+00	10	9
171	5	\N	\N	2025-07-22 06:49:29.23459+00	11	9
172	5	\N	\N	2025-07-22 06:49:29.243652+00	12	9
173	5	\N	\N	2025-07-22 06:49:29.261282+00	13	9
174	5	\N	\N	2025-07-22 06:49:29.271168+00	14	9
175	5	\N	\N	2025-07-22 06:49:29.280702+00	15	9
176	5	\N	\N	2025-07-22 06:49:29.289059+00	16	9
177	5	\N	\N	2025-07-22 06:49:29.345672+00	17	9
178	4	\N	\N	2025-07-22 06:49:29.371051+00	18	9
179	5	\N	\N	2025-07-22 06:49:29.393124+00	19	9
180	5	\N	\N	2025-07-22 06:49:29.420316+00	20	9
181	4	\N	\N	2025-07-22 06:49:46.000729+00	1	10
182	4	\N	\N	2025-07-22 06:49:46.012784+00	2	10
183	3	\N	\N	2025-07-22 06:49:46.023761+00	3	10
184	5	\N	\N	2025-07-22 06:49:46.036158+00	4	10
185	3	\N	\N	2025-07-22 06:49:46.04601+00	5	10
186	5	\N	\N	2025-07-22 06:49:46.057179+00	6	10
187	5	\N	\N	2025-07-22 06:49:46.068844+00	7	10
188	5	\N	\N	2025-07-22 06:49:46.079158+00	8	10
189	3	\N	\N	2025-07-22 06:49:46.088432+00	9	10
190	4	\N	\N	2025-07-22 06:49:46.10574+00	10	10
191	3	\N	\N	2025-07-22 06:49:46.115811+00	11	10
192	3	\N	\N	2025-07-22 06:49:46.12657+00	12	10
193	5	\N	\N	2025-07-22 06:49:46.143774+00	13	10
194	3	\N	\N	2025-07-22 06:49:46.178804+00	14	10
195	4	\N	\N	2025-07-22 06:49:46.220935+00	15	10
196	5	\N	\N	2025-07-22 06:49:46.242576+00	16	10
197	3	\N	\N	2025-07-22 06:49:46.253436+00	17	10
198	5	\N	\N	2025-07-22 06:49:46.268927+00	18	10
199	4	\N	\N	2025-07-22 06:49:46.282313+00	19	10
200	2	\N	\N	2025-07-22 06:49:46.302963+00	20	10
201	4	\N	\N	2025-07-22 06:49:51.229416+00	1	11
202	3	\N	\N	2025-07-22 06:49:51.240463+00	2	11
203	4	\N	\N	2025-07-22 06:49:51.250739+00	3	11
204	4	\N	\N	2025-07-22 06:49:51.26026+00	4	11
205	4	\N	\N	2025-07-22 06:49:51.270047+00	5	11
206	3	\N	\N	2025-07-22 06:49:51.286244+00	6	11
207	5	\N	\N	2025-07-22 06:49:51.295433+00	7	11
208	3	\N	\N	2025-07-22 06:49:51.30615+00	8	11
209	4	\N	\N	2025-07-22 06:49:51.31581+00	9	11
210	5	\N	\N	2025-07-22 06:49:51.329882+00	10	11
211	4	\N	\N	2025-07-22 06:49:51.340335+00	11	11
212	4	\N	\N	2025-07-22 06:49:51.350953+00	12	11
213	4	\N	\N	2025-07-22 06:49:51.36653+00	13	11
214	4	\N	\N	2025-07-22 06:49:51.37597+00	14	11
215	4	\N	\N	2025-07-22 06:49:51.389262+00	15	11
216	4	\N	\N	2025-07-22 06:49:51.411822+00	16	11
217	4	\N	\N	2025-07-22 06:49:51.421448+00	17	11
218	4	\N	\N	2025-07-22 06:49:51.431882+00	18	11
219	4	\N	\N	2025-07-22 06:49:51.442024+00	19	11
220	4	\N	\N	2025-07-22 06:49:51.451633+00	20	11
221	4	\N	\N	2025-07-22 06:50:00.920319+00	1	12
222	4	\N	\N	2025-07-22 06:50:00.93014+00	2	12
223	3	\N	\N	2025-07-22 06:50:00.941616+00	3	12
224	5	\N	\N	2025-07-22 06:50:00.952169+00	4	12
225	3	\N	\N	2025-07-22 06:50:00.961697+00	5	12
226	5	\N	\N	2025-07-22 06:50:00.987107+00	6	12
227	5	\N	\N	2025-07-22 06:50:00.998949+00	7	12
228	5	\N	\N	2025-07-22 06:50:01.009821+00	8	12
229	3	\N	\N	2025-07-22 06:50:01.019907+00	9	12
230	4	\N	\N	2025-07-22 06:50:01.029143+00	10	12
231	3	\N	\N	2025-07-22 06:50:01.039043+00	11	12
232	3	\N	\N	2025-07-22 06:50:01.048286+00	12	12
233	5	\N	\N	2025-07-22 06:50:01.060911+00	13	12
234	3	\N	\N	2025-07-22 06:50:01.07149+00	14	12
235	4	\N	\N	2025-07-22 06:50:01.101306+00	15	12
236	5	\N	\N	2025-07-22 06:50:01.111906+00	16	12
237	3	\N	\N	2025-07-22 06:50:01.121303+00	17	12
238	5	\N	\N	2025-07-22 06:50:01.131631+00	18	12
239	4	\N	\N	2025-07-22 06:50:01.161405+00	19	12
240	3	\N	\N	2025-07-22 06:50:01.201664+00	20	12
241	4	\N	\N	2025-07-22 06:50:13.91342+00	1	13
242	3	\N	\N	2025-07-22 06:50:13.931276+00	2	13
243	4	\N	\N	2025-07-22 06:50:13.942211+00	3	13
244	4	\N	\N	2025-07-22 06:50:13.951708+00	4	13
245	3	\N	\N	2025-07-22 06:50:13.961448+00	5	13
246	4	\N	\N	2025-07-22 06:50:13.97159+00	6	13
247	5	\N	\N	2025-07-22 06:50:13.981135+00	7	13
248	5	\N	\N	2025-07-22 06:50:13.992328+00	8	13
249	4	\N	\N	2025-07-22 06:50:14.002612+00	9	13
250	4	\N	\N	2025-07-22 06:50:14.013511+00	10	13
251	4	\N	\N	2025-07-22 06:50:14.02397+00	11	13
252	4	\N	\N	2025-07-22 06:50:14.035228+00	12	13
253	4	\N	\N	2025-07-22 06:50:14.047384+00	13	13
254	4	\N	\N	2025-07-22 06:50:14.056418+00	14	13
255	4	\N	\N	2025-07-22 06:50:14.068286+00	15	13
256	3	\N	\N	2025-07-22 06:50:14.078237+00	16	13
257	3	\N	\N	2025-07-22 06:50:14.08766+00	17	13
258	4	\N	\N	2025-07-22 06:50:14.103962+00	18	13
259	4	\N	\N	2025-07-22 06:50:14.113986+00	19	13
260	4	\N	\N	2025-07-22 06:50:14.123915+00	20	13
261	4	\N	\N	2025-07-22 06:50:20.350828+00	1	14
262	4	\N	\N	2025-07-22 06:50:20.360473+00	2	14
263	4	\N	\N	2025-07-22 06:50:20.381214+00	3	14
264	4	\N	\N	2025-07-22 06:50:20.400092+00	4	14
265	3	\N	\N	2025-07-22 06:50:20.409016+00	5	14
266	4	\N	\N	2025-07-22 06:50:20.4193+00	6	14
267	5	\N	\N	2025-07-22 06:50:20.427201+00	7	14
268	3	\N	\N	2025-07-22 06:50:20.436442+00	8	14
269	3	\N	\N	2025-07-22 06:50:20.445651+00	9	14
270	4	\N	\N	2025-07-22 06:50:20.454717+00	10	14
271	4	\N	\N	2025-07-22 06:50:20.463295+00	11	14
272	4	\N	\N	2025-07-22 06:50:20.473584+00	12	14
273	3	\N	\N	2025-07-22 06:50:20.484933+00	13	14
274	2	\N	\N	2025-07-22 06:50:20.501938+00	14	14
275	3	\N	\N	2025-07-22 06:50:20.512215+00	15	14
276	5	\N	\N	2025-07-22 06:50:20.528904+00	16	14
277	3	\N	\N	2025-07-22 06:50:20.538168+00	17	14
278	4	\N	\N	2025-07-22 06:50:20.547448+00	18	14
279	5	\N	\N	2025-07-22 06:50:20.557709+00	19	14
280	4	\N	\N	2025-07-22 06:50:20.567795+00	20	14
281	4	\N	\N	2025-07-22 06:50:24.502498+00	1	15
282	3	\N	\N	2025-07-22 06:50:24.513722+00	2	15
283	5	\N	\N	2025-07-22 06:50:24.523819+00	3	15
284	4	\N	\N	2025-07-22 06:50:24.534113+00	4	15
285	3	\N	\N	2025-07-22 06:50:24.545994+00	5	15
286	3	\N	\N	2025-07-22 06:50:24.555822+00	6	15
287	4	\N	\N	2025-07-22 06:50:24.567598+00	7	15
288	3	\N	\N	2025-07-22 06:50:24.57761+00	8	15
289	5	\N	\N	2025-07-22 06:50:24.587818+00	9	15
290	4	\N	\N	2025-07-22 06:50:24.601836+00	10	15
291	4	\N	\N	2025-07-22 06:50:24.611648+00	11	15
292	3	\N	\N	2025-07-22 06:50:24.644678+00	12	15
293	5	\N	\N	2025-07-22 06:50:24.693817+00	13	15
294	2	\N	\N	2025-07-22 06:50:24.704114+00	14	15
295	4	\N	\N	2025-07-22 06:50:24.713267+00	15	15
296	3	\N	\N	2025-07-22 06:50:24.723377+00	16	15
297	4	\N	\N	2025-07-22 06:50:24.733529+00	17	15
298	3	\N	\N	2025-07-22 06:50:24.742591+00	18	15
299	4	\N	\N	2025-07-22 06:50:24.75328+00	19	15
300	4	\N	\N	2025-07-22 06:50:24.762479+00	20	15
301	4	\N	\N	2025-07-22 06:50:31.99957+00	1	16
302	3	\N	\N	2025-07-22 06:50:32.01045+00	2	16
303	3	\N	\N	2025-07-22 06:50:32.019705+00	3	16
304	5	\N	\N	2025-07-22 06:50:32.03081+00	4	16
305	2	\N	\N	2025-07-22 06:50:32.04113+00	5	16
306	4	\N	\N	2025-07-22 06:50:32.053278+00	6	16
307	5	\N	\N	2025-07-22 06:50:32.063049+00	7	16
308	4	\N	\N	2025-07-22 06:50:32.072278+00	8	16
309	4	\N	\N	2025-07-22 06:50:32.08234+00	9	16
310	4	\N	\N	2025-07-22 06:50:32.098672+00	10	16
311	4	\N	\N	2025-07-22 06:50:32.108105+00	11	16
312	3	\N	\N	2025-07-22 06:50:32.117114+00	12	16
313	3	\N	\N	2025-07-22 06:50:32.128865+00	13	16
314	4	\N	\N	2025-07-22 06:50:32.14008+00	14	16
315	3	\N	\N	2025-07-22 06:50:32.149267+00	15	16
316	4	\N	\N	2025-07-22 06:50:32.160291+00	16	16
317	3	\N	\N	2025-07-22 06:50:32.172011+00	17	16
318	5	\N	\N	2025-07-22 06:50:32.181789+00	18	16
319	3	\N	\N	2025-07-22 06:50:32.195841+00	19	16
320	4	\N	\N	2025-07-22 06:50:32.209115+00	20	16
321	4	\N	\N	2025-07-22 06:50:33.300938+00	1	17
322	3	\N	\N	2025-07-22 06:50:33.340714+00	2	17
323	3	\N	\N	2025-07-22 06:50:33.370776+00	3	17
324	5	\N	\N	2025-07-22 06:50:33.384396+00	4	17
325	2	\N	\N	2025-07-22 06:50:33.404353+00	5	17
326	4	\N	\N	2025-07-22 06:50:33.415897+00	6	17
327	5	\N	\N	2025-07-22 06:50:33.425574+00	7	17
328	4	\N	\N	2025-07-22 06:50:33.435695+00	8	17
329	4	\N	\N	2025-07-22 06:50:33.449697+00	9	17
330	4	\N	\N	2025-07-22 06:50:33.461368+00	10	17
331	4	\N	\N	2025-07-22 06:50:33.472011+00	11	17
332	3	\N	\N	2025-07-22 06:50:33.48427+00	12	17
333	3	\N	\N	2025-07-22 06:50:33.500879+00	13	17
334	4	\N	\N	2025-07-22 06:50:33.51102+00	14	17
335	3	\N	\N	2025-07-22 06:50:33.533743+00	15	17
336	4	\N	\N	2025-07-22 06:50:33.568697+00	16	17
337	3	\N	\N	2025-07-22 06:50:33.600481+00	17	17
338	5	\N	\N	2025-07-22 06:50:33.621384+00	18	17
339	3	\N	\N	2025-07-22 06:50:33.634844+00	19	17
340	4	\N	\N	2025-07-22 06:50:33.647419+00	20	17
341	4	\N	\N	2025-07-22 06:50:41.612811+00	1	18
342	3	\N	\N	2025-07-22 06:50:41.626932+00	2	18
343	4	\N	\N	2025-07-22 06:50:41.639905+00	3	18
344	4	\N	\N	2025-07-22 06:50:41.651777+00	4	18
345	3	\N	\N	2025-07-22 06:50:41.661744+00	5	18
346	4	\N	\N	2025-07-22 06:50:41.674647+00	6	18
347	5	\N	\N	2025-07-22 06:50:41.685218+00	7	18
348	4	\N	\N	2025-07-22 06:50:41.700689+00	8	18
349	3	\N	\N	2025-07-22 06:50:41.710855+00	9	18
350	5	\N	\N	2025-07-22 06:50:41.721073+00	10	18
351	3	\N	\N	2025-07-22 06:50:41.73049+00	11	18
352	3	\N	\N	2025-07-22 06:50:41.740781+00	12	18
353	5	\N	\N	2025-07-22 06:50:41.75032+00	13	18
354	3	\N	\N	2025-07-22 06:50:41.760783+00	14	18
355	3	\N	\N	2025-07-22 06:50:41.77067+00	15	18
356	3	\N	\N	2025-07-22 06:50:41.780097+00	16	18
357	4	\N	\N	2025-07-22 06:50:41.79431+00	17	18
358	5	\N	\N	2025-07-22 06:50:41.804313+00	18	18
359	5	\N	\N	2025-07-22 06:50:41.813678+00	19	18
360	4	\N	\N	2025-07-22 06:50:41.840697+00	20	18
361	4	\N	\N	2025-07-22 06:50:51.632494+00	1	19
362	4	\N	\N	2025-07-22 06:50:51.653964+00	2	19
363	4	\N	\N	2025-07-22 06:50:51.665868+00	3	19
364	4	\N	\N	2025-07-22 06:50:51.679957+00	4	19
365	4	\N	\N	2025-07-22 06:50:51.699409+00	5	19
366	3	\N	\N	2025-07-22 06:50:51.710799+00	6	19
367	3	\N	\N	2025-07-22 06:50:51.721919+00	7	19
368	3	\N	\N	2025-07-22 06:50:51.732431+00	8	19
369	3	\N	\N	2025-07-22 06:50:51.742923+00	9	19
370	3	\N	\N	2025-07-22 06:50:51.753886+00	10	19
371	4	\N	\N	2025-07-22 06:50:51.763786+00	11	19
372	4	\N	\N	2025-07-22 06:50:51.785572+00	12	19
373	5	\N	\N	2025-07-22 06:50:51.826859+00	13	19
374	3	\N	\N	2025-07-22 06:50:51.857094+00	14	19
375	5	\N	\N	2025-07-22 06:50:51.868236+00	15	19
376	3	\N	\N	2025-07-22 06:50:51.878665+00	16	19
377	4	\N	\N	2025-07-22 06:50:51.888513+00	17	19
378	4	\N	\N	2025-07-22 06:50:51.899334+00	18	19
379	3	\N	\N	2025-07-22 06:50:51.910555+00	19	19
380	5	\N	\N	2025-07-22 06:50:51.921074+00	20	19
381	4	\N	\N	2025-07-22 06:50:52.40462+00	1	20
382	4	\N	\N	2025-07-22 06:50:52.415674+00	2	20
383	4	\N	\N	2025-07-22 06:50:52.428653+00	3	20
384	4	\N	\N	2025-07-22 06:50:52.438206+00	4	20
385	4	\N	\N	2025-07-22 06:50:52.456409+00	5	20
386	3	\N	\N	2025-07-22 06:50:52.466552+00	6	20
387	3	\N	\N	2025-07-22 06:50:52.478424+00	7	20
388	3	\N	\N	2025-07-22 06:50:52.497642+00	8	20
389	3	\N	\N	2025-07-22 06:50:52.528412+00	9	20
390	3	\N	\N	2025-07-22 06:50:52.546084+00	10	20
391	4	\N	\N	2025-07-22 06:50:52.562566+00	11	20
392	4	\N	\N	2025-07-22 06:50:52.575664+00	12	20
393	5	\N	\N	2025-07-22 06:50:52.60573+00	13	20
394	3	\N	\N	2025-07-22 06:50:52.620232+00	14	20
395	5	\N	\N	2025-07-22 06:50:52.631043+00	15	20
396	3	\N	\N	2025-07-22 06:50:52.644287+00	16	20
397	4	\N	\N	2025-07-22 06:50:52.65549+00	17	20
398	4	\N	\N	2025-07-22 06:50:52.668852+00	18	20
399	3	\N	\N	2025-07-22 06:50:52.726141+00	19	20
400	5	\N	\N	2025-07-22 06:50:52.749969+00	20	20
401	3	\N	\N	2025-07-22 06:51:14.947453+00	1	21
402	4	\N	\N	2025-07-22 06:51:14.960245+00	2	21
403	3	\N	\N	2025-07-22 06:51:14.970332+00	3	21
404	3	\N	\N	2025-07-22 06:51:14.981936+00	4	21
405	4	\N	\N	2025-07-22 06:51:14.991678+00	5	21
406	4	\N	\N	2025-07-22 06:51:15.001227+00	6	21
407	4	\N	\N	2025-07-22 06:51:15.010587+00	7	21
408	3	\N	\N	2025-07-22 06:51:15.022213+00	8	21
409	4	\N	\N	2025-07-22 06:51:15.033336+00	9	21
410	4	\N	\N	2025-07-22 06:51:15.045145+00	10	21
411	3	\N	\N	2025-07-22 06:51:15.057167+00	11	21
412	3	\N	\N	2025-07-22 06:51:15.069342+00	12	21
413	4	\N	\N	2025-07-22 06:51:15.081716+00	13	21
414	4	\N	\N	2025-07-22 06:51:15.098645+00	14	21
415	3	\N	\N	2025-07-22 06:51:15.108517+00	15	21
416	4	\N	\N	2025-07-22 06:51:15.120131+00	16	21
417	4	\N	\N	2025-07-22 06:51:15.131807+00	17	21
418	4	\N	\N	2025-07-22 06:51:15.143237+00	18	21
419	4	\N	\N	2025-07-22 06:51:15.152211+00	19	21
420	4	\N	\N	2025-07-22 06:51:15.189723+00	20	21
421	3	\N	\N	2025-07-22 06:51:24.371438+00	1	22
422	4	\N	\N	2025-07-22 06:51:24.384883+00	2	22
423	4	\N	\N	2025-07-22 06:51:24.3963+00	3	22
424	3	\N	\N	2025-07-22 06:51:24.406974+00	4	22
425	3	\N	\N	2025-07-22 06:51:24.418159+00	5	22
426	5	\N	\N	2025-07-22 06:51:24.432028+00	6	22
427	4	\N	\N	2025-07-22 06:51:24.445877+00	7	22
428	4	\N	\N	2025-07-22 06:51:24.457251+00	8	22
429	4	\N	\N	2025-07-22 06:51:24.470021+00	9	22
430	5	\N	\N	2025-07-22 06:51:24.480365+00	10	22
431	4	\N	\N	2025-07-22 06:51:24.490339+00	11	22
432	4	\N	\N	2025-07-22 06:51:24.501635+00	12	22
433	4	\N	\N	2025-07-22 06:51:24.511345+00	13	22
434	4	\N	\N	2025-07-22 06:51:24.52088+00	14	22
435	4	\N	\N	2025-07-22 06:51:24.532103+00	15	22
436	4	\N	\N	2025-07-22 06:51:24.543051+00	16	22
437	4	\N	\N	2025-07-22 06:51:24.552327+00	17	22
438	4	\N	\N	2025-07-22 06:51:24.561909+00	18	22
439	5	\N	\N	2025-07-22 06:51:24.574319+00	19	22
440	5	\N	\N	2025-07-22 06:51:24.588141+00	20	22
441	3	\N	\N	2025-07-22 06:51:25.92763+00	1	23
442	4	\N	\N	2025-07-22 06:51:25.938808+00	2	23
443	3	\N	\N	2025-07-22 06:51:25.948756+00	3	23
444	4	\N	\N	2025-07-22 06:51:25.958188+00	4	23
445	3	\N	\N	2025-07-22 06:51:25.974104+00	5	23
446	4	\N	\N	2025-07-22 06:51:25.98466+00	6	23
447	4	\N	\N	2025-07-22 06:51:25.995036+00	7	23
448	3	\N	\N	2025-07-22 06:51:26.013658+00	8	23
449	4	\N	\N	2025-07-22 06:51:26.023517+00	9	23
450	5	\N	\N	2025-07-22 06:51:26.03561+00	10	23
451	3	\N	\N	2025-07-22 06:51:26.045669+00	11	23
452	4	\N	\N	2025-07-22 06:51:26.055849+00	12	23
453	3	\N	\N	2025-07-22 06:51:26.067704+00	13	23
454	4	\N	\N	2025-07-22 06:51:26.077038+00	14	23
455	4	\N	\N	2025-07-22 06:51:26.088131+00	15	23
456	5	\N	\N	2025-07-22 06:51:26.099568+00	16	23
457	3	\N	\N	2025-07-22 06:51:26.108724+00	17	23
458	5	\N	\N	2025-07-22 06:51:26.117862+00	18	23
459	5	\N	\N	2025-07-22 06:51:26.127519+00	19	23
460	3	\N	\N	2025-07-22 06:51:26.136658+00	20	23
461	4	\N	\N	2025-07-22 06:51:26.707922+00	1	24
462	3	\N	\N	2025-07-22 06:51:26.719168+00	2	24
463	4	\N	\N	2025-07-22 06:51:26.732074+00	3	24
464	4	\N	\N	2025-07-22 06:51:26.744925+00	4	24
465	4	\N	\N	2025-07-22 06:51:26.755783+00	5	24
466	4	\N	\N	2025-07-22 06:51:26.771941+00	6	24
467	4	\N	\N	2025-07-22 06:51:26.78673+00	7	24
468	3	\N	\N	2025-07-22 06:51:26.804869+00	8	24
469	4	\N	\N	2025-07-22 06:51:26.816375+00	9	24
470	4	\N	\N	2025-07-22 06:51:26.826998+00	10	24
471	3	\N	\N	2025-07-22 06:51:26.83966+00	11	24
472	3	\N	\N	2025-07-22 06:51:26.861196+00	12	24
473	3	\N	\N	2025-07-22 06:51:26.891603+00	13	24
474	4	\N	\N	2025-07-22 06:51:26.934112+00	14	24
475	3	\N	\N	2025-07-22 06:51:26.985306+00	15	24
476	4	\N	\N	2025-07-22 06:51:27.004439+00	16	24
477	4	\N	\N	2025-07-22 06:51:27.015927+00	17	24
478	4	\N	\N	2025-07-22 06:51:27.025421+00	18	24
479	3	\N	\N	2025-07-22 06:51:27.035542+00	19	24
480	4	\N	\N	2025-07-22 06:51:27.04474+00	20	24
481	1	\N	\N	2025-07-22 06:51:34.052782+00	1	25
482	3	\N	\N	2025-07-22 06:51:34.066675+00	2	25
483	3	\N	\N	2025-07-22 06:51:34.094306+00	3	25
484	3	\N	\N	2025-07-22 06:51:34.106297+00	4	25
485	1	\N	\N	2025-07-22 06:51:34.117436+00	5	25
486	4	\N	\N	2025-07-22 06:51:34.12693+00	6	25
487	3	\N	\N	2025-07-22 06:51:34.135793+00	7	25
488	1	\N	\N	2025-07-22 06:51:34.146885+00	8	25
489	3	\N	\N	2025-07-22 06:51:34.157241+00	9	25
490	4	\N	\N	2025-07-22 06:51:34.167055+00	10	25
491	3	\N	\N	2025-07-22 06:51:34.178051+00	11	25
492	3	\N	\N	2025-07-22 06:51:34.187591+00	12	25
493	4	\N	\N	2025-07-22 06:51:34.200638+00	13	25
494	4	\N	\N	2025-07-22 06:51:34.209992+00	14	25
495	3	\N	\N	2025-07-22 06:51:34.219852+00	15	25
496	2	\N	\N	2025-07-22 06:51:34.23033+00	16	25
497	3	\N	\N	2025-07-22 06:51:34.248971+00	17	25
498	4	\N	\N	2025-07-22 06:51:34.258401+00	18	25
499	4	\N	\N	2025-07-22 06:51:34.268648+00	19	25
500	4	\N	\N	2025-07-22 06:51:34.278767+00	20	25
501	4	\N	\N	2025-07-22 06:51:38.678255+00	1	26
502	4	\N	\N	2025-07-22 06:51:38.689353+00	2	26
503	4	\N	\N	2025-07-22 06:51:38.699908+00	3	26
504	5	\N	\N	2025-07-22 06:51:38.708961+00	4	26
505	3	\N	\N	2025-07-22 06:51:38.718191+00	5	26
506	5	\N	\N	2025-07-22 06:51:38.733338+00	6	26
507	4	\N	\N	2025-07-22 06:51:38.744821+00	7	26
508	3	\N	\N	2025-07-22 06:51:38.754502+00	8	26
509	3	\N	\N	2025-07-22 06:51:38.76415+00	9	26
510	4	\N	\N	2025-07-22 06:51:38.773176+00	10	26
511	3	\N	\N	2025-07-22 06:51:38.782961+00	11	26
512	4	\N	\N	2025-07-22 06:51:38.796541+00	12	26
513	3	\N	\N	2025-07-22 06:51:38.806298+00	13	26
514	3	\N	\N	2025-07-22 06:51:38.817048+00	14	26
515	3	\N	\N	2025-07-22 06:51:38.82613+00	15	26
516	4	\N	\N	2025-07-22 06:51:38.837647+00	16	26
517	3	\N	\N	2025-07-22 06:51:38.847853+00	17	26
518	4	\N	\N	2025-07-22 06:51:38.858622+00	18	26
519	4	\N	\N	2025-07-22 06:51:38.872249+00	19	26
520	3	\N	\N	2025-07-22 06:51:38.882102+00	20	26
521	4	\N	\N	2025-07-22 06:52:05.977031+00	1	27
522	3	\N	\N	2025-07-22 06:52:05.987457+00	2	27
523	4	\N	\N	2025-07-22 06:52:06.007978+00	3	27
524	4	\N	\N	2025-07-22 06:52:06.021563+00	4	27
525	4	\N	\N	2025-07-22 06:52:06.030235+00	5	27
526	4	\N	\N	2025-07-22 06:52:06.044341+00	6	27
527	4	\N	\N	2025-07-22 06:52:06.054853+00	7	27
528	3	\N	\N	2025-07-22 06:52:06.063237+00	8	27
529	4	\N	\N	2025-07-22 06:52:06.072242+00	9	27
530	4	\N	\N	2025-07-22 06:52:06.086913+00	10	27
531	3	\N	\N	2025-07-22 06:52:06.104311+00	11	27
532	3	\N	\N	2025-07-22 06:52:06.127129+00	12	27
533	3	\N	\N	2025-07-22 06:52:06.136108+00	13	27
534	4	\N	\N	2025-07-22 06:52:06.146368+00	14	27
535	3	\N	\N	2025-07-22 06:52:06.158169+00	15	27
536	4	\N	\N	2025-07-22 06:52:06.168643+00	16	27
537	3	\N	\N	2025-07-22 06:52:06.183216+00	17	27
538	4	\N	\N	2025-07-22 06:52:06.207543+00	18	27
539	5	\N	\N	2025-07-22 06:52:06.218278+00	19	27
540	4	\N	\N	2025-07-22 06:52:06.228201+00	20	27
541	3	\N	\N	2025-07-22 06:52:23.566565+00	1	28
542	3	\N	\N	2025-07-22 06:52:23.576705+00	2	28
543	3	\N	\N	2025-07-22 06:52:23.594059+00	3	28
544	3	\N	\N	2025-07-22 06:52:23.614199+00	4	28
545	3	\N	\N	2025-07-22 06:52:23.644302+00	5	28
546	3	\N	\N	2025-07-22 06:52:23.664427+00	6	28
547	3	\N	\N	2025-07-22 06:52:23.684607+00	7	28
548	3	\N	\N	2025-07-22 06:52:23.704624+00	8	28
549	3	\N	\N	2025-07-22 06:52:23.734684+00	9	28
550	3	\N	\N	2025-07-22 06:52:23.757259+00	10	28
551	3	\N	\N	2025-07-22 06:52:23.768162+00	11	28
552	3	\N	\N	2025-07-22 06:52:23.779194+00	12	28
553	3	\N	\N	2025-07-22 06:52:23.808338+00	13	28
554	3	\N	\N	2025-07-22 06:52:23.821242+00	14	28
555	3	\N	\N	2025-07-22 06:52:23.831218+00	15	28
556	3	\N	\N	2025-07-22 06:52:23.856789+00	16	28
557	3	\N	\N	2025-07-22 06:52:23.869935+00	17	28
558	3	\N	\N	2025-07-22 06:52:23.900302+00	18	28
559	3	\N	\N	2025-07-22 06:52:23.917576+00	19	28
560	3	\N	\N	2025-07-22 06:52:23.927619+00	20	28
561	4	\N	\N	2025-07-22 06:53:03.188872+00	1	29
562	4	\N	\N	2025-07-22 06:53:03.201031+00	2	29
563	3	\N	\N	2025-07-22 06:53:03.211917+00	3	29
564	3	\N	\N	2025-07-22 06:53:03.2221+00	4	29
565	2	\N	\N	2025-07-22 06:53:03.232523+00	5	29
566	4	\N	\N	2025-07-22 06:53:03.24202+00	6	29
567	3	\N	\N	2025-07-22 06:53:03.254568+00	7	29
568	4	\N	\N	2025-07-22 06:53:03.264408+00	8	29
569	2	\N	\N	2025-07-22 06:53:03.276484+00	9	29
570	2	\N	\N	2025-07-22 06:53:03.2984+00	10	29
571	4	\N	\N	2025-07-22 06:53:03.308245+00	11	29
572	3	\N	\N	2025-07-22 06:53:03.318162+00	12	29
573	3	\N	\N	2025-07-22 06:53:03.32831+00	13	29
574	2	\N	\N	2025-07-22 06:53:03.33919+00	14	29
575	3	\N	\N	2025-07-22 06:53:03.348893+00	15	29
576	4	\N	\N	2025-07-22 06:53:03.358517+00	16	29
577	3	\N	\N	2025-07-22 06:53:03.370206+00	17	29
578	4	\N	\N	2025-07-22 06:53:03.380658+00	18	29
579	3	\N	\N	2025-07-22 06:53:03.397357+00	19	29
580	3	\N	\N	2025-07-22 06:53:03.408075+00	20	29
581	5	\N	\N	2025-07-22 06:54:45.020158+00	1	30
582	3	\N	\N	2025-07-22 06:54:45.030095+00	2	30
583	4	\N	\N	2025-07-22 06:54:45.039472+00	3	30
584	4	\N	\N	2025-07-22 06:54:45.050069+00	4	30
585	4	\N	\N	2025-07-22 06:54:45.063778+00	5	30
586	4	\N	\N	2025-07-22 06:54:45.076864+00	6	30
587	5	\N	\N	2025-07-22 06:54:45.08694+00	7	30
588	3	\N	\N	2025-07-22 06:54:45.103899+00	8	30
589	4	\N	\N	2025-07-22 06:54:45.113667+00	9	30
590	3	\N	\N	2025-07-22 06:54:45.123957+00	10	30
591	5	\N	\N	2025-07-22 06:54:45.135434+00	11	30
592	5	\N	\N	2025-07-22 06:54:45.145119+00	12	30
593	5	\N	\N	2025-07-22 06:54:45.155558+00	13	30
594	5	\N	\N	2025-07-22 06:54:45.165895+00	14	30
595	4	\N	\N	2025-07-22 06:54:45.176582+00	15	30
596	4	\N	\N	2025-07-22 06:54:45.187914+00	16	30
597	3	\N	\N	2025-07-22 06:54:45.203653+00	17	30
598	4	\N	\N	2025-07-22 06:54:45.225813+00	18	30
599	4	\N	\N	2025-07-22 06:54:45.235133+00	19	30
600	3	\N	\N	2025-07-22 06:54:45.246233+00	20	30
601	5	\N	\N	2025-07-22 06:56:37.541251+00	1	31
602	5	\N	\N	2025-07-22 06:56:37.552945+00	2	31
603	5	\N	\N	2025-07-22 06:56:37.568114+00	3	31
604	5	\N	\N	2025-07-22 06:56:37.578163+00	4	31
605	4	\N	\N	2025-07-22 06:56:37.587683+00	5	31
606	4	\N	\N	2025-07-22 06:56:37.598406+00	6	31
607	4	\N	\N	2025-07-22 06:56:37.608318+00	7	31
608	4	\N	\N	2025-07-22 06:56:37.617576+00	8	31
609	4	\N	\N	2025-07-22 06:56:37.627195+00	9	31
610	4	\N	\N	2025-07-22 06:56:37.642724+00	10	31
611	4	\N	\N	2025-07-22 06:56:37.652395+00	11	31
612	5	\N	\N	2025-07-22 06:56:37.661271+00	12	31
613	4	\N	\N	2025-07-22 06:56:37.672662+00	13	31
614	3	\N	\N	2025-07-22 06:56:37.682999+00	14	31
615	3	\N	\N	2025-07-22 06:56:37.693588+00	15	31
616	4	\N	\N	2025-07-22 06:56:37.702734+00	16	31
617	4	\N	\N	2025-07-22 06:56:37.712935+00	17	31
618	5	\N	\N	2025-07-22 06:56:37.722872+00	18	31
619	4	\N	\N	2025-07-22 06:56:37.73228+00	19	31
620	4	\N	\N	2025-07-22 06:56:37.742671+00	20	31
\.


--
-- Data for Name: pramlearnapp_arcsquestion; Type: TABLE DATA; Schema: public; Owner: pramadmin
--

COPY public.pramlearnapp_arcsquestion (id, text, dimension, question_type, "order", is_required, choice_a, choice_b, choice_c, choice_d, choice_e, scale_min, scale_max, scale_label_min, scale_label_max, created_at, updated_at, questionnaire_id) FROM stdin;
1	Cara guru memulai pelajaran dan menyajikan materi ini menarik perhatian saya.	attention	likert_5	1	t	\N	\N	\N	\N	\N	1	5	Sangat Tidak Setuju	Sangat Setuju	2025-07-01 08:00:00+00	2025-07-01 08:00:00+00	1
2	Penggunaan analogi dan contoh-contoh (seperti restoran atau lalu lintas) membuat saya lebih tertarik untuk memahami materi jaringan.	attention	likert_5	2	t	\N	\N	\N	\N	\N	1	5	Sangat Tidak Setuju	Sangat Setuju	2025-07-01 08:00:00+00	2025-07-01 08:00:00+00	1
3	Variasi kegiatan belajar (penjelasan guru, diskusi tim, dan kuis di LMS) membuat saya tidak merasa bosan.	attention	likert_5	3	t	\N	\N	\N	\N	\N	1	5	Sangat Tidak Setuju	Sangat Setuju	2025-07-01 08:00:00+00	2025-07-01 08:00:00+00	1
4	Topik tentang cara kerja jaringan komputer adalah sesuatu yang baru dan membuat saya penasaran.	attention	likert_5	4	t	\N	\N	\N	\N	\N	1	5	Sangat Tidak Setuju	Sangat Setuju	2025-07-01 08:00:00+00	2025-07-01 08:00:00+00	1
5	Secara keseluruhan, pembelajaran ini disajikan dengan cara yang tidak monoton dan mampu menjaga fokus saya.	attention	likert_5	5	t	\N	\N	\N	\N	\N	1	5	Sangat Tidak Setuju	Sangat Setuju	2025-07-01 08:00:00+00	2025-07-01 08:00:00+00	1
6	Materi tentang jaringan komputer ini terasa bermanfaat karena berhubungan langsung dengan cara saya menggunakan internet setiap hari.	relevance	likert_5	6	t	\N	\N	\N	\N	\N	1	5	Sangat Tidak Setuju	Sangat Setuju	2025-07-01 08:00:00+00	2025-07-01 08:00:00+00	1
7	Saya merasa bahwa mempelajari konsep dasar jaringan ini sangat penting untuk karir saya di bidang TKJ di masa depan.	relevance	likert_5	7	t	\N	\N	\N	\N	\N	1	5	Sangat Tidak Setuju	Sangat Setuju	2025-07-01 08:00:00+00	2025-07-01 08:00:00+00	1
8	Saya bisa melihat hubungan antara materi yang diajarkan dengan hobi atau minat saya (misalnya, bermain game online).	relevance	likert_5	8	t	\N	\N	\N	\N	\N	1	5	Sangat Tidak Setuju	Sangat Setuju	2025-07-01 08:00:00+00	2025-07-01 08:00:00+00	1
9	Tujuan pembelajaran yang disampaikan di awal pelajaran terasa sesuai dengan apa yang ingin saya ketahui.	relevance	likert_5	9	t	\N	\N	\N	\N	\N	1	5	Sangat Tidak Setuju	Sangat Setuju	2025-07-01 08:00:00+00	2025-07-01 08:00:00+00	1
10	Keterampilan dalam merancang jaringan dasar yang diajarkan adalah keterampilan yang berguna dan bisa saya pakai nantinya.	relevance	likert_5	10	t	\N	\N	\N	\N	\N	1	5	Sangat Tidak Setuju	Sangat Setuju	2025-07-01 08:00:00+00	2025-07-01 08:00:00+00	1
11	Saya merasa tujuan pembelajaran yang harus dicapai dalam pertemuan ini cukup jelas dan saya tahu apa yang diharapkan dari saya.	confidence	likert_5	11	t	\N	\N	\N	\N	\N	1	5	Sangat Tidak Setuju	Sangat Setuju	2025-07-01 08:00:00+00	2025-07-01 08:00:00+00	1
12	Meskipun materinya teknis, penjelasan yang diberikan membuat saya merasa yakin bisa memahaminya.	confidence	likert_5	12	t	\N	\N	\N	\N	\N	1	5	Sangat Tidak Setuju	Sangat Setuju	2025-07-01 08:00:00+00	2025-07-01 08:00:00+00	1
13	Saya percaya bahwa tim saya dan saya bisa mengerjakan kuis kolaboratif di LMS dengan baik setelah mempelajari materi.	confidence	likert_5	13	t	\N	\N	\N	\N	\N	1	5	Sangat Tidak Setuju	Sangat Setuju	2025-07-01 08:00:00+00	2025-07-01 08:00:00+00	1
14	Tingkat kesulitan materi dan soal-soal yang ada terasa pas, tidak terlalu mudah dan tidak terlalu sulit.	confidence	likert_5	14	t	\N	\N	\N	\N	\N	1	5	Sangat Tidak Setuju	Sangat Setuju	2025-07-01 08:00:00+00	2025-07-01 08:00:00+00	1
15	Setelah berdiskusi dengan tim, saya merasa lebih percaya diri dengan pemahaman saya tentang materi ini.	confidence	likert_5	15	t	\N	\N	\N	\N	\N	1	5	Sangat Tidak Setuju	Sangat Setuju	2025-07-01 08:00:00+00	2025-07-01 08:00:00+00	1
16	Saya merasa senang dan puas ketika saya berhasil memahami sebuah konsep yang sulit, seperti perbedaan antara Switch dan Router.	satisfaction	likert_5	16	t	\N	\N	\N	\N	\N	1	5	Sangat Tidak Setuju	Sangat Setuju	2025-07-01 08:00:00+00	2025-07-01 08:00:00+00	1
17	Saya merasa usaha yang saya dan tim saya lakukan selama diskusi dan belajar sepadan dengan hasil yang kami dapatkan.	satisfaction	likert_5	17	t	\N	\N	\N	\N	\N	1	5	Sangat Tidak Setuju	Sangat Setuju	2025-07-01 08:00:00+00	2025-07-01 08:00:00+00	1
18	Bekerja sama dengan teman satu tim untuk menjawab kuis adalah pengalaman belajar yang menyenangkan.	satisfaction	likert_5	18	t	\N	\N	\N	\N	\N	1	5	Sangat Tidak Setuju	Sangat Setuju	2025-07-01 08:00:00+00	2025-07-01 08:00:00+00	1
19	Saya merasa penilaian melalui kuis kelompok ini adil karena mencerminkan pemahaman bersama tim kami.	satisfaction	likert_5	19	t	\N	\N	\N	\N	\N	1	5	Sangat Tidak Setuju	Sangat Setuju	2025-07-01 08:00:00+00	2025-07-01 08:00:00+00	1
20	Secara keseluruhan, saya puas dengan pengetahuan dan keterampilan yang saya peroleh dari sesi pembelajaran ini.	satisfaction	likert_5	20	t	\N	\N	\N	\N	\N	1	5	Sangat Tidak Setuju	Sangat Setuju	2025-07-01 08:00:00+00	2025-07-01 08:00:00+00	1
\.


--
-- Data for Name: pramlearnapp_arcsquestionnaire; Type: TABLE DATA; Schema: public; Owner: pramadmin
--

COPY public.pramlearnapp_arcsquestionnaire (id, title, description, questionnaire_type, is_active, start_date, end_date, duration_minutes, created_at, updated_at, slug, created_by_id, material_id) FROM stdin;
1	Evaluasi Motivasi Pembelajaran	Kuesioner untuk mengukur tingkat motivasi siswa dalam pembelajaran jaringan komputer menggunakan model ARCS	pre	t	2025-07-01 08:00:00+00	2025-08-02 23:59:59+00	30	2025-07-01 08:00:00+00	2025-07-01 08:00:00+00	evaluasi-motivasi-pembelajaran-pre	2	1
\.


--
-- Data for Name: pramlearnapp_arcsresponse; Type: TABLE DATA; Schema: public; Owner: pramadmin
--

COPY public.pramlearnapp_arcsresponse (id, submitted_at, completed_at, is_completed, questionnaire_id, student_id) FROM stdin;
1	2025-07-22 06:47:37.599224+00	2025-07-22 06:47:37.888415+00	t	1	19
2	2025-07-22 06:47:39.539144+00	2025-07-22 06:47:40.464726+00	t	1	30
3	2025-07-22 06:47:40.205368+00	2025-07-22 06:47:40.778567+00	t	1	28
4	2025-07-22 06:48:21.954649+00	2025-07-22 06:48:22.366671+00	t	1	24
5	2025-07-22 06:48:39.740187+00	2025-07-22 06:48:40.161019+00	t	1	10
6	2025-07-22 06:49:02.588953+00	2025-07-22 06:49:02.950529+00	t	1	9
7	2025-07-22 06:49:04.982906+00	2025-07-22 06:49:05.210525+00	t	1	13
8	2025-07-22 06:49:18.770852+00	2025-07-22 06:49:19.081237+00	t	1	6
9	2025-07-22 06:49:29.052332+00	2025-07-22 06:49:29.426276+00	t	1	21
10	2025-07-22 06:49:45.987909+00	2025-07-22 06:49:46.311521+00	t	1	32
11	2025-07-22 06:49:51.218379+00	2025-07-22 06:49:51.457157+00	t	1	12
12	2025-07-22 06:50:00.90845+00	2025-07-22 06:50:01.214879+00	t	1	31
13	2025-07-22 06:50:13.900679+00	2025-07-22 06:50:14.130801+00	t	1	29
14	2025-07-22 06:50:20.337402+00	2025-07-22 06:50:20.573554+00	t	1	5
15	2025-07-22 06:50:24.487435+00	2025-07-22 06:50:24.767797+00	t	1	3
16	2025-07-22 06:50:31.9845+00	2025-07-22 06:50:32.2139+00	t	1	20
17	2025-07-22 06:50:33.271601+00	2025-07-22 06:50:33.65389+00	t	1	15
18	2025-07-22 06:50:41.59852+00	2025-07-22 06:50:41.869441+00	t	1	11
19	2025-07-22 06:50:51.620277+00	2025-07-22 06:50:51.927442+00	t	1	35
20	2025-07-22 06:50:52.393219+00	2025-07-22 06:50:52.759198+00	t	1	14
21	2025-07-22 06:51:14.935353+00	2025-07-22 06:51:15.20899+00	t	1	16
22	2025-07-22 06:51:24.359587+00	2025-07-22 06:51:24.594538+00	t	1	25
23	2025-07-22 06:51:25.914672+00	2025-07-22 06:51:26.143357+00	t	1	27
24	2025-07-22 06:51:26.692846+00	2025-07-22 06:51:27.05369+00	t	1	23
25	2025-07-22 06:51:34.041147+00	2025-07-22 06:51:34.285793+00	t	1	4
26	2025-07-22 06:51:38.66417+00	2025-07-22 06:51:38.88726+00	t	1	34
27	2025-07-22 06:52:05.966592+00	2025-07-22 06:52:06.232879+00	t	1	17
28	2025-07-22 06:52:23.548235+00	2025-07-22 06:52:23.933807+00	t	1	26
29	2025-07-22 06:53:03.176613+00	2025-07-22 06:53:03.414198+00	t	1	36
30	2025-07-22 06:54:45.004747+00	2025-07-22 06:54:45.251408+00	t	1	18
31	2025-07-22 06:56:37.530273+00	2025-07-22 06:56:37.748036+00	t	1	8
\.


--
-- Data for Name: pramlearnapp_assignment; Type: TABLE DATA; Schema: public; Owner: pramadmin
--

COPY public.pramlearnapp_assignment (id, title, description, due_date, created_at, updated_at, slug, material_id) FROM stdin;
\.


--
-- Data for Name: pramlearnapp_assignmentanswer; Type: TABLE DATA; Schema: public; Owner: pramadmin
--

COPY public.pramlearnapp_assignmentanswer (id, selected_choice, answer_text, is_correct, essay_answer, question_id, submission_id) FROM stdin;
\.


--
-- Data for Name: pramlearnapp_assignmentquestion; Type: TABLE DATA; Schema: public; Owner: pramadmin
--

COPY public.pramlearnapp_assignmentquestion (id, text, explanation, choice_a, choice_b, choice_c, choice_d, correct_choice, assignment_id) FROM stdin;
\.


--
-- Data for Name: pramlearnapp_assignmentsubmission; Type: TABLE DATA; Schema: public; Owner: pramadmin
--

COPY public.pramlearnapp_assignmentsubmission (id, submission_date, grade, teacher_feedback, graded_at, files, is_draft, start_time, end_time, assignment_id, student_id) FROM stdin;
\.


--
-- Data for Name: pramlearnapp_class; Type: TABLE DATA; Schema: public; Owner: pramadmin
--

COPY public.pramlearnapp_class (id, name, slug) FROM stdin;
1	XI TJ 2	xi-tj-2
\.


--
-- Data for Name: pramlearnapp_classstudent; Type: TABLE DATA; Schema: public; Owner: pramadmin
--

COPY public.pramlearnapp_classstudent (id, class_id_id, student_id) FROM stdin;
1	1	3
2	1	4
3	1	5
4	1	6
5	1	7
6	1	8
7	1	9
8	1	10
9	1	11
10	1	12
11	1	13
12	1	14
13	1	15
14	1	16
15	1	17
16	1	18
17	1	19
18	1	20
19	1	21
20	1	22
21	1	23
22	1	24
23	1	25
24	1	26
25	1	27
26	1	28
27	1	29
28	1	30
29	1	31
30	1	32
31	1	33
32	1	34
33	1	35
34	1	36
35	1	37
\.


--
-- Data for Name: pramlearnapp_customuser; Type: TABLE DATA; Schema: public; Owner: pramadmin
--

COPY public.pramlearnapp_customuser (id, password, last_login, is_superuser, username, first_name, last_name, email, is_staff, date_joined, is_active, is_online, last_activity, role_id) FROM stdin;
1	pbkdf2_sha256$720000$GTR6KcADxkliKoZBhLpMOU$eqoYRCjg3U296c20etAh395Fjt/9ubZDy33hj9uMOac=	\N	t	admin1	Administrator	System	admin@pramlearn.com	t	2024-01-01 00:00:00+00	t	f	2025-07-22 06:52:47.408+00	1
5	pbkdf2_sha256$720000$Hc26YMbJMZfeqcfett8jh6$PEl8MbwFBsS3wJYEAOwFUoxo+OdU5SU4H6II/xFgCB4=	\N	f	arya_a	Arya	Adhitia	arya_a@pramlearn.com	f	2024-01-01 00:00:00+00	t	f	2025-07-22 07:49:12.219+00	3
4	pbkdf2_sha256$720000$llFo48PGTeQBSXqSUzhyed$rw3zujqLf/uo6vqfvYt3JabnBWLa7UcicCZbaHvQd9s=	\N	f	aldiansyah_r	Aldiansyah	Ramdani	aldiansyah_r@pramlearn.com	f	2024-01-01 00:00:00+00	t	t	2025-07-22 07:29:26.64+00	3
6	pbkdf2_sha256$720000$qzXenLHZ4QR9RznrclYour$PwXG3ua/m/iRjnS3p9Uex5x8zcJl2F6ocoeziBMlcTM=	\N	f	bagas_s	Bagas	Setiadi	bagas_s@pramlearn.com	f	2024-01-01 00:00:00+00	t	t	2025-07-22 07:24:31.911+00	3
10	pbkdf2_sha256$720000$jc9J7y4xIFlK6KvocVozzy$XQTayxnIDys4lLdIftE3vZPKP5vXKZdYv2X7Y6pzuYU=	\N	f	fahri_r	Fahri	Romansyah	fahri_r@pramlearn.com	f	2024-01-01 00:00:00+00	t	t	2025-07-22 07:31:48.214+00	3
3	pbkdf2_sha256$720000$NykXv53fTyBq1bofcsrCq3$jNvR6ipp7Osb4+6yCOrD2jCG8kwZZUWDzUpMmVbYWgM=	\N	f	adryan_z_s	Adryan Zulfi	Syaputra	adryan_z_s@pramlearn.com	f	2024-01-01 00:00:00+00	t	t	2025-07-22 08:10:16.074+00	3
7	pbkdf2_sha256$720000$nBMcYMinN5197bMfgfRUBw$kWsLY3zV/VJzjgcXvGR/mQkJYyYEQzYL+a1jxeXwFIQ=	\N	f	davi_f_r	Davi Firaldy	Rahadian	davi_f_r@pramlearn.com	f	2024-01-01 00:00:00+00	t	f	\N	3
27	pbkdf2_sha256$720000$Rzc2j8ApqvOyuTrsxM2exk$Z7FWLFoVVYuRAU4IrcIs02WUvPbBgcRDeMAguV+xerY=	\N	f	pascha_g_p	Pascha Gerhana	Putra	pascha_g_p@pramlearn.com	f	2024-01-01 00:00:00+00	t	t	2025-07-22 07:28:06.641+00	3
23	pbkdf2_sha256$720000$Q9DbOavENehv5247tW7dKk$egkVfEieJrCt2JHN8BEk7lJfbbgN4Dyr77VkdpLhX8A=	\N	f	m_zaky_s	Muhammad Zaky	Saputra	m_zaky_s@pramlearn.com	f	2024-01-01 00:00:00+00	t	f	2025-07-22 07:34:38.268+00	3
13	pbkdf2_sha256$720000$SYVQPcvidGMhQL78OAfbBg$CsaeoLnek5oNGf654M7topzyLaNMwTVdkvpSFhDpKRg=	\N	f	haikal_m	Haikal	Maljamjam	haikal_m@pramlearn.com	f	2024-01-01 00:00:00+00	t	t	2025-07-22 07:32:21.856+00	3
28	pbkdf2_sha256$720000$1MoD7FijgWsaLVGuKUJf3z$JSRH9NAvxceBxRBROJa61vLp+BtKgfX6w/32W59Dl6Y=	\N	f	raden_m_b	Raden Muhammad Bara	Abdurrohman	raden_m_b@pramlearn.com	f	2024-01-01 00:00:00+00	t	t	2025-07-22 07:37:26.11+00	3
33	pbkdf2_sha256$720000$A7wpstJqAKv6wcHlcJz5jB$/VpmQlJxV/SLceap4izokaRJw+Q0hjXWvNPIpUe3Q1s=	\N	f	rifa_n_z	Rifa Nabilah	Zalfa	rifa_n_z@pramlearn.com	f	2024-01-01 00:00:00+00	t	f	\N	3
14	pbkdf2_sha256$720000$hXLJ75GbhmOnKaWJNBtBka$vBawRSvscUFmSImvVgdG2rsts0BA/+jwTmjI33wi+2w=	\N	f	imam_s	Imam	Sulaeman	imam_s@pramlearn.com	f	2024-01-01 00:00:00+00	t	f	2025-07-22 07:34:26.342+00	3
8	pbkdf2_sha256$720000$BdGCNLuEsYiHmb6eHTHMdS$otCDq1ZV8CGY9Ay4up8hFgwhW/yDiR36t2ICOQ2cKRo=	\N	f	deviana_f_p	Deviana Febrianti	Putri	deviana_f_p@pramlearn.com	f	2024-01-01 00:00:00+00	t	t	2025-07-22 07:25:10.326+00	3
29	pbkdf2_sha256$720000$xMhc1ftyZvwZdCpOHEWLhO$4Udzb1dxzNApRmzTk6WVR/gRYXbc8yZZhMCvkcSsTDo=	\N	f	raffi_a_a	Raffi Aurellio	Ardhani	raffi_a_a@pramlearn.com	f	2024-01-01 00:00:00+00	t	t	2025-07-22 07:49:42.975+00	3
2	pbkdf2_sha256$720000$GTR6KcADxkliKoZBhLpMOU$eqoYRCjg3U296c20etAh395Fjt/9ubZDy33hj9uMOac=	\N	f	rehanseekap	Raihan Syeka	Pramukastie	rehanseekap@pramlearn.com	f	2024-01-01 00:00:00+00	t	t	2025-07-22 07:56:46.42+00	2
24	pbkdf2_sha256$720000$SZUFoBgrHC8ZrVF4sGUCeS$5ugUpM3ZEeRqB62ET8LwIwz/oX8hQKc+hngbVTYZ31w=	\N	f	nasywaan_r	Nasywaan	Ramadhan	nasywaan_r@pramlearn.com	f	2024-01-01 00:00:00+00	t	t	2025-07-22 09:39:10.532+00	3
20	pbkdf2_sha256$720000$7I7k81LR1Tu88beygD3DfK$bkH8gSLqdPKk5e11wLMgVcj3lS2C4szy1H9UQpNp3h0=	\N	f	m_fikri_r	Muhamad Fikri	Ramadhani	m_fikri_r@pramlearn.com	f	2024-01-01 00:00:00+00	t	t	2025-07-22 07:27:21.644+00	3
19	pbkdf2_sha256$720000$Touk1Z6FjzbhFD2NKzVk6p$fndG97kc8zxLbCnt7n+2fG72J2LirGuM1FoR1VxNFOU=	\N	f	moch_s_h	Moch. Syarif	Hidayatullah	moch_s_h@pramlearn.com	f	2024-01-01 00:00:00+00	t	t	2025-07-22 09:03:57.043+00	3
17	pbkdf2_sha256$720000$zy90sofrcHQ5MeAISF5aqZ$m6pWz82BWazhpCHFC0GL+8NF0A4M+ADK9FAZn2WKvjM=	\N	f	lucky_j_k	Lucky Januara	Kusnadi	lucky_j_k@pramlearn.com	f	2024-01-01 00:00:00+00	t	f	2025-07-22 08:46:10.717+00	3
22	pbkdf2_sha256$720000$duxBxwv6vaYgRSqqQF6JXY$BKGQ5EgDe6SSn/hZlW1JGInywao1HBI0JZCQqPNSMO8=	\N	f	m_renaldi_r	Muhammad Renaldi Rezky	Pratama	m_renaldi_r@pramlearn.com	f	2024-01-01 00:00:00+00	t	f	\N	3
26	pbkdf2_sha256$720000$OkDya7JGGhImcK34OVe33i$8XvjrySJNeTg7JIf1B5+3/U/4wqlknsvIq+jgUd4vFM=	\N	f	nazwa_a_r	Nazwa Aulia	Ramdani	nazwa_a_r@pramlearn.com	f	2024-01-01 00:00:00+00	t	t	2025-07-22 07:33:17.253+00	3
16	pbkdf2_sha256$720000$43afQL4MIvh98FW4H3GtUP$z2rSMR+btXfZAf0EbzGhpS9tRJ7Eg8aui9wqWF2rsCM=	\N	f	kiano_r_s	Kiano Raditya	Saputro	kiano_r_s@pramlearn.com	f	2024-01-01 00:00:00+00	t	t	2025-07-22 07:26:59.076+00	3
36	pbkdf2_sha256$720000$m54DIEwsmn5FGyEsVs00dG$UFTfoppFEJGHyL4wvbKqvkjHDVNxpfi4dUUx/ezFeJA=	\N	f	satria_p_s	Satria Putra	Setiawan	satria_p_s@pramlearn.com	f	2024-01-01 00:00:00+00	t	t	2025-07-22 07:33:32.58+00	3
18	pbkdf2_sha256$720000$YLSHV9w9VNqexLNGAl69kf$a6EsnPNblYXIutgmfGXGFwQjTEHHALl/+1UooVCQX1E=	\N	f	meisya_i_b	Meisya Intan	Berlyan	meisya_i_b@pramlearn.com	f	2024-01-01 00:00:00+00	t	t	2025-07-22 07:27:44.953+00	3
25	pbkdf2_sha256$720000$aIWFmmKeBrA6Bum1CsuKmQ$N+KADup4Lv6wY+sw3tgOzvr95Q4KqB+c+0tnJ7lN1qc=	\N	f	nauval_f_s	Nauval Fadillah	Sofyan	nauval_f_s@pramlearn.com	f	2024-01-01 00:00:00+00	t	t	2025-07-22 07:19:26.235+00	3
35	pbkdf2_sha256$720000$hHyy2uZSH3YBQlvECxVE2K$3PmZERKp1usipjnCyUlWdpo5t1Ho1o+Do2hg+rqof5o=	\N	f	robby_a_n	Robby Aditya	Nugraha	robby_a_n@pramlearn.com	f	2024-01-01 00:00:00+00	t	t	2025-07-22 07:48:13.736+00	3
9	pbkdf2_sha256$720000$Bbf3SovagEaH9NQX5songk$CmnCP8Tq6z2knZDYTFWU7+Lrm24DrihsxdUTfVJf0bY=	\N	f	erick_s_s	Erick Setiawan	Syahputra	erick_s_s@pramlearn.com	f	2024-01-01 00:00:00+00	t	t	2025-07-22 07:35:57.009+00	3
21	pbkdf2_sha256$720000$uuESdABIUfi4tegHazlhJm$PzcgJkes+4WAzz/sNyEqRducUwKPWWs5CtXZZT5V+bo=	\N	f	m_dafik_a	Muhammad Dafik Al	Kavani	m_dafik_a@pramlearn.com	f	2024-01-01 00:00:00+00	t	t	2025-07-22 07:32:45.039+00	3
15	pbkdf2_sha256$720000$CCtYN1EHaX2KrOZcTZYWPF$JVssC/WdqPgN4MWjMNhF6KVFj6yGTEz/44HtAMLu/M0=	\N	f	julhuda_m_p	Julhuda Mulyana	Putra	julhuda_m_p@pramlearn.com	f	2024-01-01 00:00:00+00	t	f	2025-07-22 07:32:33.32+00	3
34	pbkdf2_sha256$720000$Fip1c6Pmt8MJzGI6zKOnyM$oPgquNlsD0pXdIVbj/Y+ilJXUR7z4Rpj/Fc3C/OTlt0=	\N	f	risma_d_w	Risma Dania	Wijayanti	risma_d_w@pramlearn.com	f	2024-01-01 00:00:00+00	t	t	2025-07-22 07:27:39.393+00	3
12	pbkdf2_sha256$720000$cpDpDr2DvAGkrdDIcgmmon$qt/s1qsZ2LJEp+tcRvWbqKT3do0NiboEpcAWCNWHD3Y=	\N	f	fauza_a_p	Fauza Ayudia	Putra	fauza_a_p@pramlearn.com	f	2024-01-01 00:00:00+00	t	t	2025-07-22 07:38:27.311+00	3
31	pbkdf2_sha256$720000$eeHBAsYUxbvrALcPy0D4sX$SAOiuGlrq5rJOQLkiAH9CsZ0kPF7VQA9t1ldtkaheZM=	\N	f	rega_f	Rega	Firmansyah	rega_f@pramlearn.com	f	2024-01-01 00:00:00+00	t	t	2025-07-22 07:59:23.23+00	3
32	pbkdf2_sha256$720000$dNZNFCwOrn4SnFafuIZGNY$O8xswnCqxv/SwnRk/FtzKjzyRGYtxsTnopuu4kjKXBE=	\N	f	reizan_f_k	Reizan Febrian	Kurniawan	reizan_f_k@pramlearn.com	f	2024-01-01 00:00:00+00	t	t	2025-07-22 07:58:47.788+00	3
30	pbkdf2_sha256$720000$juVjhTp08MQoQghRf6qZ97$BkLqCKFGhvkCLQ8LqKuGyljxw5OiCyP18xsrfP5vgTA=	\N	f	raihan_g_a	Raihan Ghaza	Al-Ghifari	raihan_g_a@pramlearn.com	f	2024-01-01 00:00:00+00	t	t	2025-07-22 07:47:04.775+00	3
37	pbkdf2_sha256$720000$t4K2HZMbKAbWF47guE4nGb$VKdYge/JSnErE2LEbWYxCCt+QHzENVd/msqXD/4MSvI=	\N	f	yusuf_m_b	Yusuf Maulana	Bachtiar	yusuf_m_b@pramlearn.com	f	2024-01-01 00:00:00+00	t	f	\N	3
11	pbkdf2_sha256$720000$XSsabpBYRcPtQwDcQMCDc7$AOqGzkPjFQm6UTKbRgbjPVCAtUyISHwKkhuy/glJYgQ=	\N	f	fajril_s_a	Fajril Septian	Alkodar	fajril_s_a@pramlearn.com	f	2024-01-01 00:00:00+00	t	t	2025-07-22 08:20:20.207+00	3
\.


--
-- Data for Name: pramlearnapp_customuser_groups; Type: TABLE DATA; Schema: public; Owner: pramadmin
--

COPY public.pramlearnapp_customuser_groups (id, customuser_id, group_id) FROM stdin;
\.


--
-- Data for Name: pramlearnapp_customuser_user_permissions; Type: TABLE DATA; Schema: public; Owner: pramadmin
--

COPY public.pramlearnapp_customuser_user_permissions (id, customuser_id, permission_id) FROM stdin;
\.


--
-- Data for Name: pramlearnapp_file; Type: TABLE DATA; Schema: public; Owner: pramadmin
--

COPY public.pramlearnapp_file (id, file, uploaded_at) FROM stdin;
1	materials/files/Bahan_Ajar_1_Mengenal_Dunia_Jaringan_Komputer_BXhRkgT.pdf	2025-07-22 03:50:29.708434+00
5	materials/files/Bahan_Ajar_2_Menjelajahi_Jenis-Jenis_Jaringan_KppU07h.pdf	2025-07-22 03:50:36.412048+00
6	materials/files/Bahan_Ajar_3_Merancang_Jaringan_Kebutuhan__Peralatan_ayVjpzH.pdf	2025-07-22 03:50:36.634743+00
\.


--
-- Data for Name: pramlearnapp_grade; Type: TABLE DATA; Schema: public; Owner: pramadmin
--

COPY public.pramlearnapp_grade (id, type, title, subject_name, grade, max_grade, date, teacher_feedback, assignment_id, student_id, material_id, quiz_id) FROM stdin;
1	quiz	Kuis Jaringan Komputer - XI TJ 2 (Group)	Administrasi Infrastruktur Jaringan	90.74074074074075	100	2025-07-22 07:22:33.565635+00	\N	\N	6	1	1
2	quiz	Kuis Jaringan Komputer - XI TJ 2 (Group)	Administrasi Infrastruktur Jaringan	90.74074074074075	100	2025-07-22 07:22:33.618172+00	\N	\N	5	1	1
3	quiz	Kuis Jaringan Komputer - XI TJ 2 (Group)	Administrasi Infrastruktur Jaringan	90.74074074074075	100	2025-07-22 07:22:33.644539+00	\N	\N	14	1	1
4	quiz	Kuis Jaringan Komputer - XI TJ 2 (Group)	Administrasi Infrastruktur Jaringan	90.74074074074075	100	2025-07-22 07:22:33.671509+00	\N	\N	25	1	1
5	quiz	Kuis Jaringan Komputer - XI TJ 2 (Group)	Administrasi Infrastruktur Jaringan	90.74074074074075	100	2025-07-22 07:22:33.708022+00	\N	\N	19	1	1
6	quiz	Kuis Jaringan Komputer - XI TJ 2 (Group)	Administrasi Infrastruktur Jaringan	83.33333333333334	100	2025-07-22 07:22:49.638311+00	\N	\N	13	1	1
7	quiz	Kuis Jaringan Komputer - XI TJ 2 (Group)	Administrasi Infrastruktur Jaringan	83.33333333333334	100	2025-07-22 07:22:49.671445+00	\N	\N	20	1	1
8	quiz	Kuis Jaringan Komputer - XI TJ 2 (Group)	Administrasi Infrastruktur Jaringan	83.33333333333334	100	2025-07-22 07:22:49.702676+00	\N	\N	31	1	1
9	quiz	Kuis Jaringan Komputer - XI TJ 2 (Group)	Administrasi Infrastruktur Jaringan	83.33333333333334	100	2025-07-22 07:22:49.740094+00	\N	\N	11	1	1
10	quiz	Kuis Jaringan Komputer - XI TJ 2 (Group)	Administrasi Infrastruktur Jaringan	83.33333333333334	100	2025-07-22 07:22:49.774936+00	\N	\N	9	1	1
11	quiz	Kuis Jaringan Komputer - XI TJ 2 (Group)	Administrasi Infrastruktur Jaringan	57.407407407407405	100	2025-07-22 07:24:49.063122+00	\N	\N	4	1	1
12	quiz	Kuis Jaringan Komputer - XI TJ 2 (Group)	Administrasi Infrastruktur Jaringan	57.407407407407405	100	2025-07-22 07:24:49.098503+00	\N	\N	17	1	1
13	quiz	Kuis Jaringan Komputer - XI TJ 2 (Group)	Administrasi Infrastruktur Jaringan	57.407407407407405	100	2025-07-22 07:24:49.13579+00	\N	\N	27	1	1
14	quiz	Kuis Jaringan Komputer - XI TJ 2 (Group)	Administrasi Infrastruktur Jaringan	57.407407407407405	100	2025-07-22 07:24:49.168474+00	\N	\N	28	1	1
15	quiz	Kuis Jaringan Komputer - XI TJ 2 (Group)	Administrasi Infrastruktur Jaringan	61.111111111111114	100	2025-07-22 07:24:52.60035+00	\N	\N	36	1	1
16	quiz	Kuis Jaringan Komputer - XI TJ 2 (Group)	Administrasi Infrastruktur Jaringan	61.111111111111114	100	2025-07-22 07:24:52.636536+00	\N	\N	16	1	1
17	quiz	Kuis Jaringan Komputer - XI TJ 2 (Group)	Administrasi Infrastruktur Jaringan	61.111111111111114	100	2025-07-22 07:24:52.670762+00	\N	\N	15	1	1
18	quiz	Kuis Jaringan Komputer - XI TJ 2 (Group)	Administrasi Infrastruktur Jaringan	61.111111111111114	100	2025-07-22 07:24:52.695565+00	\N	\N	35	1	1
19	quiz	Kuis Jaringan Komputer - XI TJ 2 (Group)	Administrasi Infrastruktur Jaringan	64.81481481481481	100	2025-07-22 07:25:02.506299+00	\N	\N	29	1	1
20	quiz	Kuis Jaringan Komputer - XI TJ 2 (Group)	Administrasi Infrastruktur Jaringan	64.81481481481481	100	2025-07-22 07:25:02.531838+00	\N	\N	12	1	1
21	quiz	Kuis Jaringan Komputer - XI TJ 2 (Group)	Administrasi Infrastruktur Jaringan	64.81481481481481	100	2025-07-22 07:25:02.563223+00	\N	\N	23	1	1
22	quiz	Kuis Jaringan Komputer - XI TJ 2 (Group)	Administrasi Infrastruktur Jaringan	64.81481481481481	100	2025-07-22 07:25:02.590686+00	\N	\N	24	1	1
23	quiz	Kuis Jaringan Komputer - XI TJ 2 (Group)	Administrasi Infrastruktur Jaringan	77.77777777777779	100	2025-07-22 07:25:15.411189+00	\N	\N	21	1	1
24	quiz	Kuis Jaringan Komputer - XI TJ 2 (Group)	Administrasi Infrastruktur Jaringan	77.77777777777779	100	2025-07-22 07:25:15.436528+00	\N	\N	8	1	1
25	quiz	Kuis Jaringan Komputer - XI TJ 2 (Group)	Administrasi Infrastruktur Jaringan	77.77777777777779	100	2025-07-22 07:25:15.461253+00	\N	\N	30	1	1
26	quiz	Kuis Jaringan Komputer - XI TJ 2 (Group)	Administrasi Infrastruktur Jaringan	77.77777777777779	100	2025-07-22 07:25:15.486694+00	\N	\N	32	1	1
27	quiz	Kuis Jaringan Komputer - XI TJ 2 (Group)	Administrasi Infrastruktur Jaringan	77.77777777777779	100	2025-07-22 07:25:15.520277+00	\N	\N	18	1	1
28	quiz	Kuis Jaringan Komputer - XI TJ 2 (Group)	Administrasi Infrastruktur Jaringan	35.18518518518518	100	2025-07-22 07:25:46.24105+00	\N	\N	10	1	1
29	quiz	Kuis Jaringan Komputer - XI TJ 2 (Group)	Administrasi Infrastruktur Jaringan	35.18518518518518	100	2025-07-22 07:25:46.266427+00	\N	\N	3	1	1
30	quiz	Kuis Jaringan Komputer - XI TJ 2 (Group)	Administrasi Infrastruktur Jaringan	35.18518518518518	100	2025-07-22 07:25:46.305923+00	\N	\N	34	1	1
31	quiz	Kuis Jaringan Komputer - XI TJ 2 (Group)	Administrasi Infrastruktur Jaringan	35.18518518518518	100	2025-07-22 07:25:46.343117+00	\N	\N	26	1	1
\.


--
-- Data for Name: pramlearnapp_gradestatistics; Type: TABLE DATA; Schema: public; Owner: pramadmin
--

COPY public.pramlearnapp_gradestatistics (id, total_assessments, average_grade, quiz_average, assignment_average, gpa, last_updated, student_id) FROM stdin;
24	1	64.81481481481481	64.81481481481481	0	1	2025-07-22 07:25:02.521026+00	29
18	1	64.81481481481481	64.81481481481481	0	1	2025-07-22 07:25:02.549758+00	12
12	1	64.81481481481481	64.81481481481481	0	1	2025-07-22 07:25:02.578199+00	23
21	1	64.81481481481481	64.81481481481481	0	1	2025-07-22 07:25:02.606542+00	24
27	1	77.77777777777779	77.77777777777779	0	2	2025-07-22 07:25:15.426947+00	21
5	1	77.77777777777779	77.77777777777779	0	2	2025-07-22 07:25:15.450866+00	8
14	1	77.77777777777779	77.77777777777779	0	2	2025-07-22 07:25:15.475927+00	30
6	1	77.77777777777779	77.77777777777779	0	2	2025-07-22 07:25:15.507242+00	32
31	1	77.77777777777779	77.77777777777779	0	2	2025-07-22 07:25:15.537355+00	18
19	1	35.18518518518518	35.18518518518518	0	0	2025-07-22 07:25:46.256923+00	10
1	1	35.18518518518518	35.18518518518518	0	0	2025-07-22 07:25:46.295757+00	3
30	1	35.18518518518518	35.18518518518518	0	0	2025-07-22 07:25:46.329355+00	34
13	1	35.18518518518518	35.18518518518518	0	0	2025-07-22 07:25:46.358038+00	26
3	1	90.74074074074075	90.74074074074075	0	4	2025-07-22 07:22:33.582419+00	6
8	1	90.74074074074075	90.74074074074075	0	4	2025-07-22 07:22:33.633617+00	5
2	1	90.74074074074075	90.74074074074075	0	4	2025-07-22 07:22:33.658817+00	14
26	1	90.74074074074075	90.74074074074075	0	4	2025-07-22 07:22:33.696315+00	25
16	1	90.74074074074075	90.74074074074075	0	4	2025-07-22 07:22:33.730828+00	19
15	1	83.33333333333334	83.33333333333334	0	3	2025-07-22 07:22:49.656749+00	13
17	1	83.33333333333334	83.33333333333334	0	3	2025-07-22 07:22:49.688902+00	20
9	1	83.33333333333334	83.33333333333334	0	3	2025-07-22 07:22:49.729335+00	31
10	1	83.33333333333334	83.33333333333334	0	3	2025-07-22 07:22:49.76229+00	11
22	1	83.33333333333334	83.33333333333334	0	3	2025-07-22 07:22:49.79759+00	9
28	1	57.407407407407405	57.407407407407405	0	0	2025-07-22 07:24:49.085009+00	4
7	1	57.407407407407405	57.407407407407405	0	0	2025-07-22 07:24:49.120814+00	17
29	1	57.407407407407405	57.407407407407405	0	0	2025-07-22 07:24:49.157472+00	27
11	1	57.407407407407405	57.407407407407405	0	0	2025-07-22 07:24:49.189221+00	28
23	1	61.111111111111114	61.111111111111114	0	1	2025-07-22 07:24:52.6264+00	36
25	1	61.111111111111114	61.111111111111114	0	1	2025-07-22 07:24:52.660826+00	16
20	1	61.111111111111114	61.111111111111114	0	1	2025-07-22 07:24:52.685331+00	15
4	1	61.111111111111114	61.111111111111114	0	1	2025-07-22 07:24:52.712456+00	35
\.


--
-- Data for Name: pramlearnapp_group; Type: TABLE DATA; Schema: public; Owner: pramadmin
--

COPY public.pramlearnapp_group (id, name, code, material_id) FROM stdin;
22	Kelompok 1	MMW1L8	1
23	Kelompok 2	G4R4Z0	1
24	Kelompok 3	6MSZNK	1
25	Kelompok 4	L5MNK3	1
26	Kelompok 5	TYU04V	1
27	Kelompok 6	JAN3ZT	1
28	Kelompok 7	I1JOXN	1
\.


--
-- Data for Name: pramlearnapp_groupchat; Type: TABLE DATA; Schema: public; Owner: pramadmin
--

COPY public.pramlearnapp_groupchat (id, message, created_at, is_read, group_id, sender_id) FROM stdin;
1	P	2025-07-22 06:58:54.307287+00	f	27	31
2	mabar	2025-07-22 06:59:47.274626+00	f	27	20
3	p	2025-07-22 06:59:51.530912+00	f	27	11
4	srfgrfg	2025-07-22 06:59:56.978364+00	f	27	13
5	erturtu	2025-07-22 07:00:06.058895+00	f	27	13
6	.	2025-07-22 07:00:11.78776+00	f	25	16
7	woii	2025-07-22 07:00:38.451082+00	f	28	12
8	p	2025-07-22 07:00:38.778979+00	f	27	11
9	Assalamualaikum	2025-07-22 07:00:39.192497+00	f	23	14
10	woiii	2025-07-22 07:00:41.784597+00	f	25	15
11	yo kiyomasa	2025-07-22 07:00:46.271717+00	f	22	32
12	gandeng	2025-07-22 07:00:46.447567+00	f	28	29
13	cukurukuk	2025-07-22 07:00:49.906913+00	f	27	11
14	assalamualaikum	2025-07-22 07:00:50.809952+00	f	23	6
15	-1 ayang pacaran yu	2025-07-22 07:00:54.788804+00	f	23	14
16	bot	2025-07-22 07:00:59.502981+00	f	25	36
17	salam interaksi	2025-07-22 07:01:00.579214+00	f	23	6
18	p	2025-07-22 07:01:08.538882+00	f	22	30
19	so asik luwh	2025-07-22 07:01:08.882595+00	f	25	15
20	babi	2025-07-22 07:01:16.374663+00	f	28	23
21	mabar ey	2025-07-22 07:01:17.481813+00	f	23	14
22	100 gaskan	2025-07-22 07:01:20.218464+00	f	22	32
23	wkwk	2025-07-22 07:01:21.121837+00	f	25	36
24		2025-07-22 07:01:25.737635+00	f	23	6
25	p	2025-07-22 07:01:26.190158+00	f	26	17
26	gandeng ketua	2025-07-22 07:01:29.135536+00	f	28	12
27	oyy	2025-07-22 07:01:31.851884+00	f	26	4
28		2025-07-22 07:01:33.908121+00	f	23	14
29	pp	2025-07-22 07:01:37.104281+00	f	26	28
30	.	2025-07-22 07:01:47.66022+00	f	25	16
31	ketua dafik	2025-07-22 07:02:00.230783+00	f	22	32
32	urang mbung ketua	2025-07-22 07:02:02.945752+00	f	28	23
33	ketua raden!!	2025-07-22 07:02:07.635633+00	f	26	17
34	setuju	2025-07-22 07:02:13.171199+00	f	22	30
35	bae zak	2025-07-22 07:02:14.218385+00	f	28	29
36	lucky we	2025-07-22 07:02:16.771503+00	f	26	28
37	mnh we	2025-07-22 07:02:19.136427+00	f	28	23
38	hoream	2025-07-22 07:02:28.4289+00	f	28	23
39	naswan aj	2025-07-22 07:02:33.434824+00	f	28	29
40	gas	2025-07-22 07:02:38.982288+00	f	28	23
41	aldi	2025-07-22 07:02:47.984745+00	f	26	17
42	pascha	2025-07-22 07:02:50.550082+00	f	26	17
43	mabar ey	2025-07-22 07:02:51.671163+00	f	23	14
44	info spar epep	2025-07-22 07:03:09.937659+00	f	23	14
45	langsung quiz	2025-07-22 07:03:19.147041+00	f	28	24
46	dek naon ey	2025-07-22 07:03:32.811731+00	f	27	11
47	siap ketua	2025-07-22 07:03:37.208985+00	f	28	23
48	anak dpr	2025-07-22 07:03:46.951209+00	f	27	31
49	siap	2025-07-22 07:04:01.253964+00	f	28	29
50	parah si botak ey	2025-07-22 07:04:05.269021+00	f	27	11
51	langsung quiz?	2025-07-22 07:04:07.842535+00	f	26	17
52	kontiol	2025-07-22 07:04:21.580109+00	f	25	15
53	robby jembod	2025-07-22 07:04:26.709103+00	f	25	36
54	satria jmbt	2025-07-22 07:04:41.395778+00	f	25	15
55	p	2025-07-22 07:04:44.338+00	f	22	21
56	anj	2025-07-22 07:04:46.117724+00	f	25	36
57	uy	2025-07-22 07:04:54.861674+00	f	22	32
58	spill nama kelompok	2025-07-22 07:05:02.45665+00	f	23	14
59	p	2025-07-22 07:07:04.275426+00	f	24	3
60	p	2025-07-22 07:07:04.706176+00	f	24	3
61	p	2025-07-22 07:07:05.278324+00	f	24	3
62	p	2025-07-22 07:07:05.582788+00	f	24	3
63	p	2025-07-22 07:07:05.870722+00	f	24	3
64	p	2025-07-22 07:07:06.32954+00	f	24	3
65	pp	2025-07-22 07:07:06.536666+00	f	24	3
66	p	2025-07-22 07:07:06.89955+00	f	24	3
67	p	2025-07-22 07:07:07.042322+00	f	24	3
68	p	2025-07-22 07:07:07.355071+00	f	24	3
69	p	2025-07-22 07:07:07.556556+00	f	24	3
70	p	2025-07-22 07:07:07.734346+00	f	24	3
71	p	2025-07-22 07:07:08.109258+00	f	24	3
72	p	2025-07-22 07:07:08.471148+00	f	24	3
73	p	2025-07-22 07:07:08.710367+00	f	24	3
74	p	2025-07-22 07:07:08.936185+00	f	24	3
75	p	2025-07-22 07:07:09.501153+00	f	24	3
76	p	2025-07-22 07:07:09.758877+00	f	24	3
77	p	2025-07-22 07:07:10.115297+00	f	24	3
78	p	2025-07-22 07:07:10.523064+00	f	24	3
79	p	2025-07-22 07:07:10.939547+00	f	24	3
80	p	2025-07-22 07:07:11.273769+00	f	24	3
81	p	2025-07-22 07:07:11.659441+00	f	24	3
82	p	2025-07-22 07:07:12.178373+00	f	24	3
83	p	2025-07-22 07:07:12.540758+00	f	24	3
84	p	2025-07-22 07:07:12.729719+00	f	24	3
85	p	2025-07-22 07:07:12.940077+00	f	24	3
86	p	2025-07-22 07:07:13.332851+00	f	24	3
87	p	2025-07-22 07:07:13.675806+00	f	24	3
88	p	2025-07-22 07:07:14.280021+00	f	24	3
89	p	2025-07-22 07:07:14.280569+00	f	24	3
90	pp	2025-07-22 07:07:14.302527+00	f	24	3
91	ppp	2025-07-22 07:07:14.342984+00	f	24	3
92	p	2025-07-22 07:07:14.500767+00	f	24	3
93	p	2025-07-22 07:07:14.764264+00	f	24	3
94	p	2025-07-22 07:07:14.914589+00	f	24	3
95	p	2025-07-22 07:07:15.270791+00	f	24	3
96	pp	2025-07-22 07:07:15.454275+00	f	24	3
97	p	2025-07-22 07:07:15.624244+00	f	24	3
98	p	2025-07-22 07:07:15.806748+00	f	24	3
99	p	2025-07-22 07:07:16.143529+00	f	24	3
100	p	2025-07-22 07:07:16.432982+00	f	24	3
101	p	2025-07-22 07:07:16.763113+00	f	24	3
102	p	2025-07-22 07:07:17.206909+00	f	24	3
103	p	2025-07-22 07:07:17.501334+00	f	24	3
104	p	2025-07-22 07:07:17.765697+00	f	24	3
105	p	2025-07-22 07:07:17.92148+00	f	24	3
106	p	2025-07-22 07:07:18.087643+00	f	24	3
107	p	2025-07-22 07:07:18.428828+00	f	24	3
108	p	2025-07-22 07:07:18.68982+00	f	24	3
109	p	2025-07-22 07:07:20.194995+00	f	24	3
110	Tes	2025-07-22 07:07:26.479366+00	f	22	8
111	1-15 nasywan	2025-07-22 07:07:31.21192+00	f	28	12
112	ew	2025-07-22 07:07:47.234385+00	f	28	29
113	16-31rafi	2025-07-22 07:07:56.902546+00	f	28	12
114	32-47 fauza	2025-07-22 07:08:21.469941+00	f	28	12
115	seszaky	2025-07-22 07:08:34.174702+00	f	28	12
116	urg no sabaraha wad	2025-07-22 07:08:41.178315+00	f	27	20
117	e	2025-07-22 07:08:42.925082+00	f	27	20
118	ok	2025-07-22 07:08:43.242625+00	f	28	23
119	arasup ey	2025-07-22 07:08:44.852673+00	f	23	14
120	sesa zaky	2025-07-22 07:08:45.212944+00	f	28	12
121	15ewang da	2025-07-22 07:08:53.94674+00	f	28	12
122	kmh ie	2025-07-22 07:09:12.926786+00	f	26	17
123	abi no 1 neupikein 15 hok	2025-07-22 07:09:23.490625+00	f	28	24
124	sok	2025-07-22 07:09:28.906134+00	f	28	12
125	ges di bagi da	2025-07-22 07:09:34.58514+00	f	28	12
126	mulai quiz	2025-07-22 07:09:36.763307+00	f	26	28
127	ini apa jawaban jancok	2025-07-22 07:09:44.487273+00	f	25	35
128	maneh no sabraha ?	2025-07-22 07:09:44.936282+00	f	27	11
129	abi nomor sabaraha	2025-07-22 07:09:50.687481+00	f	28	24
130	urg 10-20 we	2025-07-22 07:09:58.160784+00	f	27	20
131	bagi" euy	2025-07-22 07:10:02.610345+00	f	27	20
132	ok	2025-07-22 07:10:07.780949+00	f	28	29
133	sok	2025-07-22 07:10:09.644201+00	f	27	11
134	bagi soal	2025-07-22 07:10:09.803577+00	f	26	27
135	wi-fi extender kan?	2025-07-22 07:10:11.833743+00	f	25	36
136	kade heeh	2025-07-22 07:10:18.443244+00	f	28	12
137	wifi wxtender	2025-07-22 07:10:25.011675+00	f	22	30
138	urg 47 nepi beres	2025-07-22 07:10:33.401458+00	f	26	17
139	aku no 1-12	2025-07-22 07:10:36.746453+00	f	25	15
140	orang ti 30-40	2025-07-22 07:10:44.126686+00	f	27	11
141	15 15	2025-07-22 07:10:47.209222+00	f	26	28
142	ges	2025-07-22 07:10:59.148962+00	f	22	32
143	uy	2025-07-22 07:11:08.742688+00	f	24	26
144	urang 1-15	2025-07-22 07:11:13.219111+00	f	26	27
145	ngke 15-30	2025-07-22 07:11:21.486083+00	f	26	27
146	saha	2025-07-22 07:11:23.832328+00	f	26	27
147	obi 13-24	2025-07-22 07:11:25.462737+00	f	25	15
148	kiano 25-40	2025-07-22 07:11:56.268398+00	f	25	15
149	satria 41-54	2025-07-22 07:12:07.598435+00	f	25	15
150	30-45 lucky	2025-07-22 07:12:12.567453+00	f	26	27
151	Aldi 45-beres	2025-07-22 07:12:30.997382+00	f	26	27
152	oke 30-45	2025-07-22 07:12:31.002229+00	f	26	17
153	urng beres?	2025-07-22 07:14:31.895292+00	f	26	4
154	Sebuah perusahaan ingin menghubungkan dua gedung yang terpisah sejauh 1 km dengan koneksi yang sangat cepat dan tahan terhadap gangguan cuaca. Media transmisi apakah yang paling ideal untuk kebutuhan ini?\nIni teh pakai kabel fiber optic?	2025-07-22 07:18:21.854227+00	f	25	36
155	gatau	2025-07-22 07:20:28.758186+00	f	25	15
156	y	2025-07-22 07:20:31.917945+00	f	28	29
157	ges	2025-07-22 07:21:38.983327+00	f	27	11
158	rega dek ges maneh ?	2025-07-22 07:21:59.63502+00	f	27	11
159	kumaha yakin	2025-07-22 07:22:42.313071+00	f	27	9
160	39 naon aya nu apal te	2025-07-22 07:22:44.119825+00	f	28	12
161	sumbit	2025-07-22 07:22:45.189137+00	f	27	13
162	selamat tinggal	2025-07-22 07:33:52.909289+00	f	22	32
\.


--
-- Data for Name: pramlearnapp_groupchatread; Type: TABLE DATA; Schema: public; Owner: pramadmin
--

COPY public.pramlearnapp_groupchatread (id, read_at, chat_id, user_id) FROM stdin;
\.


--
-- Data for Name: pramlearnapp_groupmember; Type: TABLE DATA; Schema: public; Owner: pramadmin
--

COPY public.pramlearnapp_groupmember (id, group_id, student_id) FROM stdin;
94	22	8
95	22	18
96	22	21
97	22	30
98	22	32
99	23	5
100	23	6
101	23	14
102	23	19
103	23	25
104	24	3
105	24	10
106	24	26
107	24	34
108	25	15
109	25	16
110	25	35
111	25	36
112	26	4
113	26	17
114	26	27
115	26	28
116	27	9
117	27	11
118	27	13
119	27	20
120	27	31
121	28	12
122	28	23
123	28	24
124	28	29
\.


--
-- Data for Name: pramlearnapp_groupquiz; Type: TABLE DATA; Schema: public; Owner: pramadmin
--

COPY public.pramlearnapp_groupquiz (id, start_time, end_time, is_completed, submitted_at, group_id, quiz_id) FROM stdin;
9	2025-07-22 07:08:45.095737+00	2025-07-22 07:24:45.083179+00	t	2025-07-22 07:22:33.33655+00	23	1
13	2025-07-22 07:08:45.110698+00	2025-07-22 07:24:45.083179+00	t	2025-07-22 07:22:49.375637+00	27	1
12	2025-07-22 07:08:45.107342+00	2025-07-22 07:24:45.083179+00	t	2025-07-22 07:24:49.595409+00	26	1
11	2025-07-22 07:08:45.103538+00	2025-07-22 07:24:45.083179+00	t	2025-07-22 07:24:54.027794+00	25	1
14	2025-07-22 07:08:45.117832+00	2025-07-22 07:24:45.083179+00	t	2025-07-22 07:25:03.481208+00	28	1
8	2025-07-22 07:08:45.086121+00	2025-07-22 07:24:45.083179+00	t	2025-07-22 07:25:16.532684+00	22	1
10	2025-07-22 07:08:45.099396+00	2025-07-22 07:24:45.083179+00	t	2025-07-22 07:25:47.158774+00	24	1
\.


--
-- Data for Name: pramlearnapp_groupquizresult; Type: TABLE DATA; Schema: public; Owner: pramadmin
--

COPY public.pramlearnapp_groupquizresult (id, score, completed_at, created_at, updated_at, group_quiz_id) FROM stdin;
1	90.74074074074075	2025-07-22 07:22:32.840633+00	2025-07-22 07:22:32.85076+00	2025-07-22 07:22:32.850768+00	9
2	83.33333333333334	2025-07-22 07:22:48.66241+00	2025-07-22 07:22:48.669067+00	2025-07-22 07:22:48.669074+00	13
3	57.407407407407405	2025-07-22 07:24:49.208264+00	2025-07-22 07:24:48.503386+00	2025-07-22 07:24:49.216526+00	12
5	61.111111111111114	2025-07-22 07:24:52.727669+00	2025-07-22 07:24:52.0157+00	2025-07-22 07:24:52.742562+00	11
9	64.81481481481481	2025-07-22 07:25:02.621187+00	2025-07-22 07:25:01.931227+00	2025-07-22 07:25:02.63198+00	14
12	77.77777777777779	2025-07-22 07:25:15.555919+00	2025-07-22 07:25:14.701433+00	2025-07-22 07:25:15.566422+00	8
15	35.18518518518518	2025-07-22 07:25:46.374701+00	2025-07-22 07:25:45.67239+00	2025-07-22 07:25:46.38459+00	10
\.


--
-- Data for Name: pramlearnapp_groupquizsubmission; Type: TABLE DATA; Schema: public; Owner: pramadmin
--

COPY public.pramlearnapp_groupquizsubmission (id, selected_choice, is_correct, submitted_at, group_quiz_id, student_id, question_id) FROM stdin;
48	B	t	2025-07-22 07:13:46.539009+00	13	11	121
21	A	f	2025-07-22 07:13:01.363664+00	8	8	138
39	D	f	2025-07-22 07:13:01.649783+00	13	13	158
2	B	t	2025-07-22 07:09:29.722774+00	13	31	133
79	C	t	2025-07-22 07:15:46.361645+00	12	27	140
12	D	t	2025-07-22 07:11:14.912098+00	13	13	162
49	B	f	2025-07-22 07:13:50.258148+00	12	4	137
14	B	t	2025-07-22 07:11:22.058612+00	14	24	133
4	D	t	2025-07-22 07:09:48.702631+00	13	31	134
13	B	t	2025-07-22 07:13:51.630868+00	9	14	133
15	C	t	2025-07-22 07:11:27.382894+00	13	31	137
16	A	f	2025-07-22 07:11:29.853042+00	8	32	137
6	B	t	2025-07-22 07:10:15.474266+00	13	31	135
50	C	t	2025-07-22 07:13:53.858923+00	14	24	136
35	C	t	2025-07-22 07:15:09.194936+00	8	18	139
7	C	t	2025-07-22 07:10:18.002202+00	14	23	155
24	C	t	2025-07-22 07:12:25.523557+00	13	11	119
17	C	f	2025-07-22 07:11:46.277905+00	12	4	134
8	B	t	2025-07-22 07:10:20.580697+00	8	32	135
29	A	f	2025-07-22 07:13:05.147892+00	10	34	133
28	B	f	2025-07-22 07:12:27.190643+00	13	20	142
40	B	t	2025-07-22 07:13:09.042173+00	14	23	157
9	C	t	2025-07-22 07:10:39.569297+00	8	32	136
80	B	f	2025-07-22 07:15:47.613559+00	10	26	137
10	C	t	2025-07-22 07:10:40.286284+00	13	31	136
52	A	f	2025-07-22 07:14:03.251791+00	12	17	119
30	C	t	2025-07-22 07:12:35.743585+00	13	13	160
53	C	t	2025-07-22 07:14:03.325934+00	13	31	149
18	B	t	2025-07-22 07:11:51.963267+00	13	31	138
41	B	t	2025-07-22 07:13:12.181732+00	13	11	120
19	B	t	2025-07-22 07:11:52.880891+00	14	23	156
20	D	t	2025-07-22 07:12:00.030877+00	14	24	134
32	B	t	2025-07-22 07:12:37.028092+00	12	28	148
55	D	t	2025-07-22 07:14:26.823845+00	10	26	134
11	B	t	2025-07-22 07:10:48.161133+00	12	27	133
33	C	f	2025-07-22 07:12:40.029119+00	9	25	135
54	C	f	2025-07-22 07:14:04.556719+00	13	20	146
68	D	t	2025-07-22 07:15:27.115484+00	8	32	142
23	B	t	2025-07-22 07:12:11.136519+00	13	13	161
3	B	t	2025-07-22 07:12:41.839395+00	8	21	133
5	D	t	2025-07-22 07:10:57.568229+00	8	8	134
25	C	t	2025-07-22 07:12:13.824555+00	13	31	139
1	A	f	2025-07-22 07:12:14.618868+00	11	16	133
34	C	t	2025-07-22 07:12:45.667581+00	9	25	136
26	C	f	2025-07-22 07:12:20.940302+00	12	4	135
69	C	t	2025-07-22 07:15:13.19441+00	12	27	139
42	B	t	2025-07-22 07:13:17.341722+00	13	9	141
31	D	t	2025-07-22 07:12:47.025405+00	9	19	134
59	D	t	2025-07-22 07:14:30.438175+00	11	36	130
47	A	f	2025-07-22 07:14:15.771919+00	12	28	149
36	C	t	2025-07-22 07:12:50.880697+00	9	25	137
37	C	t	2025-07-22 07:12:52.829764+00	13	31	140
22	B	t	2025-07-22 07:13:18.174602+00	14	24	135
38	C	t	2025-07-22 07:12:56.140445+00	13	13	159
27	C	f	2025-07-22 07:13:18.4807+00	10	3	135
56	D	t	2025-07-22 07:14:17.165741+00	8	32	162
43	C	t	2025-07-22 07:13:25.895651+00	12	27	136
44	C	t	2025-07-22 07:13:27.479126+00	8	32	140
60	B	t	2025-07-22 07:14:32.186819+00	8	8	141
45	B	t	2025-07-22 07:13:36.418927+00	9	5	138
46	B	t	2025-07-22 07:13:36.65856+00	14	12	121
61	B	t	2025-07-22 07:14:32.474283+00	11	16	114
70	D	t	2025-07-22 07:15:14.587173+00	9	19	142
51	C	t	2025-07-22 07:14:21.012813+00	9	6	139
57	A	f	2025-07-22 07:14:21.28798+00	13	11	122
62	D	f	2025-07-22 07:14:41.526387+00	14	12	122
63	B	t	2025-07-22 07:14:48.696405+00	12	27	138
71	C	t	2025-07-22 07:15:16.97381+00	13	11	123
64	B	t	2025-07-22 07:16:33.825821+00	9	6	141
84	D	t	2025-07-22 07:16:00.213007+00	11	35	111
66	C	t	2025-07-22 07:15:05.335041+00	11	16	115
72	B	t	2025-07-22 07:15:17.717078+00	13	13	156
67	A	f	2025-07-22 07:15:07.903619+00	14	12	123
73	D	t	2025-07-22 07:15:21.576783+00	11	35	162
77	D	f	2025-07-22 07:15:38.016309+00	13	9	125
74	B	t	2025-07-22 07:15:23.963514+00	12	17	120
81	B	t	2025-07-22 07:15:48.118974+00	13	11	124
78	A	f	2025-07-22 07:15:39.774538+00	13	20	143
82	B	t	2025-07-22 07:15:54.306998+00	12	4	141
89	B	t	2025-07-22 07:16:15.079232+00	13	31	110
85	B	t	2025-07-22 07:16:44.565896+00	9	6	144
87	C	t	2025-07-22 07:16:11.709897+00	10	10	136
86	B	t	2025-07-22 07:16:06.766351+00	12	17	121
88	B	t	2025-07-22 07:16:13.177322+00	14	29	148
75	C	f	2025-07-22 07:16:12.114106+00	12	28	150
83	A	f	2025-07-22 07:16:20.569393+00	8	8	143
90	C	t	2025-07-22 07:16:17.870331+00	8	32	115
58	C	t	2025-07-22 07:16:24.171348+00	9	6	140
91	B	t	2025-07-22 07:16:26.476372+00	9	19	145
65	A	f	2025-07-22 07:16:28.912082+00	10	3	139
92	D	t	2025-07-22 07:16:27.558905+00	12	4	142
93	D	t	2025-07-22 07:16:29.573878+00	13	31	111
94	A	f	2025-07-22 07:16:30.030677+00	14	29	149
95	D	t	2025-07-22 07:16:30.817525+00	8	32	116
96	D	t	2025-07-22 07:16:34.266747+00	11	15	134
97	B	t	2025-07-22 07:16:37.080193+00	13	20	144
98	B	t	2025-07-22 07:16:37.615451+00	14	12	124
99	C	t	2025-07-22 07:16:38.961237+00	8	32	117
101	C	t	2025-07-22 07:16:41.133377+00	9	5	129
100	D	t	2025-07-22 07:16:40.879981+00	11	16	116
76	B	t	2025-07-22 07:16:40.380261+00	9	6	143
117	C	t	2025-07-22 07:17:04.816786+00	11	15	136
151	C	f	2025-07-22 07:18:39.375127+00	10	26	146
128	C	t	2025-07-22 07:17:45.734414+00	9	19	149
129	A	f	2025-07-22 07:17:45.956907+00	13	20	147
130	A	f	2025-07-22 07:17:46.457983+00	12	4	143
131	D	t	2025-07-22 07:17:50.222376+00	9	5	130
103	B	f	2025-07-22 07:16:46.167848+00	14	24	137
105	D	t	2025-07-22 07:16:46.41461+00	9	19	146
133	A	f	2025-07-22 07:17:56.572744+00	10	26	143
118	B	t	2025-07-22 07:17:11.775172+00	10	3	141
134	D	t	2025-07-22 07:17:58.994691+00	12	27	151
135	A	f	2025-07-22 07:17:59.846417+00	11	15	137
119	C	f	2025-07-22 07:17:17.312534+00	14	29	150
136	B	t	2025-07-22 07:18:00.715478+00	9	6	150
137	C	t	2025-07-22 07:18:05.41465+00	13	11	112
106	A	f	2025-07-22 07:16:49.666443+00	9	14	162
152	B	t	2025-07-22 07:18:40.05166+00	13	31	127
104	B	f	2025-07-22 07:16:51.51463+00	13	11	126
179	D	t	2025-07-22 07:19:30.454597+00	11	36	151
172	C	t	2025-07-22 07:19:24.936077+00	11	16	119
107	B	t	2025-07-22 07:16:52.059147+00	8	32	118
108	D	t	2025-07-22 07:16:52.698207+00	13	31	113
109	C	t	2025-07-22 07:16:52.838332+00	12	28	132
110	D	t	2025-07-22 07:16:53.156777+00	12	27	130
132	C	t	2025-07-22 07:18:08.214022+00	11	16	117
111	B	t	2025-07-22 07:16:53.554043+00	11	15	135
138	C	t	2025-07-22 07:18:08.52411+00	13	31	117
112	D	t	2025-07-22 07:16:57.656428+00	13	13	151
113	D	t	2025-07-22 07:16:57.876837+00	8	30	146
139	B	t	2025-07-22 07:18:09.195032+00	12	17	122
114	C	t	2025-07-22 07:17:00.136809+00	11	35	132
115	B	f	2025-07-22 07:17:02.457976+00	13	9	131
140	C	t	2025-07-22 07:18:15.300934+00	8	18	132
116	B	t	2025-07-22 07:17:03.483776+00	9	19	147
141	C	t	2025-07-22 07:18:16.522085+00	14	24	139
166	A	f	2025-07-22 07:19:03.577451+00	12	27	152
142	C	t	2025-07-22 07:18:18.925368+00	11	35	112
154	B	t	2025-07-22 07:18:44.259353+00	9	6	110
143	C	t	2025-07-22 07:18:19.881568+00	9	6	132
120	B	t	2025-07-22 07:17:23.199851+00	9	14	161
124	C	t	2025-07-22 07:18:26.186481+00	14	29	132
144	B	f	2025-07-22 07:18:27.669495+00	14	23	159
173	C	t	2025-07-22 07:19:25.201044+00	13	31	129
121	B	t	2025-07-22 07:17:25.284697+00	9	19	148
145	D	t	2025-07-22 07:18:29.67419+00	9	5	131
155	D	t	2025-07-22 07:18:46.23566+00	11	36	131
146	B	t	2025-07-22 07:18:31.753032+00	8	30	148
156	B	t	2025-07-22 07:18:47.012115+00	11	16	118
102	B	t	2025-07-22 07:17:31.344686+00	8	21	144
122	B	t	2025-07-22 07:17:32.462159+00	14	24	138
123	B	t	2025-07-22 07:17:33.227527+00	11	35	110
125	D	t	2025-07-22 07:17:33.968458+00	12	27	131
126	C	t	2025-07-22 07:17:39.82856+00	14	12	125
127	D	t	2025-07-22 07:17:43.542509+00	10	3	162
148	D	t	2025-07-22 07:18:36.545517+00	9	6	109
153	C	t	2025-07-22 07:19:06.444857+00	14	24	140
149	B	f	2025-07-22 07:18:38.728695+00	10	10	140
150	B	t	2025-07-22 07:18:39.133683+00	11	15	138
157	B	t	2025-07-22 07:18:53.577349+00	8	32	120
158	D	t	2025-07-22 07:18:53.834221+00	9	6	111
167	D	t	2025-07-22 07:19:10.325847+00	14	29	109
159	D	f	2025-07-22 07:18:54.240619+00	12	4	144
160	B	t	2025-07-22 07:18:55.481319+00	8	18	110
174	B	t	2025-07-22 07:19:26.635263+00	13	9	157
161	B	t	2025-07-22 07:18:56.077024+00	10	3	157
168	D	t	2025-07-22 07:19:11.045772+00	9	6	113
162	B	t	2025-07-22 07:18:58.417986+00	13	31	128
163	D	t	2025-07-22 07:18:59.709395+00	9	5	151
164	B	t	2025-07-22 07:18:59.946312+00	13	20	148
169	A	t	2025-07-22 07:19:17.645786+00	9	14	158
165	C	t	2025-07-22 07:19:02.011041+00	9	6	112
194	D	t	2025-07-22 07:19:56.037995+00	9	6	116
170	C	t	2025-07-22 07:19:18.727469+00	10	34	132
180	B	t	2025-07-22 07:19:31.689611+00	9	14	128
175	B	t	2025-07-22 07:19:29.2155+00	9	6	114
171	C	t	2025-07-22 07:19:20.714121+00	11	15	139
147	D	t	2025-07-22 07:19:21.433119+00	12	28	109
187	D	t	2025-07-22 07:19:44.225222+00	13	31	130
181	B	t	2025-07-22 07:19:32.653288+00	8	18	114
176	C	t	2025-07-22 07:19:29.801509+00	9	19	117
177	B	t	2025-07-22 07:19:30.002178+00	13	13	150
178	B	f	2025-07-22 07:19:30.067348+00	12	17	123
184	B	t	2025-07-22 07:19:41.018796+00	9	5	152
182	A	f	2025-07-22 07:19:37.546503+00	8	32	145
183	B	t	2025-07-22 07:19:38.728903+00	13	11	114
185	C	t	2025-07-22 07:19:41.188212+00	8	30	123
186	C	t	2025-07-22 07:19:41.428974+00	9	6	115
189	A	t	2025-07-22 07:19:49.345981+00	14	12	126
188	B	t	2025-07-22 07:19:45.733895+00	9	19	118
190	B	t	2025-07-22 07:19:50.314089+00	14	24	141
191	C	t	2025-07-22 07:19:51.421128+00	13	13	132
192	B	t	2025-07-22 07:19:54.178419+00	12	17	124
193	C	t	2025-07-22 07:19:55.767558+00	13	9	155
195	C	t	2025-07-22 07:19:56.712313+00	13	11	115
196	B	t	2025-07-22 07:19:58.532852+00	8	30	147
197	A	f	2025-07-22 07:20:01.625891+00	9	14	127
200	C	t	2025-07-22 07:20:03.852081+00	9	19	119
198	D	t	2025-07-22 07:20:02.632457+00	11	35	113
199	C	f	2025-07-22 07:20:11.958399+00	14	29	110
201	C	t	2025-07-22 07:20:04.903647+00	11	15	140
227	A	f	2025-07-22 07:21:01.377899+00	10	34	111
202	C	t	2025-07-22 07:20:05.870946+00	9	5	153
228	B	t	2025-07-22 07:21:01.679032+00	8	30	150
203	B	t	2025-07-22 07:20:10.167435+00	8	32	124
204	B	t	2025-07-22 07:20:12.183788+00	13	13	145
257	D	t	2025-07-22 07:22:04.471505+00	12	27	146
244	B	t	2025-07-22 07:21:37.277127+00	14	12	127
205	C	f	2025-07-22 07:20:12.978629+00	10	26	109
206	B	t	2025-07-22 07:20:13.226024+00	11	16	120
207	B	t	2025-07-22 07:20:16.375734+00	13	31	152
208	B	t	2025-07-22 07:20:18.086126+00	9	6	120
230	A	t	2025-07-22 07:21:06.401387+00	9	14	126
209	D	t	2025-07-22 07:20:21.961931+00	13	20	109
210	B	t	2025-07-22 07:20:27.311821+00	9	6	121
286	C	f	2025-07-22 07:23:15.799213+00	12	28	116
211	B	f	2025-07-22 07:20:29.498728+00	14	24	142
212	B	t	2025-07-22 07:20:31.787684+00	12	28	110
245	D	t	2025-07-22 07:21:37.961682+00	8	32	111
231	B	t	2025-07-22 07:21:07.159168+00	9	6	122
232	B	t	2025-07-22 07:21:07.393536+00	13	11	118
233	C	t	2025-07-22 07:21:08.780144+00	13	13	153
265	C	t	2025-07-22 07:22:29.256826+00	8	30	119
234	D	f	2025-07-22 07:21:09.124528+00	12	4	145
214	C	t	2025-07-22 07:20:36.226359+00	9	14	123
246	C	t	2025-07-22 07:21:50.360264+00	10	3	115
213	D	t	2025-07-22 07:20:36.717502+00	11	35	146
218	B	t	2025-07-22 07:22:04.912293+00	10	26	110
247	C	f	2025-07-22 07:21:50.69491+00	11	36	152
217	B	t	2025-07-22 07:20:40.121295+00	9	19	124
274	A	f	2025-07-22 07:22:59.212007+00	14	12	128
258	B	t	2025-07-22 07:22:05.735047+00	11	15	143
215	B	t	2025-07-22 07:20:43.685376+00	11	15	141
249	C	t	2025-07-22 07:21:53.051279+00	8	30	112
219	C	t	2025-07-22 07:20:50.403271+00	9	5	154
220	D	t	2025-07-22 07:20:50.631967+00	13	20	116
250	D	t	2025-07-22 07:21:53.747986+00	12	28	113
221	A	f	2025-07-22 07:20:52.572087+00	12	17	125
222	B	t	2025-07-22 07:20:55.896353+00	11	16	121
266	D	t	2025-07-22 07:22:30.723377+00	14	29	113
216	C	t	2025-07-22 07:20:56.488293+00	8	8	149
236	C	t	2025-07-22 07:21:19.259355+00	12	28	112
223	C	t	2025-07-22 07:20:56.80993+00	9	19	125
238	C	t	2025-07-22 07:22:10.140248+00	13	31	154
224	D	t	2025-07-22 07:20:57.376579+00	12	28	111
229	B	f	2025-07-22 07:21:19.557137+00	11	35	109
225	A	f	2025-07-22 07:20:59.53344+00	14	23	160
226	A	f	2025-07-22 07:21:00.979901+00	14	29	111
267	B	t	2025-07-22 07:22:30.984702+00	11	16	122
237	A	f	2025-07-22 07:21:20.033924+00	8	32	125
251	B	f	2025-07-22 07:21:56.648151+00	9	14	159
259	D	t	2025-07-22 07:22:10.995427+00	8	30	113
280	C	t	2025-07-22 07:23:09.53505+00	14	12	129
239	C	t	2025-07-22 07:21:25.514243+00	9	6	155
275	C	t	2025-07-22 07:23:00.762826+00	10	3	129
283	C	t	2025-07-22 07:23:12.134631+00	12	17	129
252	B	t	2025-07-22 07:21:58.275056+00	14	23	161
241	C	f	2025-07-22 07:21:27.568502+00	12	17	126
240	C	f	2025-07-22 07:22:15.051498+00	8	8	109
242	B	t	2025-07-22 07:21:32.24272+00	9	14	157
243	D	t	2025-07-22 07:21:36.443125+00	11	15	142
268	B	t	2025-07-22 07:22:42.103799+00	11	15	144
254	B	f	2025-07-22 07:22:00.14529+00	10	3	112
255	C	f	2025-07-22 07:22:00.414236+00	12	17	127
260	D	f	2025-07-22 07:22:16.186542+00	9	14	160
261	B	t	2025-07-22 07:22:17.47343+00	12	28	114
248	B	t	2025-07-22 07:22:03.043186+00	9	6	156
256	B	t	2025-07-22 07:22:04.116029+00	14	24	143
253	B	t	2025-07-22 07:23:12.362931+00	8	18	157
269	B	t	2025-07-22 07:22:42.629884+00	10	3	121
262	D	t	2025-07-22 07:22:22.285514+00	14	23	162
235	B	f	2025-07-22 07:22:23.375117+00	14	29	112
270	B	t	2025-07-22 07:22:45.761511+00	14	24	144
263	B	t	2025-07-22 07:22:25.549568+00	12	17	128
276	D	f	2025-07-22 07:23:10.218328+00	11	15	145
271	B	t	2025-07-22 07:22:46.697106+00	8	32	121
264	D	t	2025-07-22 07:22:28.560159+00	10	10	113
272	B	t	2025-07-22 07:22:49.173357+00	12	27	147
273	A	t	2025-07-22 07:22:53.51207+00	14	23	158
284	C	t	2025-07-22 07:23:13.39967+00	11	16	123
277	A	f	2025-07-22 07:23:04.762888+00	14	29	114
281	D	t	2025-07-22 07:23:10.503421+00	10	34	116
278	C	t	2025-07-22 07:23:05.083067+00	12	28	115
279	A	t	2025-07-22 07:23:05.881097+00	8	30	126
282	B	t	2025-07-22 07:23:11.743036+00	10	26	114
290	C	t	2025-07-22 07:23:25.345429+00	11	36	153
287	A	f	2025-07-22 07:23:16.808743+00	11	35	147
285	B	t	2025-07-22 07:23:14.215504+00	8	30	127
289	D	t	2025-07-22 07:23:22.38991+00	14	12	130
288	B	t	2025-07-22 07:23:17.914231+00	14	24	145
296	C	t	2025-07-22 07:23:38.318016+00	8	30	129
291	B	t	2025-07-22 07:23:26.408022+00	8	30	128
292	C	t	2025-07-22 07:23:26.763761+00	10	26	117
293	C	t	2025-07-22 07:23:32.819252+00	12	28	117
294	C	t	2025-07-22 07:23:33.631945+00	14	29	115
301	D	t	2025-07-22 07:23:51.515054+00	14	29	116
295	B	t	2025-07-22 07:23:38.060209+00	10	26	118
298	A	f	2025-07-22 07:23:43.136626+00	11	15	148
299	D	t	2025-07-22 07:23:43.899169+00	12	27	162
300	B	t	2025-07-22 07:23:47.339026+00	10	3	128
297	B	t	2025-07-22 07:24:12.963173+00	11	16	124
302	B	t	2025-07-22 07:23:49.919517+00	12	28	118
330	C	t	2025-07-22 07:24:54.116526+00	14	12	153
303	D	t	2025-07-22 07:23:50.926219+00	8	30	130
304	D	t	2025-07-22 07:23:51.927524+00	14	24	146
331	B	t	2025-07-22 07:24:54.647959+00	8	30	152
306	A	f	2025-07-22 07:23:56.733743+00	11	35	150
307	A	f	2025-07-22 07:23:57.516705+00	8	21	122
332	B	t	2025-07-22 07:24:57.342198+00	10	3	138
308	A	f	2025-07-22 07:23:58.139566+00	10	3	127
333	A	f	2025-07-22 07:25:09.630813+00	8	32	160
309	B	t	2025-07-22 07:23:58.283252+00	11	36	161
305	C	t	2025-07-22 07:23:58.535688+00	14	29	117
310	A	f	2025-07-22 07:23:59.593211+00	12	17	153
334	B	f	2025-07-22 07:25:10.214347+00	10	3	142
311	A	f	2025-07-22 07:24:01.18807+00	11	15	149
313	A	f	2025-07-22 07:24:02.14824+00	10	26	120
312	B	t	2025-07-22 07:24:07.16831+00	8	32	161
314	A	f	2025-07-22 07:24:07.906339+00	14	23	154
315	D	t	2025-07-22 07:24:10.947343+00	10	3	130
316	C	f	2025-07-22 07:24:17.281194+00	14	29	118
317	A	f	2025-07-22 07:24:21.912587+00	11	35	125
318	B	f	2025-07-22 07:24:23.004821+00	14	12	131
319	B	t	2025-07-22 07:24:23.457424+00	14	24	147
320	D	t	2025-07-22 07:24:26.856899+00	8	30	131
321	A	t	2025-07-22 07:24:31.338242+00	8	32	158
322	B	f	2025-07-22 07:24:34.058199+00	14	12	151
323	A	f	2025-07-22 07:24:39.012362+00	14	29	119
325	D	t	2025-07-22 07:24:40.847315+00	8	30	151
326	D	t	2025-07-22 07:24:42.049818+00	10	3	131
324	A	t	2025-07-22 07:24:42.344232+00	12	28	158
327	A	f	2025-07-22 07:24:46.941569+00	14	12	152
328	B	t	2025-07-22 07:24:48.060421+00	14	29	120
329	C	t	2025-07-22 07:24:52.383582+00	8	32	159
\.


--
-- Data for Name: pramlearnapp_material; Type: TABLE DATA; Schema: public; Owner: pramadmin
--

COPY public.pramlearnapp_material (id, title, slug, created_at, updated_at, subject_id) FROM stdin;
1	Pengenalan Jaringan Komputer	pengenalan-jaringan-komputer	2024-01-15 10:00:00+00	2025-07-22 03:50:43.347199+00	1
\.


--
-- Data for Name: pramlearnapp_material_pdf_files; Type: TABLE DATA; Schema: public; Owner: pramadmin
--

COPY public.pramlearnapp_material_pdf_files (id, material_id, file_id) FROM stdin;
1	1	1
2	1	5
3	1	6
\.


--
-- Data for Name: pramlearnapp_materialyoutubevideo; Type: TABLE DATA; Schema: public; Owner: pramadmin
--

COPY public.pramlearnapp_materialyoutubevideo (id, url, material_id) FROM stdin;
4	https://www.youtube.com/watch?v=MIWbGhug-HA	1
5	https://www.youtube.com/watch?v=3QhU9jd03a0	1
6	https://www.youtube.com/watch?v=AEaKrq3SpW8	1
\.


--
-- Data for Name: pramlearnapp_question; Type: TABLE DATA; Schema: public; Owner: pramadmin
--

COPY public.pramlearnapp_question (id, text, choice_a, choice_b, choice_c, choice_d, correct_choice, quiz_id) FROM stdin;
133	Di lantai dua sebuah rumah, sinyal Wi-Fi dari router di lantai satu sangat lemah. Perangkat apakah yang paling praktis untuk dipasang guna memperluas jangkauan sinyal nirkabel tersebut?	Hub	Wi-Fi Extender	Modem baru	Server	B	1
134	Dalam jaringan rumah Anda, perangkat manakah yang berfungsi sebagai gerbang utama (gateway) yang menghubungkan jaringan lokal Anda ke Internet?	Switch	NIC	Server	Router	D	1
135	Sebuah jaringan LAN dengan 30 komputer yang menggunakan Hub sebagai pusat koneksi terasa sangat lambat, terutama saat banyak pengguna aktif. Penyebab paling mungkin dari masalah ini adalah...	Kabel UTP yang digunakan terlalu panjang	Terlalu sering terjadi tabrakan data (collision) karena sifat Hub	Server yang digunakan memiliki spesifikasi rendah	Semua komputer terinfeksi virus yang sama	B	1
136	Dibandingkan dengan kabel UTP, keunggulan utama dari media transmisi Fiber Optic adalah...	Biaya instalasi yang murah	Tingkat fleksibilitas kabel	Kecepatan sinyal	Ketersediaan di pasaran	C	1
137	Pernyataan yang mendeskripsikan peran sebuah Router adalah	1 dan 2	2 dan 3	3 dan 4	1 dan 4	C	1
138	Untuk membangun jaringan Wi-Fi di rumah agar terhubung ke internet, kombinasi perangkat minimal yang harus ada adalah	Switch, Hub, dan Kabel UTP	Modem, Router Wi-Fi, dan Perangkat Client	Server, Client, dan Kabel Fiber Optic	Repeater, Switch, dan Server	B	1
139	Saat menggunakan jaringan Wi-Fi publik di kafe atau bandara, apakah risiko keamanan utama yang harus diwaspadai oleh pengguna?	Kecepatan internet yang menjadi lambat	Baterai perangkat menjadi cepat habis	pencurian data pribadi oleh pihak ketiga (Man-in-the-Middle Attack)	Perangkat menjadi panas karena terlalu banyak pengguna	C	1
140	Apakah perbedaan mendasar antara MAC Address dan IP Address?	MAC Address bisa diubah, IP Address tidak bisa	MAC Address digunakan untuk identifikasi di internet, IP Address di LAN	MAC Address adalah alamat fisik permanen, IP Address adalah alamat logika yang bisa berubah	Keduanya adalah alamat yang sama, hanya beda nama	C	1
141	Mengapa koneksi menggunakan Wi-Fi umumnya dianggap kurang stabil dibandingkan koneksi menggunakan kabel Ethernet?	Karena Wi-Fi lebih mahal	Karena sinyal Wi-Fi rentan terhadap interferensi dari perangkat lain dan halangan fisik	Karena Wi-Fi memerlukan driver khusus yang sulit ditemukan	Karena Wi-Fi mengonsumsi lebih banyak daya listrik	B	1
142	Jika semua komputer di sebuah LAN bisa saling berkomunikasi tetapi tidak ada satupun yang bisa mengakses internet, di manakah kemungkinan besar letak masalahnya?	Pada masing-masing NIC komputer	Pada Switch yang menghubungkan komputer	Pada kabel UTP setiap komputer	Pada Router atau koneksi ke modem	D	1
143	Dalam sebuah jaringan kantor, komputer-komputer karyawan terhubung ke sebuah Switch, dan Switch tersebut terhubung ke sebuah Router yang tersambung ke internet. Apakah fungsi utama Switch dalam skenario ini?	Memberikan koneksi internet ke semua komputer	Menjadi jembatan komunikasi antar komputer di dalam kantor	Memberikan keamanan dari serangan virus	Menyimpan semua file pekerjaan karyawan	B	1
144	Sebuah kantor merancang jaringan tanpa bertanya pada pengguna. Mereka membeli switch 24-port dan paket internet 50 Mbps. Ternyata, ada 30 karyawan yang sering melakukan video conference. Akibatnya, jaringan sangat lambat dan port tidak cukup. Evaluasi manakah yang paling tepat mengenai kesalahan fundamental dalam kasus ini?	Kesalahan terjadi karena merek switch yang dibeli memiliki kualitas yang buruk.	Kesalahan terjadi karena tidak melakukan analisis kebutuhan pengguna dan aplikasi.	Kesalahan terjadi karena tata letak fisik ruangan tidak diukur dengan benar.	Kesalahan terjadi karena tidak menggunakan kabel Fiber Optic untuk semua koneksi.	B	1
145	Seorang admin jaringan memutuskan untuk tidak memasang Firewall dengan alasan dapat memperlambat koneksi. Ia hanya mengandalkan password yang kuat untuk setiap komputer. Evaluasi manakah yang paling tepat mengenai keputusan admin tersebut?	Keputusan tersebut sudah tepat karena password yang kuat cukup untuk semua keamanan.	Keputusan tersebut sangat berisiko karena menghilangkan "pagar" pelindung utama jaringan.	Keputusan tersebut dapat diterima karena Firewall memang tidak terlalu penting untuk jaringan.	Keputusan tersebut bagus untuk performa karena koneksi internet akan menjadi lebih cepat.	B	1
146	Sebuah bank ingin menghubungkan kantor pusatnya di Bandung dengan seluruh kantor cabang yang tersebar di beberapa kota besar di Jawa Barat. Mereka membutuhkan koneksi privat yang andal. Evaluasi manakah yang paling tepat mengenai jenis jaringan yang harus mereka bangun?	PAN	LAN	MAN	WAN	D	1
147	Sebuah kafe ingin menyediakan koneksi internet untuk pelanggan yang sering berpindah-pindah tempat duduk dengan laptopnya. Teknisi menyarankan untuk menggunakan jaringan kabel (Ethernet) ke setiap meja agar koneksi stabil. Evaluasi manakah yang paling tepat mengenai saran teknisi tersebut?	Saran tersebut sangat tepat karena kabel memberikan kecepatan tertinggi untuk pelanggan.	Saran tersebut kurang tepat karena tidak mendukung mobilitas dan fleksibilitas pengguna.	Saran tersebut adalah satu-satunya cara agar koneksi internet di kafe bisa aman.	Saran tersebut bagus karena biaya instalasi kabel jauh lebih murah daripada Wi-Fi.	B	1
148	Seorang admin jaringan memutuskan untuk menggunakan Hub daripada Switch untuk jaringan kantor baru dengan 50 komputer dengan alasan harga Hub lebih murah. Dari sudut pandang performa, mengapa keputusan ini kurang tepat?	Hub memerlukan konfigurasi yang lebih rumit	Hub akan menyebabkan traffic jaringan menjadi padat dan lambat	Hub mengkonsumsi daya listrik yang lebih besar	Hub tidak kompatibel dengan komputer modern	B	1
149	Rumah sakit menyimpan semua data pasien penting hanya di satu server utama dengan spesifikasi sangat tinggi. Evaluasi manakah yang paling tepat mengenai strategi penyimpanan data rumah sakit tersebut?	Strategi ini sangat baik karena server tunggal lebih mudah untuk dikelola dan dirawat.	Strategi ini sudah cukup aman karena spesifikasi server yang tinggi menjamin tidak akan rusak.	Strategi ini sangat berisiko karena menciptakan Single Point of Failure (titik kegagalan tunggal).	Strategi ini hemat biaya karena tidak perlu membeli server tambahan untuk cadangan.	C	1
150	Sebuah kantor memiliki 30 komputer yang terhubung ke sebuah Switch dan semuanya bisa saling berbagi file dengan cepat. Namun, tidak ada satupun komputer yang bisa mengakses Google. Perangkat Router ada, namun belum terhubung ke Switch. Evaluasi manakah yang paling tepat mengenai situasi ini?	Situasi terjadi karena Switch tidak berfungsi untuk menghubungkan komputer dalam satu LAN.	Situasi terjadi karena Switch tidak bisa meneruskan data ke jaringan luar seperti internet.	Situasi terjadi karena jumlah komputer terlalu banyak untuk ditangani oleh satu Switch.	Situasi terjadi karena kabel yang digunakan untuk menghubungkan komputer salah jenis.	B	1
132	Sebuah kantor hanya memiliki satu koneksi internet. Perangkat apakah yang dibutuhkan agar koneksi tersebut bisa dibagikan ke semua komputer karyawan?	Server	Switch	Router	Printer	C	1
109	Ketika sebuah laboratorium komputer dengan 30 PC dapat menggunakan satu printer secara bersama-sama, hal ini menunjukkan manfaat jaringan komputer dalam hal	Keamanan data	Reliabilitas tinggi	Komunikasi efisien	Menghemat Sumber Daya	D	1
110	Sekumpulan dua atau lebih perangkat komputasi yang saling terhubung dengan tujuan untuk berbagi data dan sumber daya disebut	Sistem Operasi	Jaringan Komputer	Topologi	Protokol	B	1
111	Jaringan komputer dengan skala jangkauan paling kecil yang biasanya digunakan untuk menghubungkan perangkat pribadi seperti smartphone dengan headset bluetooth adalah	LAN	MAN	WAN	PAN	D	1
112	Perangkat keras yang berfungsi untuk menghubungkan dua atau lebih jaringan yang berbeda, misalnya menghubungkan jaringan lokal (LAN) ke jaringan internet adalah	Switch	Hub	Router	Repeater	C	1
113	Setiap kartu jaringan (NIC) memiliki sebuah alamat fisik unik yang tidak bisa diubah dan menjadi identitas perangkat keras tersebut. Alamat ini disebut	IP Address	Subnet Mask	Gateway	MAC Address	D	1
114	Apakah nama kumpulan protokol yang menjadi aturan standar untuk komunikasi data di seluruh jaringan internet?	HTTP/FTP	TCP/IP	POP3/SMTP	LAN/WAN	B	1
115	Apakah sebutan untuk komputer yang meminta atau mengakses layanan dari komputer lain?	Server	Host	Client	Node	C	1
116	Manakah di bawah ini yang merupakan contoh dari media transmisi jaringan yang menggunakan kabel?	Bluetooth	Wi-Fi	Infrared	UTP	D	1
117	Apakah nama proyek penelitian di Amerika Serikat pada tahun 1960-an yang menjadi cikal bakal lahirnya internet?	ETHERNET	WWW	ARPANET	NSFNET	C	1
118	Selain biaya dan manajemen, apakah salah satu risiko utama yang harus dihadapi dalam sebuah jaringan komputer?	Kecepatan transfer data	Masalah keamanan	Keterbatasan jarak	Kompatibilitas perangkat	B	1
119	Pernyataan yang paling tepat untuk menjelaskan perbedaan utama antara Hub dan Switch adalah	Hub lebih cepat dari Switch	Switch meneruskan data ke seluruh port	Hub meneruskan data ke seluruh port.	Switch hanya untuk jaringan skala besar.	C	1
120	Dalam sebuah jaringan nirkabel, fungsi utama dari Access Point (AP) dapat diibaratkan sebagai	Polisi lalu lintas yang mengatur rute antar jaringan	Jembatan yang menghubungkan perangkat nirkabel ke jaringan kabel	Pustakawan yang menyimpan semua data penting	Satpam yang menjaga keamanan seluruh jaringan	B	1
121	Jaringan komputer yang menghubungkan kantor-kantor cabang sebuah bank yang tersebar di seluruh kota Bandung merupakan contoh implementasi dari	LAN	MAN	WAN	PAN	B	1
122	Manakah situasi yang paling baik dalam mendeskripsikan konsep reliabilitas tinggi dalam sebuah jaringan?	Jaringan memiliki kecepatan internet yang sangat tinggi	Data penting perusahaan disalin secara otomatis ke server cadangan	Semua komputer dalam jaringan menggunakan merek yang sama	Jaringan dapat diakses dari mana saja di seluruh dunia	B	1
123	Apakah perbedaan mendasar antara Internet dengan World Wide Web (WWW)?	Keduanya adalah hal yang sama persis	Internet adalah layanannya, WWW adalah infrastrukturnya	Internet adalah infrastruktur fisiknya, WWW adalah salah satu layanan di atasnya	Internet hanya ada di Amerika, WWW ada di seluruh dunia	C	1
124	Mengapa tahap analisis kebutuhan pengguna dianggap sangat penting sebelum membangun jaringan?	Agar bisa membeli perangkat dengan merek termahal	Untuk memastikan jaringan yang dibangun sesuai dengan tujuan dan anggaran	Untuk mempercepat proses instalasi kabel jaringan	Agar bisa langsung menentukan alamat IP untuk setiap komputer	B	1
125	Bagaimana cara kerja sebuah Router dalam mengirimkan data antar jaringan?	Dengan meneruskan data ke semua perangkat yang terhubung	Dengan mengenali alamat fisik (MAC Address) perangkat tujuan	Dengan memilih rute terbaik berdasarkan alamat logika (IP Address) tujuan	Dengan memperkuat sinyal yang diterima lalu memancarkannya kembali	C	1
126	Apakah contoh dampak yang terjadi jika server pusat sebuah bank mengalami kegagalan total tanpa adanya cadangan?	Nasabah tidak bisa menarik uang melalui ATM	Kecepatan internet di kantor bank menjadi lambat	Tampilan website bank berubah menjadi jelek	Semua komputer nasabah akan terinfeksi virus	A	1
127	Anda ditugaskan untuk membangun jaringan baru di laboratorium komputer yang terdiri dari 40 PC dan 1 server. Agar komunikasi data antar PC berjalan efisien dan data hanya dikirim ke PC yang dituju, perangkat sentral yang paling tepat untuk digunakan adalah	Hub	Switch	Router	Modem	B	1
128	Saat Anda membuka aplikasi browser dan mengetikkan alamat https://www.google.com/search?q=google.com, maka komputer atau laptop yang Anda gunakan sedang berperan sebagai	Server	Client	Router	Switch	B	1
129	Sebuah perusahaan multinasional ingin menghubungkan kantor pusat mereka di Jakarta dengan kantor cabang di Singapura dan Kuala Lumpur. Jenis jaringan yang harus mereka bangun adalah	LAN	MAN	WAN	PAN	C	1
130	Sebuah warung internet (warnet) memiliki 10 komputer untuk pelanggan yang semuanya harus bisa mengakses internet dan berbagi data. Jenis jaringan apakah yang paling tepat untuk dibangun di dalam warnet tersebut?	WAN	MAN	PAN	LAN	D	1
131	Sebuah perusahaan ingin menghubungkan dua gedung yang terpisah sejauh 1 km dengan koneksi yang sangat cepat dan tahan terhadap gangguan cuaca. Media transmisi apakah yang paling ideal untuk kebutuhan ini?	Kabel UTP Cat	Sinyal Wi-Fi	Sinyal Bluetooth	Kabel Fiber Optic	D	1
151	Anda berhasil menghubungkan smartwatch ke smartphone Anda menggunakan Bluetooth untuk menerima notifikasi. Evaluasi manakah yang paling tepat untuk mendeskripsikan jaringan yang baru saja Anda buat?	Anda telah membangun sebuah jaringan LAN kecil karena menghubungkan dua perangkat.	Anda telah membangun sebuah jaringan WAN karena menggunakan teknologi nirkabel.	Anda telah membangun sebuah jaringan MAN karena perangkat bisa dibawa keliling kota.	Anda telah membangun sebuah jaringan PAN karena jangkauannya sangat pendek dan personal.	D	1
152	Di Bahan Ajar 3, Switch diibaratkan sebagai "kurir paket yang cerdas" karena kemampuannya membaca alamat tujuan (MAC Address) dan mengantar data hanya ke penerima yang tepat. Evaluasi manakah yang paling mendukung kebenaran analogi tersebut?	Switch mampu mengirimkan satu paket data ke semua komputer.	Switch mampu mengurangi tabrakan data dan meningkatkan efisiensi.	Switch mampu menghubungkan jaringan yang berbeda, seperti antar kota.	Switch mampu memilih rute tercepat untuk pengiriman data ke internet.	B	1
153	Anda diminta merancang jaringan untuk acara live streaming di aula sekolah. Kebutuhan utamanya adalah koneksi kabel yang stabil untuk 3 PC panitia dan koneksi nirkabel untuk tamu. Kombinasi perangkat dan koneksi yang paling efektif untuk memenuhi kebutuhan tersebut adalah...	Menghubungkan PC panitia dan Access Point untuk tamu ke satu Hub besar yang sama.	Menghubungkan semua PC panitia dan menyediakan Wi-Fi untuk tamu menggunakan satu Router rumahan.	Menghubungkan PC panitia ke Switch via kabel dan memasang Access Point untuk tamu, dimana keduanya terhubung ke Router.	Menghubungkan semua PC panitia dan tamu ke beberapa Wi-Fi Extender yang terhubung secara nirkabel ke modem utama.	C	1
154	Sebuah kafe ingin menyediakan Wi-Fi untuk pelanggan serta koneksi kabel yang aman untuk mesin kasir. Untuk memisahkan lalu lintas data antara kasir dan pelanggan, desain jaringan yang paling tepat adalah...	Menghubungkan mesin kasir dan Access Point untuk pelanggan ke sebuah Hub yang sama agar mudah dikelola.	Menghubungkan mesin kasir via kabel ke Router dan menyediakan Wi-Fi untuk pelanggan dari Router yang sama.	Menghubungkan mesin kasir via kabel ke Switch dan menyediakan Wi-Fi dari Access Point yang terhubung ke Router.	Menyediakan dua jaringan Wi-Fi terpisah dari satu Router, satu untuk kasir dan satu untuk pelanggan.	C	1
155	Jaringan di sebuah sekolah seringkali lambat pada jam istirahat karena banyak siswa mengakses video. Usulan teknis apakah yang paling logis untuk diajukan guna mengatasi masalah ini?	Mengurangi jumlah komputer di sekolah	Mematikan jaringan pada jam istirahat	Meningkatkan paket bandwidth internet dan menerapkan aturan pembatasan akses video pada jam sibuk	Mengganti semua komputer dengan laptop	C	1
156	Anda diminta merancang strategi backup data untuk file server di kantor kecil untuk antisipasi kerusakan hard disk. Rencana backup data yang paling efektif dan otomatis adalah...	Menginstruksikan setiap karyawan untuk menyalin file penting ke komputer mereka setiap sore hari.	Mengkonfigurasi server untuk melakukan sinkronisasi data secara otomatis ke layanan cloud storage setiap malam.	Menyediakan satu hard disk eksternal besar yang digunakan secara bergantian oleh karyawan untuk backup manual.	Mengaktifkan fitur System Restore pada sistem operasi server agar bisa kembali ke kondisi sebelumnya.	B	1
157	Anda diminta membuat 3 aturan kebijakan keamanan paling dasar untuk jaringan Wi-Fi di rumah. Kombinasi kebijakan manakah yang paling efektif?	Membiarkan nama Wi-Fi default, tanpa password, dan menyala 24 jam	Mengganti nama Wi-Fi (SSID) agar tidak mudah ditebak, menggunakan password yang kuat, dan tidak membagikannya secara sembarangan	Memberitahu password Wi-Fi ke semua tetangga	Menggunakan password yang mudah diingat seperti "12345678"	B	1
158	Sebuah rumah bertingkat tiga ingin semua lantainya tercover sinyal Wi-Fi yang kuat dari satu sumber internet. Kombinasi perangkat apakah yang paling sesuai untuk menciptakan jaringan seperti ini?	Satu Router di lantai 1, dan satu Access Point di lantai 2 dan 3	Tiga modem internet terpisah untuk setiap lantai	Tiga Hub di setiap lantai	Satu Switch besar di lantai 1	A	1
159	Jika Anda diminta merancang jaringan untuk sebuah perpustakaan baru, urutan langkah analisis kebutuhan manakah yang paling logis?	Membeli router, menghitung pengguna, menentukan anggaran	Menentukan anggaran, menghitung pengguna, menentukan jenis layanan	Menghitung jumlah pengguna, menentukan jenis layanan yang dibutuhkan, menentukan anggaran	Memasang kabel, membeli switch, menghitung pengguna	C	1
160	Anda diminta merancang topologi untuk kantor dengan 10 staf dan 1 server file. Prioritasnya adalah koneksi internal yang cepat dan stabil serta akses internet untuk semua. Desain yang paling optimal adalah...	Menghubungkan semua staf dan server ke sebuah Hub, kemudian Hub dihubungkan ke Router untuk akses internet.	Menghubungkan semua staf dan server secara nirkabel ke satu Router Wi-Fi berkecepatan tinggi.	Menghubungkan semua staf dan server via kabel ke sebuah Switch, kemudian Switch dihubungkan ke Router.	Menghubungkan server ke Router, lalu semua staf terhubung ke server untuk mendapatkan akses internet.	C	1
161	Mengingat risiko kegagalan server pusat adalah salah satu kerugian jaringan, rencana mitigasi atau pencegahan apakah yang paling tepat untuk sebuah perusahaan?	Mematikan server setiap malam untuk menghemat listrik	Membuat jadwal backup data secara rutin ke lokasi yang berbeda	Membatasi jumlah pengguna yang bisa mengakses server	Tidak menyimpan data apapun di server	B	1
162	Jika Anda diminta untuk menghubungkan 5 komputer dan 1 printer di dalam satu ruangan kantor kecil agar bisa saling berbagi file, jenis jaringan apakah yang sedang Anda bangun?	WAN	MAN	Internet	LAN	D	1
\.


--
-- Data for Name: pramlearnapp_quiz; Type: TABLE DATA; Schema: public; Owner: pramadmin
--

COPY public.pramlearnapp_quiz (id, title, content, created_at, is_group_quiz, end_time, slug, duration, is_active, material_id) FROM stdin;
1	Kuis Jaringan Komputer - XI TJ 2	Kuis komprehensif tentang konsep dasar jaringan komputer dengan 54 soal	2025-07-01 10:00:00+00	t	2025-08-02 23:59:59+00	kuis-jaringan-komputer-xi-tj-2	16	t	1
\.


--
-- Data for Name: pramlearnapp_role; Type: TABLE DATA; Schema: public; Owner: pramadmin
--

COPY public.pramlearnapp_role (id, name, description) FROM stdin;
1	Admin	Administrator with full access
2	Teacher	Teacher with limited access
3	Student	Student with view access
\.


--
-- Data for Name: pramlearnapp_schedule; Type: TABLE DATA; Schema: public; Owner: pramadmin
--

COPY public.pramlearnapp_schedule (id, day_of_week, "time", class_obj_id, subject_id) FROM stdin;
\.


--
-- Data for Name: pramlearnapp_studentactivity; Type: TABLE DATA; Schema: public; Owner: pramadmin
--

COPY public.pramlearnapp_studentactivity (id, activity_type, title, "timestamp", related_object_id, student_id) FROM stdin;
1	material	Mengakses Materi: Pengenalan Jaringan Komputer	2025-07-22 06:28:55.07551+00	\N	3
2	material	Mengakses Materi: Pengenalan Jaringan Komputer	2025-07-22 06:33:12.828354+00	\N	14
3	material	Mengakses Materi: Pengenalan Jaringan Komputer	2025-07-22 06:34:05.779418+00	\N	35
4	material	Mengakses Materi: Pengenalan Jaringan Komputer	2025-07-22 06:38:35.638835+00	\N	3
5	material	Mengakses Materi: Pengenalan Jaringan Komputer	2025-07-22 06:39:11.244921+00	\N	20
6	material	Mengakses Materi: Pengenalan Jaringan Komputer	2025-07-22 06:39:15.204511+00	\N	10
7	material	Mengakses Materi: Pengenalan Jaringan Komputer	2025-07-22 06:39:20.539686+00	\N	32
8	material	Mengakses Materi: Pengenalan Jaringan Komputer	2025-07-22 06:39:21.838293+00	\N	31
9	material	Mengakses Materi: Pengenalan Jaringan Komputer	2025-07-22 06:39:23.121735+00	\N	19
10	material	Mengakses Materi: Pengenalan Jaringan Komputer	2025-07-22 06:39:30.027801+00	\N	15
11	material	Mengakses Materi: Pengenalan Jaringan Komputer	2025-07-22 06:39:37.252343+00	\N	36
12	material	Mengakses Materi: Pengenalan Jaringan Komputer	2025-07-22 06:39:54.632429+00	\N	23
13	material	Mengakses Materi: Pengenalan Jaringan Komputer	2025-07-22 06:39:55.319415+00	\N	28
14	material	Mengakses Materi: Pengenalan Jaringan Komputer	2025-07-22 06:39:57.242516+00	\N	13
15	material	Mengakses Materi: Pengenalan Jaringan Komputer	2025-07-22 06:40:01.395713+00	\N	12
16	material	Mengakses Materi: Pengenalan Jaringan Komputer	2025-07-22 06:40:04.277402+00	\N	17
17	material	Mengakses Materi: Pengenalan Jaringan Komputer	2025-07-22 06:40:19.900591+00	\N	3
18	material	Mengakses Materi: Pengenalan Jaringan Komputer	2025-07-22 06:40:30.032147+00	\N	13
19	material	Mengakses Materi: Pengenalan Jaringan Komputer	2025-07-22 06:40:36.639324+00	\N	3
20	material	Mengakses Materi: Pengenalan Jaringan Komputer	2025-07-22 06:40:39.356711+00	\N	24
21	material	Mengakses Materi: Pengenalan Jaringan Komputer	2025-07-22 06:40:39.769052+00	\N	9
22	material	Mengakses Materi: Pengenalan Jaringan Komputer	2025-07-22 06:40:39.888842+00	\N	3
23	material	Mengakses Materi: Pengenalan Jaringan Komputer	2025-07-22 06:40:42.659479+00	\N	11
24	material	Mengakses Materi: Pengenalan Jaringan Komputer	2025-07-22 06:40:44.242712+00	\N	6
25	material	Mengakses Materi: Pengenalan Jaringan Komputer	2025-07-22 06:40:52.47427+00	\N	16
26	material	Mengakses Materi: Pengenalan Jaringan Komputer	2025-07-22 06:40:55.597144+00	\N	29
27	material	Mengakses Materi: Pengenalan Jaringan Komputer	2025-07-22 06:41:00.153155+00	\N	30
28	material	Mengakses Materi: Pengenalan Jaringan Komputer	2025-07-22 06:41:03.378508+00	\N	8
29	material	Mengakses Materi: Pengenalan Jaringan Komputer	2025-07-22 06:41:14.276228+00	\N	5
30	material	Mengakses Materi: Pengenalan Jaringan Komputer	2025-07-22 06:41:24.160585+00	\N	24
31	material	Mengakses Materi: Pengenalan Jaringan Komputer	2025-07-22 06:41:26.908785+00	\N	26
32	material	Mengakses Materi: Pengenalan Jaringan Komputer	2025-07-22 06:42:09.677507+00	\N	25
33	material	Mengakses Materi: Pengenalan Jaringan Komputer	2025-07-22 06:42:29.644852+00	\N	13
34	material	Mengakses Materi: Pengenalan Jaringan Komputer	2025-07-22 06:42:40.259458+00	\N	24
35	material	Mengakses Materi: Pengenalan Jaringan Komputer	2025-07-22 06:42:47.18024+00	\N	24
36	material	Mengakses Materi: Pengenalan Jaringan Komputer	2025-07-22 06:42:58.369896+00	\N	24
37	material	Mengakses Materi: Pengenalan Jaringan Komputer	2025-07-22 06:43:01.974155+00	\N	31
38	material	Mengakses Materi: Pengenalan Jaringan Komputer	2025-07-22 06:43:14.259653+00	\N	21
39	material	Mengakses Materi: Pengenalan Jaringan Komputer	2025-07-22 06:43:23.854287+00	\N	4
40	material	Mengakses Materi: Pengenalan Jaringan Komputer	2025-07-22 06:43:25.316585+00	\N	27
41	material	Mengakses Materi: Pengenalan Jaringan Komputer	2025-07-22 06:43:42.183503+00	\N	21
42	material	Mengakses Materi: Pengenalan Jaringan Komputer	2025-07-22 06:44:02.358106+00	\N	21
43	material	Mengakses Materi: Pengenalan Jaringan Komputer	2025-07-22 06:45:21.168227+00	\N	18
44	material	Mengakses Materi: Pengenalan Jaringan Komputer	2025-07-22 06:45:27.050434+00	\N	34
45	material	Mengakses Materi: Pengenalan Jaringan Komputer	2025-07-22 06:45:36.434705+00	\N	26
46	material	Mengakses Materi: Pengenalan Jaringan Komputer	2025-07-22 06:46:22.617414+00	\N	8
47	material	Mengakses Materi: Pengenalan Jaringan Komputer	2025-07-22 06:48:38.471906+00	\N	14
48	material	Mengakses Materi: Pengenalan Jaringan Komputer	2025-07-22 06:48:52.084094+00	\N	14
49	material	Mengakses Materi: Pengenalan Jaringan Komputer	2025-07-22 06:51:43.824352+00	\N	14
50	material	Mengakses Materi: Pengenalan Jaringan Komputer	2025-07-22 06:55:25.318605+00	\N	14
51	material	Mengakses Materi: Pengenalan Jaringan Komputer	2025-07-22 06:58:26.005888+00	\N	31
52	material	Mengakses Materi: Pengenalan Jaringan Komputer	2025-07-22 06:58:33.964721+00	\N	32
53	material	Mengakses Materi: Pengenalan Jaringan Komputer	2025-07-22 06:58:46.054807+00	\N	15
54	material	Mengakses Materi: Pengenalan Jaringan Komputer	2025-07-22 06:58:52.74933+00	\N	3
55	material	Mengakses Materi: Pengenalan Jaringan Komputer	2025-07-22 06:58:55.509661+00	\N	28
56	material	Mengakses Materi: Pengenalan Jaringan Komputer	2025-07-22 06:58:55.911469+00	\N	15
57	material	Mengakses Materi: Pengenalan Jaringan Komputer	2025-07-22 06:58:57.412284+00	\N	3
58	material	Mengakses Materi: Pengenalan Jaringan Komputer	2025-07-22 06:59:02.082344+00	\N	16
59	material	Mengakses Materi: Pengenalan Jaringan Komputer	2025-07-22 06:59:12.796076+00	\N	27
60	material	Mengakses Materi: Pengenalan Jaringan Komputer	2025-07-22 06:59:13.53723+00	\N	10
61	material	Mengakses Materi: Pengenalan Jaringan Komputer	2025-07-22 06:59:17.835693+00	\N	36
62	material	Mengakses Materi: Pengenalan Jaringan Komputer	2025-07-22 06:59:17.882711+00	\N	6
63	material	Mengakses Materi: Pengenalan Jaringan Komputer	2025-07-22 06:59:18.723078+00	\N	20
64	material	Mengakses Materi: Pengenalan Jaringan Komputer	2025-07-22 06:59:18.796879+00	\N	23
65	material	Mengakses Materi: Pengenalan Jaringan Komputer	2025-07-22 06:59:19.32369+00	\N	11
66	material	Mengakses Materi: Pengenalan Jaringan Komputer	2025-07-22 06:59:20.944681+00	\N	14
67	material	Mengakses Materi: Pengenalan Jaringan Komputer	2025-07-22 06:59:21.114651+00	\N	3
68	material	Mengakses Materi: Pengenalan Jaringan Komputer	2025-07-22 06:59:21.275526+00	\N	12
69	material	Mengakses Materi: Pengenalan Jaringan Komputer	2025-07-22 06:59:21.567645+00	\N	30
70	material	Mengakses Materi: Pengenalan Jaringan Komputer	2025-07-22 06:59:21.851461+00	\N	15
71	material	Mengakses Materi: Pengenalan Jaringan Komputer	2025-07-22 06:59:22.092795+00	\N	8
72	material	Mengakses Materi: Pengenalan Jaringan Komputer	2025-07-22 06:59:22.132153+00	\N	29
73	material	Mengakses Materi: Pengenalan Jaringan Komputer	2025-07-22 06:59:23.042835+00	\N	19
74	material	Mengakses Materi: Pengenalan Jaringan Komputer	2025-07-22 06:59:23.577399+00	\N	34
75	material	Mengakses Materi: Pengenalan Jaringan Komputer	2025-07-22 06:59:23.863262+00	\N	27
76	material	Mengakses Materi: Pengenalan Jaringan Komputer	2025-07-22 06:59:24.449805+00	\N	13
77	material	Mengakses Materi: Pengenalan Jaringan Komputer	2025-07-22 06:59:25.236985+00	\N	24
78	material	Mengakses Materi: Pengenalan Jaringan Komputer	2025-07-22 06:59:25.950899+00	\N	9
79	material	Mengakses Materi: Pengenalan Jaringan Komputer	2025-07-22 06:59:26.338211+00	\N	28
80	material	Mengakses Materi: Pengenalan Jaringan Komputer	2025-07-22 06:59:27.661189+00	\N	26
81	material	Mengakses Materi: Pengenalan Jaringan Komputer	2025-07-22 06:59:29.658644+00	\N	16
82	material	Mengakses Materi: Pengenalan Jaringan Komputer	2025-07-22 06:59:35.482952+00	\N	28
83	material	Mengakses Materi: Pengenalan Jaringan Komputer	2025-07-22 06:59:50.482696+00	\N	5
84	material	Mengakses Materi: Pengenalan Jaringan Komputer	2025-07-22 07:00:00.420967+00	\N	5
85	material	Mengakses Materi: Pengenalan Jaringan Komputer	2025-07-22 07:00:01.334432+00	\N	3
86	material	Mengakses Materi: Pengenalan Jaringan Komputer	2025-07-22 07:00:06.265887+00	\N	18
87	material	Mengakses Materi: Pengenalan Jaringan Komputer	2025-07-22 07:00:12.930834+00	\N	35
88	material	Mengakses Materi: Pengenalan Jaringan Komputer	2025-07-22 07:00:13.449658+00	\N	4
89	material	Mengakses Materi: Pengenalan Jaringan Komputer	2025-07-22 07:00:15.257994+00	\N	21
90	material	Mengakses Materi: Pengenalan Jaringan Komputer	2025-07-22 07:00:21.748211+00	\N	20
91	material	Mengakses Materi: Pengenalan Jaringan Komputer	2025-07-22 07:00:39.067469+00	\N	17
92	material	Mengakses Materi: Pengenalan Jaringan Komputer	2025-07-22 07:00:44.189413+00	\N	5
93	material	Mengakses Materi: Pengenalan Jaringan Komputer	2025-07-22 07:01:02.928563+00	\N	20
94	material	Mengakses Materi: Pengenalan Jaringan Komputer	2025-07-22 07:01:32.636574+00	\N	35
95	material	Mengakses Materi: Pengenalan Jaringan Komputer	2025-07-22 07:01:56.443936+00	\N	20
96	material	Mengakses Materi: Pengenalan Jaringan Komputer	2025-07-22 07:02:51.030049+00	\N	20
97	material	Mengakses Materi: Pengenalan Jaringan Komputer	2025-07-22 07:03:36.88527+00	\N	20
98	material	Mengakses Materi: Pengenalan Jaringan Komputer	2025-07-22 07:03:39.900448+00	\N	25
99	material	Mengakses Materi: Pengenalan Jaringan Komputer	2025-07-22 07:04:08.294488+00	\N	21
100	material	Mengakses Materi: Pengenalan Jaringan Komputer	2025-07-22 07:05:55.139219+00	\N	23
101	material	Mengakses Materi: Pengenalan Jaringan Komputer	2025-07-22 07:06:07.25326+00	\N	29
102	material	Mengakses Materi: Pengenalan Jaringan Komputer	2025-07-22 07:06:14.650273+00	\N	15
103	material	Mengakses Materi: Pengenalan Jaringan Komputer	2025-07-22 07:06:21.578704+00	\N	24
104	material	Mengakses Materi: Pengenalan Jaringan Komputer	2025-07-22 07:06:23.770673+00	\N	3
105	material	Mengakses Materi: Pengenalan Jaringan Komputer	2025-07-22 07:06:35.932458+00	\N	28
106	material	Mengakses Materi: Pengenalan Jaringan Komputer	2025-07-22 07:06:41.196906+00	\N	30
107	material	Mengakses Materi: Pengenalan Jaringan Komputer	2025-07-22 07:06:54.600092+00	\N	31
108	material	Mengakses Materi: Pengenalan Jaringan Komputer	2025-07-22 07:06:55.16587+00	\N	32
109	material	Mengakses Materi: Pengenalan Jaringan Komputer	2025-07-22 07:07:22.774444+00	\N	27
110	material	Mengakses Materi: Pengenalan Jaringan Komputer	2025-07-22 07:07:29.236163+00	\N	20
111	material	Mengakses Materi: Pengenalan Jaringan Komputer	2025-07-22 07:07:31.934505+00	\N	24
112	material	Mengakses Materi: Pengenalan Jaringan Komputer	2025-07-22 07:07:45.007119+00	\N	32
113	material	Mengakses Materi: Pengenalan Jaringan Komputer	2025-07-22 07:07:58.121345+00	\N	23
114	material	Mengakses Materi: Pengenalan Jaringan Komputer	2025-07-22 07:08:17.900632+00	\N	14
115	material	Mengakses Materi: Pengenalan Jaringan Komputer	2025-07-22 07:08:18.197824+00	\N	21
116	material	Mengakses Materi: Pengenalan Jaringan Komputer	2025-07-22 07:08:18.949188+00	\N	6
117	material	Mengakses Materi: Pengenalan Jaringan Komputer	2025-07-22 07:08:20.236416+00	\N	20
118	material	Mengakses Materi: Pengenalan Jaringan Komputer	2025-07-22 07:08:22.486738+00	\N	18
119	material	Mengakses Materi: Pengenalan Jaringan Komputer	2025-07-22 07:08:23.62667+00	\N	6
120	material	Mengakses Materi: Pengenalan Jaringan Komputer	2025-07-22 07:08:26.062393+00	\N	13
121	material	Mengakses Materi: Pengenalan Jaringan Komputer	2025-07-22 07:08:27.925476+00	\N	36
122	material	Mengakses Materi: Pengenalan Jaringan Komputer	2025-07-22 07:08:28.512332+00	\N	31
123	material	Mengakses Materi: Pengenalan Jaringan Komputer	2025-07-22 07:08:28.643001+00	\N	35
124	material	Mengakses Materi: Pengenalan Jaringan Komputer	2025-07-22 07:08:29.235907+00	\N	8
125	material	Mengakses Materi: Pengenalan Jaringan Komputer	2025-07-22 07:08:30.46621+00	\N	17
126	material	Mengakses Materi: Pengenalan Jaringan Komputer	2025-07-22 07:08:32.483063+00	\N	11
127	material	Mengakses Materi: Pengenalan Jaringan Komputer	2025-07-22 07:08:33.059356+00	\N	16
128	material	Mengakses Materi: Pengenalan Jaringan Komputer	2025-07-22 07:08:36.354674+00	\N	3
129	material	Mengakses Materi: Pengenalan Jaringan Komputer	2025-07-22 07:08:38.464478+00	\N	34
130	material	Mengakses Materi: Pengenalan Jaringan Komputer	2025-07-22 07:08:40.094676+00	\N	27
131	material	Mengakses Materi: Pengenalan Jaringan Komputer	2025-07-22 07:08:43.723788+00	\N	28
132	material	Mengakses Materi: Pengenalan Jaringan Komputer	2025-07-22 07:08:45.735781+00	\N	26
133	material	Mengakses Materi: Pengenalan Jaringan Komputer	2025-07-22 07:08:54.277785+00	\N	10
134	material	Mengakses Materi: Pengenalan Jaringan Komputer	2025-07-22 07:08:55.841373+00	\N	30
135	material	Mengakses Materi: Pengenalan Jaringan Komputer	2025-07-22 07:08:56.204446+00	\N	36
136	material	Mengakses Materi: Pengenalan Jaringan Komputer	2025-07-22 07:08:59.721829+00	\N	25
137	material	Mengakses Materi: Pengenalan Jaringan Komputer	2025-07-22 07:09:02.816125+00	\N	4
138	material	Mengakses Materi: Pengenalan Jaringan Komputer	2025-07-22 07:09:03.07231+00	\N	32
139	material	Mengakses Materi: Pengenalan Jaringan Komputer	2025-07-22 07:09:03.570385+00	\N	11
140	material	Mengakses Materi: Pengenalan Jaringan Komputer	2025-07-22 07:09:05.334386+00	\N	31
141	material	Mengakses Materi: Pengenalan Jaringan Komputer	2025-07-22 07:09:05.776116+00	\N	27
142	material	Mengakses Materi: Pengenalan Jaringan Komputer	2025-07-22 07:09:05.812335+00	\N	21
143	material	Mengakses Materi: Pengenalan Jaringan Komputer	2025-07-22 07:09:08.052393+00	\N	26
144	material	Mengakses Materi: Pengenalan Jaringan Komputer	2025-07-22 07:09:11.280602+00	\N	8
145	material	Mengakses Materi: Pengenalan Jaringan Komputer	2025-07-22 07:09:21.174785+00	\N	27
146	material	Mengakses Materi: Pengenalan Jaringan Komputer	2025-07-22 07:09:39.703164+00	\N	3
147	material	Mengakses Materi: Pengenalan Jaringan Komputer	2025-07-22 07:09:45.037493+00	\N	13
148	material	Mengakses Materi: Pengenalan Jaringan Komputer	2025-07-22 07:09:51.726253+00	\N	4
149	material	Mengakses Materi: Pengenalan Jaringan Komputer	2025-07-22 07:09:52.574516+00	\N	19
150	material	Mengakses Materi: Pengenalan Jaringan Komputer	2025-07-22 07:09:55.858632+00	\N	9
151	material	Mengakses Materi: Pengenalan Jaringan Komputer	2025-07-22 07:09:58.593563+00	\N	3
152	material	Mengakses Materi: Pengenalan Jaringan Komputer	2025-07-22 07:10:08.029348+00	\N	5
153	material	Mengakses Materi: Pengenalan Jaringan Komputer	2025-07-22 07:10:17.78888+00	\N	24
154	material	Mengakses Materi: Pengenalan Jaringan Komputer	2025-07-22 07:10:36.107315+00	\N	28
155	material	Mengakses Materi: Pengenalan Jaringan Komputer	2025-07-22 07:10:41.43275+00	\N	24
156	material	Mengakses Materi: Pengenalan Jaringan Komputer	2025-07-22 07:11:52.070179+00	\N	5
157	material	Mengakses Materi: Pengenalan Jaringan Komputer	2025-07-22 07:12:24.250424+00	\N	14
158	material	Mengakses Materi: Pengenalan Jaringan Komputer	2025-07-22 07:13:02.071743+00	\N	28
159	material	Mengakses Materi: Pengenalan Jaringan Komputer	2025-07-22 07:13:14.467544+00	\N	25
160	material	Mengakses Materi: Pengenalan Jaringan Komputer	2025-07-22 07:14:18.164203+00	\N	13
161	material	Mengakses Materi: Pengenalan Jaringan Komputer	2025-07-22 07:14:43.838123+00	\N	25
162	material	Mengakses Materi: Pengenalan Jaringan Komputer	2025-07-22 07:15:48.746403+00	\N	14
163	material	Mengakses Materi: Pengenalan Jaringan Komputer	2025-07-22 07:18:19.646239+00	\N	25
164	material	Mengakses Materi: Pengenalan Jaringan Komputer	2025-07-22 07:19:01.621153+00	\N	25
165	material	Mengakses Materi: Pengenalan Jaringan Komputer	2025-07-22 07:21:11.569671+00	\N	36
166	material	Mengakses Materi: Pengenalan Jaringan Komputer	2025-07-22 07:21:23.388184+00	\N	26
167	material	Mengakses Materi: Pengenalan Jaringan Komputer	2025-07-22 07:26:51.800153+00	\N	17
168	material	Mengakses Materi: Pengenalan Jaringan Komputer	2025-07-22 07:26:53.96266+00	\N	28
169	material	Mengakses Materi: Pengenalan Jaringan Komputer	2025-07-22 07:27:28.709933+00	\N	28
170	material	Mengakses Materi: Pengenalan Jaringan Komputer	2025-07-22 07:27:48.086781+00	\N	23
171	material	Mengakses Materi: Pengenalan Jaringan Komputer	2025-07-22 07:28:23.289094+00	\N	3
172	material	Mengakses Materi: Pengenalan Jaringan Komputer	2025-07-22 07:29:51.612159+00	\N	28
173	material	Mengakses Materi: Pengenalan Jaringan Komputer	2025-07-22 07:33:40.338485+00	\N	32
\.


--
-- Data for Name: pramlearnapp_studentattendance; Type: TABLE DATA; Schema: public; Owner: pramadmin
--

COPY public.pramlearnapp_studentattendance (id, status, updated_at, material_id, student_id, updated_by_id) FROM stdin;
\.


--
-- Data for Name: pramlearnapp_studentmaterialactivity; Type: TABLE DATA; Schema: public; Owner: pramadmin
--

COPY public.pramlearnapp_studentmaterialactivity (id, activity_type, content_index, content_id, completed_at, material_id, student_id) FROM stdin;
1	pdf_opened	0	pdf_opened_0	2025-07-22 06:33:21.881968+00	1	14
2	pdf_opened	0	pdf_opened_0	2025-07-22 06:34:14.084033+00	1	35
3	pdf_opened	0	pdf_opened_0	2025-07-22 06:41:30.658376+00	1	24
4	pdf_opened	1	pdf_opened_1	2025-07-22 06:42:09.177212+00	1	24
5	pdf_opened	2	pdf_opened_2	2025-07-22 06:42:14.264077+00	1	24
6	pdf_opened	2	pdf_opened_2	2025-07-22 07:03:44.279047+00	1	25
7	pdf_opened	0	pdf_opened_0	2025-07-22 07:21:36.152399+00	1	26
8	quiz_completed	1	quiz_completed_1	2025-07-22 07:22:32.869628+00	1	5
9	quiz_completed	1	quiz_completed_1	2025-07-22 07:22:32.949896+00	1	6
10	quiz_completed	1	quiz_completed_1	2025-07-22 07:22:33.067816+00	1	14
11	quiz_completed	1	quiz_completed_1	2025-07-22 07:22:33.156047+00	1	19
12	quiz_completed	1	quiz_completed_1	2025-07-22 07:22:33.257327+00	1	25
13	quiz_completed	1	quiz_completed_1	2025-07-22 07:22:48.698813+00	1	9
14	quiz_completed	1	quiz_completed_1	2025-07-22 07:22:48.787239+00	1	11
15	quiz_completed	1	quiz_completed_1	2025-07-22 07:22:49.082246+00	1	13
16	quiz_completed	1	quiz_completed_1	2025-07-22 07:22:49.181599+00	1	20
17	quiz_completed	1	quiz_completed_1	2025-07-22 07:22:49.304079+00	1	31
18	pdf_opened	2	pdf_opened_2	2025-07-22 07:22:52.806144+00	1	26
19	quiz_completed	1	quiz_completed_1	2025-07-22 07:24:48.522173+00	1	4
20	quiz_completed	1	quiz_completed_1	2025-07-22 07:24:48.612517+00	1	17
21	quiz_completed	1	quiz_completed_1	2025-07-22 07:24:48.698199+00	1	27
22	quiz_completed	1	quiz_completed_1	2025-07-22 07:24:48.773759+00	1	28
23	quiz_completed	1	quiz_completed_1	2025-07-22 07:24:52.039471+00	1	15
24	quiz_completed	1	quiz_completed_1	2025-07-22 07:24:52.14185+00	1	16
25	quiz_completed	1	quiz_completed_1	2025-07-22 07:24:52.230011+00	1	35
26	quiz_completed	1	quiz_completed_1	2025-07-22 07:24:52.31394+00	1	36
27	quiz_completed	1	quiz_completed_1	2025-07-22 07:25:01.961541+00	1	12
28	quiz_completed	1	quiz_completed_1	2025-07-22 07:25:02.057339+00	1	23
29	quiz_completed	1	quiz_completed_1	2025-07-22 07:25:02.151471+00	1	24
30	quiz_completed	1	quiz_completed_1	2025-07-22 07:25:02.221569+00	1	29
31	quiz_completed	1	quiz_completed_1	2025-07-22 07:25:14.718422+00	1	8
32	quiz_completed	1	quiz_completed_1	2025-07-22 07:25:14.802687+00	1	18
33	quiz_completed	1	quiz_completed_1	2025-07-22 07:25:14.884433+00	1	21
34	quiz_completed	1	quiz_completed_1	2025-07-22 07:25:14.969333+00	1	30
35	quiz_completed	1	quiz_completed_1	2025-07-22 07:25:15.063664+00	1	32
36	quiz_completed	1	quiz_completed_1	2025-07-22 07:25:45.690498+00	1	3
37	quiz_completed	1	quiz_completed_1	2025-07-22 07:25:45.786205+00	1	10
38	quiz_completed	1	quiz_completed_1	2025-07-22 07:25:45.880113+00	1	26
39	quiz_completed	1	quiz_completed_1	2025-07-22 07:25:45.950356+00	1	34
\.


--
-- Data for Name: pramlearnapp_studentmaterialbookmark; Type: TABLE DATA; Schema: public; Owner: pramadmin
--

COPY public.pramlearnapp_studentmaterialbookmark (id, title, content_type, "position", description, created_at, material_id, student_id) FROM stdin;
\.


--
-- Data for Name: pramlearnapp_studentmaterialprogress; Type: TABLE DATA; Schema: public; Owner: pramadmin
--

COPY public.pramlearnapp_studentmaterialprogress (id, completion_percentage, time_spent, last_position, completed_at, created_at, updated_at, material_id, student_id) FROM stdin;
19	14.285714285714285	720	0	\N	2025-07-22 06:40:44.143617+00	2025-07-22 07:22:32.997089+00	1	6
2	28.57142857142857	790	0	\N	2025-07-22 06:33:12.805677+00	2025-07-22 07:22:33.113275+00	1	14
8	14.285714285714285	120	0	\N	2025-07-22 06:39:23.088924+00	2025-07-22 07:22:33.218954+00	1	19
26	28.57142857142857	130	2	\N	2025-07-22 06:42:09.560256+00	2025-07-22 07:22:33.289481+00	1	25
17	14.285714285714285	660	0	\N	2025-07-22 06:40:39.742608+00	2025-07-22 07:22:48.733566+00	1	9
18	14.285714285714285	540	0	\N	2025-07-22 06:40:42.661588+00	2025-07-22 07:22:49.028389+00	1	11
13	14.285714285714285	300	0	\N	2025-07-22 06:39:57.13731+00	2025-07-22 07:22:49.122709+00	1	13
4	14.285714285714285	360	0	\N	2025-07-22 06:39:11.193639+00	2025-07-22 07:22:49.228342+00	1	20
7	14.285714285714285	720	0	\N	2025-07-22 06:39:21.841217+00	2025-07-22 07:22:49.335242+00	1	31
24	14.285714285714285	1680	0	\N	2025-07-22 06:41:14.303197+00	2025-07-22 07:32:14.650004+00	1	5
25	42.857142857142854	1340	2	\N	2025-07-22 06:41:26.959793+00	2025-07-22 07:32:34.682759+00	1	26
11	14.285714285714285	900	0	\N	2025-07-22 06:39:54.669885+00	2025-07-22 07:32:48.381409+00	1	23
6	14.285714285714285	780	0	\N	2025-07-22 06:39:20.36303+00	2025-07-22 07:38:33.732506+00	1	32
15	14.285714285714285	900	0	\N	2025-07-22 06:40:04.278964+00	2025-07-22 08:44:40.313934+00	1	17
28	14.285714285714285	480	0	\N	2025-07-22 06:43:23.677691+00	2025-07-22 07:24:48.564213+00	1	4
29	14.285714285714285	360	0	\N	2025-07-22 06:43:25.207575+00	2025-07-22 07:24:48.734518+00	1	27
12	14.285714285714285	540	0	\N	2025-07-22 06:39:55.337279+00	2025-07-22 07:24:48.807638+00	1	28
9	14.285714285714285	600	0	\N	2025-07-22 06:39:30.03623+00	2025-07-22 07:24:52.082061+00	1	15
20	14.285714285714285	660	0	\N	2025-07-22 06:40:52.484352+00	2025-07-22 07:24:52.18372+00	1	16
3	28.57142857142857	910	0	\N	2025-07-22 06:34:05.757523+00	2025-07-22 07:24:52.265063+00	1	35
10	14.285714285714285	660	0	\N	2025-07-22 06:39:37.295593+00	2025-07-22 07:24:52.351359+00	1	36
14	14.285714285714285	960	0	\N	2025-07-22 06:40:01.397333+00	2025-07-22 07:25:02.011017+00	1	12
16	57.14285714285714	450	2	\N	2025-07-22 06:40:39.375764+00	2025-07-22 07:25:02.185268+00	1	24
21	14.285714285714285	600	0	\N	2025-07-22 06:40:55.612727+00	2025-07-22 07:25:02.264716+00	1	29
23	14.285714285714285	600	0	\N	2025-07-22 06:41:03.390791+00	2025-07-22 07:25:14.754404+00	1	8
30	14.285714285714285	300	0	\N	2025-07-22 06:45:21.165496+00	2025-07-22 07:25:14.838522+00	1	18
27	14.285714285714285	360	0	\N	2025-07-22 06:43:14.230474+00	2025-07-22 07:25:14.927566+00	1	21
22	14.285714285714285	600	0	\N	2025-07-22 06:41:00.137721+00	2025-07-22 07:25:15.009103+00	1	30
1	14.285714285714285	1980	0	\N	2025-07-22 06:28:55.012738+00	2025-07-22 07:25:45.734069+00	1	3
5	14.285714285714285	720	0	\N	2025-07-22 06:39:15.157148+00	2025-07-22 07:25:45.82748+00	1	10
31	14.285714285714285	420	0	\N	2025-07-22 06:45:27.052221+00	2025-07-22 07:25:45.991574+00	1	34
\.


--
-- Data for Name: pramlearnapp_studentmotivationprofile; Type: TABLE DATA; Schema: public; Owner: pramadmin
--

COPY public.pramlearnapp_studentmotivationprofile (id, attention, relevance, confidence, satisfaction, motivation_level, student_id) FROM stdin;
24	3.8	3.8	3.2	3.8	Medium	23
9	5	4.8	5	4.8	High	21
29	3.2	3	3	3.4	Low	36
30	4	3.8	4.8	3.6	Medium	18
25	2.2	3	3.4	3.4	Low	4
11	3.8	4	4	4	Medium	12
12	3.8	4.4	3.6	4	Medium	31
26	4	3.8	3.2	3.6	Medium	34
10	3.8	4.4	3.6	3.8	Medium	32
31	4.8	4	3.8	4.2	Medium	8
19	4	3	4.2	3.8	Medium	35
20	4	3	4.2	3.8	Medium	14
21	3.4	3.8	3.4	4	Medium	16
14	3.8	3.8	3.2	4.2	Medium	5
15	3.8	3.8	3.6	3.6	Medium	3
16	3.4	4.2	3.4	3.8	Medium	20
17	3.4	4.2	3.4	3.8	Medium	15
18	3.6	4.2	3.4	4.2	Medium	11
13	3.6	4.4	4	3.6	Medium	29
1	5	5	5	5	High	19
2	4.2	4.2	3.4	4.2	Medium	30
3	4.2	4.2	3.4	4.2	Medium	28
27	3.8	3.8	3.2	4	Medium	17
28	3	3	3	3	Low	26
4	4.2	4.8	3.6	3.4	Medium	24
5	3.8	3.8	3	3.4	Medium	10
6	4.2	4.2	4.6	5	High	9
7	3.6	4.4	3.4	4	Medium	13
8	3.6	4.2	3.4	4	Medium	6
22	3.4	4.4	4	4.4	Medium	25
23	3.4	4	3.6	4.2	Medium	27
\.


--
-- Data for Name: pramlearnapp_studentquizanswer; Type: TABLE DATA; Schema: public; Owner: pramadmin
--

COPY public.pramlearnapp_studentquizanswer (id, selected_answer, is_correct, answered_at, question_id, attempt_id) FROM stdin;
\.


--
-- Data for Name: pramlearnapp_studentquizattempt; Type: TABLE DATA; Schema: public; Owner: pramadmin
--

COPY public.pramlearnapp_studentquizattempt (id, start_time, end_time, submitted_at, score, quiz_id, student_id) FROM stdin;
\.


--
-- Data for Name: pramlearnapp_subject; Type: TABLE DATA; Schema: public; Owner: pramadmin
--

COPY public.pramlearnapp_subject (id, name, slug, subject_class_id) FROM stdin;
1	Administrasi Infrastruktur Jaringan	administrasi-infrastruktur-jaringan	1
\.


--
-- Data for Name: pramlearnapp_subjectclass; Type: TABLE DATA; Schema: public; Owner: pramadmin
--

COPY public.pramlearnapp_subjectclass (id, class_id_id, subject_id, teacher_id) FROM stdin;
1	1	1	2
\.


--
-- Data for Name: student_assignment_drafts; Type: TABLE DATA; Schema: public; Owner: pramadmin
--

COPY public.student_assignment_drafts (id, draft_answers, uploaded_files, last_saved, created_at, assignment_id, student_id) FROM stdin;
\.


--
-- Name: auth_group_id_seq; Type: SEQUENCE SET; Schema: public; Owner: pramadmin
--

SELECT pg_catalog.setval('public.auth_group_id_seq', 1, false);


--
-- Name: auth_group_permissions_id_seq; Type: SEQUENCE SET; Schema: public; Owner: pramadmin
--

SELECT pg_catalog.setval('public.auth_group_permissions_id_seq', 1, false);


--
-- Name: auth_permission_id_seq; Type: SEQUENCE SET; Schema: public; Owner: pramadmin
--

SELECT pg_catalog.setval('public.auth_permission_id_seq', 180, true);


--
-- Name: django_admin_log_id_seq; Type: SEQUENCE SET; Schema: public; Owner: pramadmin
--

SELECT pg_catalog.setval('public.django_admin_log_id_seq', 1, false);


--
-- Name: django_content_type_id_seq; Type: SEQUENCE SET; Schema: public; Owner: pramadmin
--

SELECT pg_catalog.setval('public.django_content_type_id_seq', 45, true);


--
-- Name: django_migrations_id_seq; Type: SEQUENCE SET; Schema: public; Owner: pramadmin
--

SELECT pg_catalog.setval('public.django_migrations_id_seq', 20, true);


--
-- Name: pramlearnapp_achievement_id_seq; Type: SEQUENCE SET; Schema: public; Owner: pramadmin
--

SELECT pg_catalog.setval('public.pramlearnapp_achievement_id_seq', 4, true);


--
-- Name: pramlearnapp_announcement_id_seq; Type: SEQUENCE SET; Schema: public; Owner: pramadmin
--

SELECT pg_catalog.setval('public.pramlearnapp_announcement_id_seq', 1, false);


--
-- Name: pramlearnapp_arcsanswer_id_seq; Type: SEQUENCE SET; Schema: public; Owner: pramadmin
--

SELECT pg_catalog.setval('public.pramlearnapp_arcsanswer_id_seq', 620, true);


--
-- Name: pramlearnapp_arcsquestion_id_seq; Type: SEQUENCE SET; Schema: public; Owner: pramadmin
--

SELECT pg_catalog.setval('public.pramlearnapp_arcsquestion_id_seq', 20, true);


--
-- Name: pramlearnapp_arcsquestionnaire_id_seq; Type: SEQUENCE SET; Schema: public; Owner: pramadmin
--

SELECT pg_catalog.setval('public.pramlearnapp_arcsquestionnaire_id_seq', 1, true);


--
-- Name: pramlearnapp_arcsresponse_id_seq; Type: SEQUENCE SET; Schema: public; Owner: pramadmin
--

SELECT pg_catalog.setval('public.pramlearnapp_arcsresponse_id_seq', 31, true);


--
-- Name: pramlearnapp_assignment_id_seq; Type: SEQUENCE SET; Schema: public; Owner: pramadmin
--

SELECT pg_catalog.setval('public.pramlearnapp_assignment_id_seq', 2, true);


--
-- Name: pramlearnapp_assignmentanswer_id_seq; Type: SEQUENCE SET; Schema: public; Owner: pramadmin
--

SELECT pg_catalog.setval('public.pramlearnapp_assignmentanswer_id_seq', 1, false);


--
-- Name: pramlearnapp_assignmentquestion_id_seq; Type: SEQUENCE SET; Schema: public; Owner: pramadmin
--

SELECT pg_catalog.setval('public.pramlearnapp_assignmentquestion_id_seq', 20, true);


--
-- Name: pramlearnapp_assignmentsubmission_id_seq; Type: SEQUENCE SET; Schema: public; Owner: pramadmin
--

SELECT pg_catalog.setval('public.pramlearnapp_assignmentsubmission_id_seq', 1, false);


--
-- Name: pramlearnapp_class_id_seq; Type: SEQUENCE SET; Schema: public; Owner: pramadmin
--

SELECT pg_catalog.setval('public.pramlearnapp_class_id_seq', 1, true);


--
-- Name: pramlearnapp_classstudent_id_seq; Type: SEQUENCE SET; Schema: public; Owner: pramadmin
--

SELECT pg_catalog.setval('public.pramlearnapp_classstudent_id_seq', 35, true);


--
-- Name: pramlearnapp_customuser_groups_id_seq; Type: SEQUENCE SET; Schema: public; Owner: pramadmin
--

SELECT pg_catalog.setval('public.pramlearnapp_customuser_groups_id_seq', 1, false);


--
-- Name: pramlearnapp_customuser_id_seq; Type: SEQUENCE SET; Schema: public; Owner: pramadmin
--

SELECT pg_catalog.setval('public.pramlearnapp_customuser_id_seq', 37, true);


--
-- Name: pramlearnapp_customuser_user_permissions_id_seq; Type: SEQUENCE SET; Schema: public; Owner: pramadmin
--

SELECT pg_catalog.setval('public.pramlearnapp_customuser_user_permissions_id_seq', 1, false);


--
-- Name: pramlearnapp_file_id_seq; Type: SEQUENCE SET; Schema: public; Owner: pramadmin
--

SELECT pg_catalog.setval('public.pramlearnapp_file_id_seq', 6, true);


--
-- Name: pramlearnapp_grade_id_seq; Type: SEQUENCE SET; Schema: public; Owner: pramadmin
--

SELECT pg_catalog.setval('public.pramlearnapp_grade_id_seq', 31, true);


--
-- Name: pramlearnapp_gradestatistics_id_seq; Type: SEQUENCE SET; Schema: public; Owner: pramadmin
--

SELECT pg_catalog.setval('public.pramlearnapp_gradestatistics_id_seq', 31, true);


--
-- Name: pramlearnapp_group_id_seq; Type: SEQUENCE SET; Schema: public; Owner: pramadmin
--

SELECT pg_catalog.setval('public.pramlearnapp_group_id_seq', 28, true);


--
-- Name: pramlearnapp_groupchat_id_seq; Type: SEQUENCE SET; Schema: public; Owner: pramadmin
--

SELECT pg_catalog.setval('public.pramlearnapp_groupchat_id_seq', 162, true);


--
-- Name: pramlearnapp_groupchatread_id_seq; Type: SEQUENCE SET; Schema: public; Owner: pramadmin
--

SELECT pg_catalog.setval('public.pramlearnapp_groupchatread_id_seq', 1, false);


--
-- Name: pramlearnapp_groupmember_id_seq; Type: SEQUENCE SET; Schema: public; Owner: pramadmin
--

SELECT pg_catalog.setval('public.pramlearnapp_groupmember_id_seq', 124, true);


--
-- Name: pramlearnapp_groupquiz_id_seq; Type: SEQUENCE SET; Schema: public; Owner: pramadmin
--

SELECT pg_catalog.setval('public.pramlearnapp_groupquiz_id_seq', 14, true);


--
-- Name: pramlearnapp_groupquizresult_id_seq; Type: SEQUENCE SET; Schema: public; Owner: pramadmin
--

SELECT pg_catalog.setval('public.pramlearnapp_groupquizresult_id_seq', 17, true);


--
-- Name: pramlearnapp_groupquizsubmission_id_seq; Type: SEQUENCE SET; Schema: public; Owner: pramadmin
--

SELECT pg_catalog.setval('public.pramlearnapp_groupquizsubmission_id_seq', 334, true);


--
-- Name: pramlearnapp_material_id_seq; Type: SEQUENCE SET; Schema: public; Owner: pramadmin
--

SELECT pg_catalog.setval('public.pramlearnapp_material_id_seq', 1, true);


--
-- Name: pramlearnapp_material_pdf_files_id_seq; Type: SEQUENCE SET; Schema: public; Owner: pramadmin
--

SELECT pg_catalog.setval('public.pramlearnapp_material_pdf_files_id_seq', 3, true);


--
-- Name: pramlearnapp_materialyoutubevideo_id_seq; Type: SEQUENCE SET; Schema: public; Owner: pramadmin
--

SELECT pg_catalog.setval('public.pramlearnapp_materialyoutubevideo_id_seq', 6, true);


--
-- Name: pramlearnapp_question_id_seq; Type: SEQUENCE SET; Schema: public; Owner: pramadmin
--

SELECT pg_catalog.setval('public.pramlearnapp_question_id_seq', 162, true);


--
-- Name: pramlearnapp_quiz_id_seq; Type: SEQUENCE SET; Schema: public; Owner: pramadmin
--

SELECT pg_catalog.setval('public.pramlearnapp_quiz_id_seq', 1, true);


--
-- Name: pramlearnapp_role_id_seq; Type: SEQUENCE SET; Schema: public; Owner: pramadmin
--

SELECT pg_catalog.setval('public.pramlearnapp_role_id_seq', 3, true);


--
-- Name: pramlearnapp_schedule_id_seq; Type: SEQUENCE SET; Schema: public; Owner: pramadmin
--

SELECT pg_catalog.setval('public.pramlearnapp_schedule_id_seq', 1, false);


--
-- Name: pramlearnapp_studentactivity_id_seq; Type: SEQUENCE SET; Schema: public; Owner: pramadmin
--

SELECT pg_catalog.setval('public.pramlearnapp_studentactivity_id_seq', 173, true);


--
-- Name: pramlearnapp_studentattendance_id_seq; Type: SEQUENCE SET; Schema: public; Owner: pramadmin
--

SELECT pg_catalog.setval('public.pramlearnapp_studentattendance_id_seq', 1, false);


--
-- Name: pramlearnapp_studentmaterialactivity_id_seq; Type: SEQUENCE SET; Schema: public; Owner: pramadmin
--

SELECT pg_catalog.setval('public.pramlearnapp_studentmaterialactivity_id_seq', 39, true);


--
-- Name: pramlearnapp_studentmaterialbookmark_id_seq; Type: SEQUENCE SET; Schema: public; Owner: pramadmin
--

SELECT pg_catalog.setval('public.pramlearnapp_studentmaterialbookmark_id_seq', 1, false);


--
-- Name: pramlearnapp_studentmaterialprogress_id_seq; Type: SEQUENCE SET; Schema: public; Owner: pramadmin
--

SELECT pg_catalog.setval('public.pramlearnapp_studentmaterialprogress_id_seq', 31, true);


--
-- Name: pramlearnapp_studentmotivationprofile_id_seq; Type: SEQUENCE SET; Schema: public; Owner: pramadmin
--

SELECT pg_catalog.setval('public.pramlearnapp_studentmotivationprofile_id_seq', 31, true);


--
-- Name: pramlearnapp_studentquizanswer_id_seq; Type: SEQUENCE SET; Schema: public; Owner: pramadmin
--

SELECT pg_catalog.setval('public.pramlearnapp_studentquizanswer_id_seq', 1, false);


--
-- Name: pramlearnapp_studentquizattempt_id_seq; Type: SEQUENCE SET; Schema: public; Owner: pramadmin
--

SELECT pg_catalog.setval('public.pramlearnapp_studentquizattempt_id_seq', 1, false);


--
-- Name: pramlearnapp_subject_id_seq; Type: SEQUENCE SET; Schema: public; Owner: pramadmin
--

SELECT pg_catalog.setval('public.pramlearnapp_subject_id_seq', 1, true);


--
-- Name: pramlearnapp_subjectclass_id_seq; Type: SEQUENCE SET; Schema: public; Owner: pramadmin
--

SELECT pg_catalog.setval('public.pramlearnapp_subjectclass_id_seq', 1, true);


--
-- Name: student_assignment_drafts_id_seq; Type: SEQUENCE SET; Schema: public; Owner: pramadmin
--

SELECT pg_catalog.setval('public.student_assignment_drafts_id_seq', 1, false);


--
-- Name: auth_group auth_group_name_key; Type: CONSTRAINT; Schema: public; Owner: pramadmin
--

ALTER TABLE ONLY public.auth_group
    ADD CONSTRAINT auth_group_name_key UNIQUE (name);


--
-- Name: auth_group_permissions auth_group_permissions_group_id_permission_id_0cd325b0_uniq; Type: CONSTRAINT; Schema: public; Owner: pramadmin
--

ALTER TABLE ONLY public.auth_group_permissions
    ADD CONSTRAINT auth_group_permissions_group_id_permission_id_0cd325b0_uniq UNIQUE (group_id, permission_id);


--
-- Name: auth_group_permissions auth_group_permissions_pkey; Type: CONSTRAINT; Schema: public; Owner: pramadmin
--

ALTER TABLE ONLY public.auth_group_permissions
    ADD CONSTRAINT auth_group_permissions_pkey PRIMARY KEY (id);


--
-- Name: auth_group auth_group_pkey; Type: CONSTRAINT; Schema: public; Owner: pramadmin
--

ALTER TABLE ONLY public.auth_group
    ADD CONSTRAINT auth_group_pkey PRIMARY KEY (id);


--
-- Name: auth_permission auth_permission_content_type_id_codename_01ab375a_uniq; Type: CONSTRAINT; Schema: public; Owner: pramadmin
--

ALTER TABLE ONLY public.auth_permission
    ADD CONSTRAINT auth_permission_content_type_id_codename_01ab375a_uniq UNIQUE (content_type_id, codename);


--
-- Name: auth_permission auth_permission_pkey; Type: CONSTRAINT; Schema: public; Owner: pramadmin
--

ALTER TABLE ONLY public.auth_permission
    ADD CONSTRAINT auth_permission_pkey PRIMARY KEY (id);


--
-- Name: django_admin_log django_admin_log_pkey; Type: CONSTRAINT; Schema: public; Owner: pramadmin
--

ALTER TABLE ONLY public.django_admin_log
    ADD CONSTRAINT django_admin_log_pkey PRIMARY KEY (id);


--
-- Name: django_content_type django_content_type_app_label_model_76bd3d3b_uniq; Type: CONSTRAINT; Schema: public; Owner: pramadmin
--

ALTER TABLE ONLY public.django_content_type
    ADD CONSTRAINT django_content_type_app_label_model_76bd3d3b_uniq UNIQUE (app_label, model);


--
-- Name: django_content_type django_content_type_pkey; Type: CONSTRAINT; Schema: public; Owner: pramadmin
--

ALTER TABLE ONLY public.django_content_type
    ADD CONSTRAINT django_content_type_pkey PRIMARY KEY (id);


--
-- Name: django_migrations django_migrations_pkey; Type: CONSTRAINT; Schema: public; Owner: pramadmin
--

ALTER TABLE ONLY public.django_migrations
    ADD CONSTRAINT django_migrations_pkey PRIMARY KEY (id);


--
-- Name: django_session django_session_pkey; Type: CONSTRAINT; Schema: public; Owner: pramadmin
--

ALTER TABLE ONLY public.django_session
    ADD CONSTRAINT django_session_pkey PRIMARY KEY (session_key);


--
-- Name: pramlearnapp_achievement pramlearnapp_achievement_pkey; Type: CONSTRAINT; Schema: public; Owner: pramadmin
--

ALTER TABLE ONLY public.pramlearnapp_achievement
    ADD CONSTRAINT pramlearnapp_achievement_pkey PRIMARY KEY (id);


--
-- Name: pramlearnapp_achievement pramlearnapp_achievement_student_id_type_3e867988_uniq; Type: CONSTRAINT; Schema: public; Owner: pramadmin
--

ALTER TABLE ONLY public.pramlearnapp_achievement
    ADD CONSTRAINT pramlearnapp_achievement_student_id_type_3e867988_uniq UNIQUE (student_id, type);


--
-- Name: pramlearnapp_announcement pramlearnapp_announcement_pkey; Type: CONSTRAINT; Schema: public; Owner: pramadmin
--

ALTER TABLE ONLY public.pramlearnapp_announcement
    ADD CONSTRAINT pramlearnapp_announcement_pkey PRIMARY KEY (id);


--
-- Name: pramlearnapp_arcsanswer pramlearnapp_arcsanswer_pkey; Type: CONSTRAINT; Schema: public; Owner: pramadmin
--

ALTER TABLE ONLY public.pramlearnapp_arcsanswer
    ADD CONSTRAINT pramlearnapp_arcsanswer_pkey PRIMARY KEY (id);


--
-- Name: pramlearnapp_arcsanswer pramlearnapp_arcsanswer_response_id_question_id_eef6925c_uniq; Type: CONSTRAINT; Schema: public; Owner: pramadmin
--

ALTER TABLE ONLY public.pramlearnapp_arcsanswer
    ADD CONSTRAINT pramlearnapp_arcsanswer_response_id_question_id_eef6925c_uniq UNIQUE (response_id, question_id);


--
-- Name: pramlearnapp_arcsquestion pramlearnapp_arcsquestion_pkey; Type: CONSTRAINT; Schema: public; Owner: pramadmin
--

ALTER TABLE ONLY public.pramlearnapp_arcsquestion
    ADD CONSTRAINT pramlearnapp_arcsquestion_pkey PRIMARY KEY (id);


--
-- Name: pramlearnapp_arcsquestion pramlearnapp_arcsquestion_questionnaire_id_order_86a06709_uniq; Type: CONSTRAINT; Schema: public; Owner: pramadmin
--

ALTER TABLE ONLY public.pramlearnapp_arcsquestion
    ADD CONSTRAINT pramlearnapp_arcsquestion_questionnaire_id_order_86a06709_uniq UNIQUE (questionnaire_id, "order");


--
-- Name: pramlearnapp_arcsquestionnaire pramlearnapp_arcsquestionnaire_pkey; Type: CONSTRAINT; Schema: public; Owner: pramadmin
--

ALTER TABLE ONLY public.pramlearnapp_arcsquestionnaire
    ADD CONSTRAINT pramlearnapp_arcsquestionnaire_pkey PRIMARY KEY (id);


--
-- Name: pramlearnapp_arcsquestionnaire pramlearnapp_arcsquestionnaire_slug_key; Type: CONSTRAINT; Schema: public; Owner: pramadmin
--

ALTER TABLE ONLY public.pramlearnapp_arcsquestionnaire
    ADD CONSTRAINT pramlearnapp_arcsquestionnaire_slug_key UNIQUE (slug);


--
-- Name: pramlearnapp_arcsresponse pramlearnapp_arcsrespons_questionnaire_id_student_388a20c4_uniq; Type: CONSTRAINT; Schema: public; Owner: pramadmin
--

ALTER TABLE ONLY public.pramlearnapp_arcsresponse
    ADD CONSTRAINT pramlearnapp_arcsrespons_questionnaire_id_student_388a20c4_uniq UNIQUE (questionnaire_id, student_id);


--
-- Name: pramlearnapp_arcsresponse pramlearnapp_arcsresponse_pkey; Type: CONSTRAINT; Schema: public; Owner: pramadmin
--

ALTER TABLE ONLY public.pramlearnapp_arcsresponse
    ADD CONSTRAINT pramlearnapp_arcsresponse_pkey PRIMARY KEY (id);


--
-- Name: pramlearnapp_assignment pramlearnapp_assignment_pkey; Type: CONSTRAINT; Schema: public; Owner: pramadmin
--

ALTER TABLE ONLY public.pramlearnapp_assignment
    ADD CONSTRAINT pramlearnapp_assignment_pkey PRIMARY KEY (id);


--
-- Name: pramlearnapp_assignment pramlearnapp_assignment_slug_key; Type: CONSTRAINT; Schema: public; Owner: pramadmin
--

ALTER TABLE ONLY public.pramlearnapp_assignment
    ADD CONSTRAINT pramlearnapp_assignment_slug_key UNIQUE (slug);


--
-- Name: pramlearnapp_assignmentanswer pramlearnapp_assignmentanswer_pkey; Type: CONSTRAINT; Schema: public; Owner: pramadmin
--

ALTER TABLE ONLY public.pramlearnapp_assignmentanswer
    ADD CONSTRAINT pramlearnapp_assignmentanswer_pkey PRIMARY KEY (id);


--
-- Name: pramlearnapp_assignmentquestion pramlearnapp_assignmentquestion_pkey; Type: CONSTRAINT; Schema: public; Owner: pramadmin
--

ALTER TABLE ONLY public.pramlearnapp_assignmentquestion
    ADD CONSTRAINT pramlearnapp_assignmentquestion_pkey PRIMARY KEY (id);


--
-- Name: pramlearnapp_assignmentsubmission pramlearnapp_assignmentsubmission_pkey; Type: CONSTRAINT; Schema: public; Owner: pramadmin
--

ALTER TABLE ONLY public.pramlearnapp_assignmentsubmission
    ADD CONSTRAINT pramlearnapp_assignmentsubmission_pkey PRIMARY KEY (id);


--
-- Name: pramlearnapp_class pramlearnapp_class_pkey; Type: CONSTRAINT; Schema: public; Owner: pramadmin
--

ALTER TABLE ONLY public.pramlearnapp_class
    ADD CONSTRAINT pramlearnapp_class_pkey PRIMARY KEY (id);


--
-- Name: pramlearnapp_class pramlearnapp_class_slug_key; Type: CONSTRAINT; Schema: public; Owner: pramadmin
--

ALTER TABLE ONLY public.pramlearnapp_class
    ADD CONSTRAINT pramlearnapp_class_slug_key UNIQUE (slug);


--
-- Name: pramlearnapp_classstudent pramlearnapp_classstudent_pkey; Type: CONSTRAINT; Schema: public; Owner: pramadmin
--

ALTER TABLE ONLY public.pramlearnapp_classstudent
    ADD CONSTRAINT pramlearnapp_classstudent_pkey PRIMARY KEY (id);


--
-- Name: pramlearnapp_customuser_groups pramlearnapp_customuser__customuser_id_group_id_6aab5344_uniq; Type: CONSTRAINT; Schema: public; Owner: pramadmin
--

ALTER TABLE ONLY public.pramlearnapp_customuser_groups
    ADD CONSTRAINT pramlearnapp_customuser__customuser_id_group_id_6aab5344_uniq UNIQUE (customuser_id, group_id);


--
-- Name: pramlearnapp_customuser_user_permissions pramlearnapp_customuser__customuser_id_permission_2be8f081_uniq; Type: CONSTRAINT; Schema: public; Owner: pramadmin
--

ALTER TABLE ONLY public.pramlearnapp_customuser_user_permissions
    ADD CONSTRAINT pramlearnapp_customuser__customuser_id_permission_2be8f081_uniq UNIQUE (customuser_id, permission_id);


--
-- Name: pramlearnapp_customuser_groups pramlearnapp_customuser_groups_pkey; Type: CONSTRAINT; Schema: public; Owner: pramadmin
--

ALTER TABLE ONLY public.pramlearnapp_customuser_groups
    ADD CONSTRAINT pramlearnapp_customuser_groups_pkey PRIMARY KEY (id);


--
-- Name: pramlearnapp_customuser pramlearnapp_customuser_pkey; Type: CONSTRAINT; Schema: public; Owner: pramadmin
--

ALTER TABLE ONLY public.pramlearnapp_customuser
    ADD CONSTRAINT pramlearnapp_customuser_pkey PRIMARY KEY (id);


--
-- Name: pramlearnapp_customuser_user_permissions pramlearnapp_customuser_user_permissions_pkey; Type: CONSTRAINT; Schema: public; Owner: pramadmin
--

ALTER TABLE ONLY public.pramlearnapp_customuser_user_permissions
    ADD CONSTRAINT pramlearnapp_customuser_user_permissions_pkey PRIMARY KEY (id);


--
-- Name: pramlearnapp_customuser pramlearnapp_customuser_username_key; Type: CONSTRAINT; Schema: public; Owner: pramadmin
--

ALTER TABLE ONLY public.pramlearnapp_customuser
    ADD CONSTRAINT pramlearnapp_customuser_username_key UNIQUE (username);


--
-- Name: pramlearnapp_file pramlearnapp_file_pkey; Type: CONSTRAINT; Schema: public; Owner: pramadmin
--

ALTER TABLE ONLY public.pramlearnapp_file
    ADD CONSTRAINT pramlearnapp_file_pkey PRIMARY KEY (id);


--
-- Name: pramlearnapp_grade pramlearnapp_grade_pkey; Type: CONSTRAINT; Schema: public; Owner: pramadmin
--

ALTER TABLE ONLY public.pramlearnapp_grade
    ADD CONSTRAINT pramlearnapp_grade_pkey PRIMARY KEY (id);


--
-- Name: pramlearnapp_gradestatistics pramlearnapp_gradestatistics_pkey; Type: CONSTRAINT; Schema: public; Owner: pramadmin
--

ALTER TABLE ONLY public.pramlearnapp_gradestatistics
    ADD CONSTRAINT pramlearnapp_gradestatistics_pkey PRIMARY KEY (id);


--
-- Name: pramlearnapp_gradestatistics pramlearnapp_gradestatistics_student_id_key; Type: CONSTRAINT; Schema: public; Owner: pramadmin
--

ALTER TABLE ONLY public.pramlearnapp_gradestatistics
    ADD CONSTRAINT pramlearnapp_gradestatistics_student_id_key UNIQUE (student_id);


--
-- Name: pramlearnapp_group pramlearnapp_group_code_key; Type: CONSTRAINT; Schema: public; Owner: pramadmin
--

ALTER TABLE ONLY public.pramlearnapp_group
    ADD CONSTRAINT pramlearnapp_group_code_key UNIQUE (code);


--
-- Name: pramlearnapp_group pramlearnapp_group_pkey; Type: CONSTRAINT; Schema: public; Owner: pramadmin
--

ALTER TABLE ONLY public.pramlearnapp_group
    ADD CONSTRAINT pramlearnapp_group_pkey PRIMARY KEY (id);


--
-- Name: pramlearnapp_groupchat pramlearnapp_groupchat_pkey; Type: CONSTRAINT; Schema: public; Owner: pramadmin
--

ALTER TABLE ONLY public.pramlearnapp_groupchat
    ADD CONSTRAINT pramlearnapp_groupchat_pkey PRIMARY KEY (id);


--
-- Name: pramlearnapp_groupchatread pramlearnapp_groupchatread_chat_id_user_id_b01e8519_uniq; Type: CONSTRAINT; Schema: public; Owner: pramadmin
--

ALTER TABLE ONLY public.pramlearnapp_groupchatread
    ADD CONSTRAINT pramlearnapp_groupchatread_chat_id_user_id_b01e8519_uniq UNIQUE (chat_id, user_id);


--
-- Name: pramlearnapp_groupchatread pramlearnapp_groupchatread_pkey; Type: CONSTRAINT; Schema: public; Owner: pramadmin
--

ALTER TABLE ONLY public.pramlearnapp_groupchatread
    ADD CONSTRAINT pramlearnapp_groupchatread_pkey PRIMARY KEY (id);


--
-- Name: pramlearnapp_groupmember pramlearnapp_groupmember_group_id_student_id_8385b3be_uniq; Type: CONSTRAINT; Schema: public; Owner: pramadmin
--

ALTER TABLE ONLY public.pramlearnapp_groupmember
    ADD CONSTRAINT pramlearnapp_groupmember_group_id_student_id_8385b3be_uniq UNIQUE (group_id, student_id);


--
-- Name: pramlearnapp_groupmember pramlearnapp_groupmember_pkey; Type: CONSTRAINT; Schema: public; Owner: pramadmin
--

ALTER TABLE ONLY public.pramlearnapp_groupmember
    ADD CONSTRAINT pramlearnapp_groupmember_pkey PRIMARY KEY (id);


--
-- Name: pramlearnapp_groupquiz pramlearnapp_groupquiz_pkey; Type: CONSTRAINT; Schema: public; Owner: pramadmin
--

ALTER TABLE ONLY public.pramlearnapp_groupquiz
    ADD CONSTRAINT pramlearnapp_groupquiz_pkey PRIMARY KEY (id);


--
-- Name: pramlearnapp_groupquiz pramlearnapp_groupquiz_quiz_id_group_id_518a2b2c_uniq; Type: CONSTRAINT; Schema: public; Owner: pramadmin
--

ALTER TABLE ONLY public.pramlearnapp_groupquiz
    ADD CONSTRAINT pramlearnapp_groupquiz_quiz_id_group_id_518a2b2c_uniq UNIQUE (quiz_id, group_id);


--
-- Name: pramlearnapp_groupquizresult pramlearnapp_groupquizresult_group_quiz_id_key; Type: CONSTRAINT; Schema: public; Owner: pramadmin
--

ALTER TABLE ONLY public.pramlearnapp_groupquizresult
    ADD CONSTRAINT pramlearnapp_groupquizresult_group_quiz_id_key UNIQUE (group_quiz_id);


--
-- Name: pramlearnapp_groupquizresult pramlearnapp_groupquizresult_pkey; Type: CONSTRAINT; Schema: public; Owner: pramadmin
--

ALTER TABLE ONLY public.pramlearnapp_groupquizresult
    ADD CONSTRAINT pramlearnapp_groupquizresult_pkey PRIMARY KEY (id);


--
-- Name: pramlearnapp_groupquizsubmission pramlearnapp_groupquizsu_group_quiz_id_question_i_a68d96dd_uniq; Type: CONSTRAINT; Schema: public; Owner: pramadmin
--

ALTER TABLE ONLY public.pramlearnapp_groupquizsubmission
    ADD CONSTRAINT pramlearnapp_groupquizsu_group_quiz_id_question_i_a68d96dd_uniq UNIQUE (group_quiz_id, question_id);


--
-- Name: pramlearnapp_groupquizsubmission pramlearnapp_groupquizsubmission_pkey; Type: CONSTRAINT; Schema: public; Owner: pramadmin
--

ALTER TABLE ONLY public.pramlearnapp_groupquizsubmission
    ADD CONSTRAINT pramlearnapp_groupquizsubmission_pkey PRIMARY KEY (id);


--
-- Name: pramlearnapp_material_pdf_files pramlearnapp_material_pd_material_id_file_id_412b9c78_uniq; Type: CONSTRAINT; Schema: public; Owner: pramadmin
--

ALTER TABLE ONLY public.pramlearnapp_material_pdf_files
    ADD CONSTRAINT pramlearnapp_material_pd_material_id_file_id_412b9c78_uniq UNIQUE (material_id, file_id);


--
-- Name: pramlearnapp_material_pdf_files pramlearnapp_material_pdf_files_pkey; Type: CONSTRAINT; Schema: public; Owner: pramadmin
--

ALTER TABLE ONLY public.pramlearnapp_material_pdf_files
    ADD CONSTRAINT pramlearnapp_material_pdf_files_pkey PRIMARY KEY (id);


--
-- Name: pramlearnapp_material pramlearnapp_material_pkey; Type: CONSTRAINT; Schema: public; Owner: pramadmin
--

ALTER TABLE ONLY public.pramlearnapp_material
    ADD CONSTRAINT pramlearnapp_material_pkey PRIMARY KEY (id);


--
-- Name: pramlearnapp_material pramlearnapp_material_slug_key; Type: CONSTRAINT; Schema: public; Owner: pramadmin
--

ALTER TABLE ONLY public.pramlearnapp_material
    ADD CONSTRAINT pramlearnapp_material_slug_key UNIQUE (slug);


--
-- Name: pramlearnapp_materialyoutubevideo pramlearnapp_materialyoutubevideo_pkey; Type: CONSTRAINT; Schema: public; Owner: pramadmin
--

ALTER TABLE ONLY public.pramlearnapp_materialyoutubevideo
    ADD CONSTRAINT pramlearnapp_materialyoutubevideo_pkey PRIMARY KEY (id);


--
-- Name: pramlearnapp_question pramlearnapp_question_pkey; Type: CONSTRAINT; Schema: public; Owner: pramadmin
--

ALTER TABLE ONLY public.pramlearnapp_question
    ADD CONSTRAINT pramlearnapp_question_pkey PRIMARY KEY (id);


--
-- Name: pramlearnapp_quiz pramlearnapp_quiz_pkey; Type: CONSTRAINT; Schema: public; Owner: pramadmin
--

ALTER TABLE ONLY public.pramlearnapp_quiz
    ADD CONSTRAINT pramlearnapp_quiz_pkey PRIMARY KEY (id);


--
-- Name: pramlearnapp_quiz pramlearnapp_quiz_slug_key; Type: CONSTRAINT; Schema: public; Owner: pramadmin
--

ALTER TABLE ONLY public.pramlearnapp_quiz
    ADD CONSTRAINT pramlearnapp_quiz_slug_key UNIQUE (slug);


--
-- Name: pramlearnapp_role pramlearnapp_role_name_key; Type: CONSTRAINT; Schema: public; Owner: pramadmin
--

ALTER TABLE ONLY public.pramlearnapp_role
    ADD CONSTRAINT pramlearnapp_role_name_key UNIQUE (name);


--
-- Name: pramlearnapp_role pramlearnapp_role_pkey; Type: CONSTRAINT; Schema: public; Owner: pramadmin
--

ALTER TABLE ONLY public.pramlearnapp_role
    ADD CONSTRAINT pramlearnapp_role_pkey PRIMARY KEY (id);


--
-- Name: pramlearnapp_schedule pramlearnapp_schedule_pkey; Type: CONSTRAINT; Schema: public; Owner: pramadmin
--

ALTER TABLE ONLY public.pramlearnapp_schedule
    ADD CONSTRAINT pramlearnapp_schedule_pkey PRIMARY KEY (id);


--
-- Name: pramlearnapp_studentactivity pramlearnapp_studentactivity_pkey; Type: CONSTRAINT; Schema: public; Owner: pramadmin
--

ALTER TABLE ONLY public.pramlearnapp_studentactivity
    ADD CONSTRAINT pramlearnapp_studentactivity_pkey PRIMARY KEY (id);


--
-- Name: pramlearnapp_studentattendance pramlearnapp_studentatte_student_id_material_id_5d1eb98d_uniq; Type: CONSTRAINT; Schema: public; Owner: pramadmin
--

ALTER TABLE ONLY public.pramlearnapp_studentattendance
    ADD CONSTRAINT pramlearnapp_studentatte_student_id_material_id_5d1eb98d_uniq UNIQUE (student_id, material_id);


--
-- Name: pramlearnapp_studentattendance pramlearnapp_studentattendance_pkey; Type: CONSTRAINT; Schema: public; Owner: pramadmin
--

ALTER TABLE ONLY public.pramlearnapp_studentattendance
    ADD CONSTRAINT pramlearnapp_studentattendance_pkey PRIMARY KEY (id);


--
-- Name: pramlearnapp_studentmaterialactivity pramlearnapp_studentmate_student_id_material_id_a_2e20e5f4_uniq; Type: CONSTRAINT; Schema: public; Owner: pramadmin
--

ALTER TABLE ONLY public.pramlearnapp_studentmaterialactivity
    ADD CONSTRAINT pramlearnapp_studentmate_student_id_material_id_a_2e20e5f4_uniq UNIQUE (student_id, material_id, activity_type, content_id);


--
-- Name: pramlearnapp_studentmaterialbookmark pramlearnapp_studentmate_student_id_material_id_c_3dff5005_uniq; Type: CONSTRAINT; Schema: public; Owner: pramadmin
--

ALTER TABLE ONLY public.pramlearnapp_studentmaterialbookmark
    ADD CONSTRAINT pramlearnapp_studentmate_student_id_material_id_c_3dff5005_uniq UNIQUE (student_id, material_id, content_type, "position");


--
-- Name: pramlearnapp_studentmaterialprogress pramlearnapp_studentmate_student_id_material_id_eee1087a_uniq; Type: CONSTRAINT; Schema: public; Owner: pramadmin
--

ALTER TABLE ONLY public.pramlearnapp_studentmaterialprogress
    ADD CONSTRAINT pramlearnapp_studentmate_student_id_material_id_eee1087a_uniq UNIQUE (student_id, material_id);


--
-- Name: pramlearnapp_studentmaterialactivity pramlearnapp_studentmaterialactivity_pkey; Type: CONSTRAINT; Schema: public; Owner: pramadmin
--

ALTER TABLE ONLY public.pramlearnapp_studentmaterialactivity
    ADD CONSTRAINT pramlearnapp_studentmaterialactivity_pkey PRIMARY KEY (id);


--
-- Name: pramlearnapp_studentmaterialbookmark pramlearnapp_studentmaterialbookmark_pkey; Type: CONSTRAINT; Schema: public; Owner: pramadmin
--

ALTER TABLE ONLY public.pramlearnapp_studentmaterialbookmark
    ADD CONSTRAINT pramlearnapp_studentmaterialbookmark_pkey PRIMARY KEY (id);


--
-- Name: pramlearnapp_studentmaterialprogress pramlearnapp_studentmaterialprogress_pkey; Type: CONSTRAINT; Schema: public; Owner: pramadmin
--

ALTER TABLE ONLY public.pramlearnapp_studentmaterialprogress
    ADD CONSTRAINT pramlearnapp_studentmaterialprogress_pkey PRIMARY KEY (id);


--
-- Name: pramlearnapp_studentmotivationprofile pramlearnapp_studentmotivationprofile_pkey; Type: CONSTRAINT; Schema: public; Owner: pramadmin
--

ALTER TABLE ONLY public.pramlearnapp_studentmotivationprofile
    ADD CONSTRAINT pramlearnapp_studentmotivationprofile_pkey PRIMARY KEY (id);


--
-- Name: pramlearnapp_studentmotivationprofile pramlearnapp_studentmotivationprofile_student_id_key; Type: CONSTRAINT; Schema: public; Owner: pramadmin
--

ALTER TABLE ONLY public.pramlearnapp_studentmotivationprofile
    ADD CONSTRAINT pramlearnapp_studentmotivationprofile_student_id_key UNIQUE (student_id);


--
-- Name: pramlearnapp_studentquizanswer pramlearnapp_studentquiz_attempt_id_question_id_39f337ea_uniq; Type: CONSTRAINT; Schema: public; Owner: pramadmin
--

ALTER TABLE ONLY public.pramlearnapp_studentquizanswer
    ADD CONSTRAINT pramlearnapp_studentquiz_attempt_id_question_id_39f337ea_uniq UNIQUE (attempt_id, question_id);


--
-- Name: pramlearnapp_studentquizattempt pramlearnapp_studentquiz_student_id_quiz_id_65f3caf4_uniq; Type: CONSTRAINT; Schema: public; Owner: pramadmin
--

ALTER TABLE ONLY public.pramlearnapp_studentquizattempt
    ADD CONSTRAINT pramlearnapp_studentquiz_student_id_quiz_id_65f3caf4_uniq UNIQUE (student_id, quiz_id);


--
-- Name: pramlearnapp_studentquizanswer pramlearnapp_studentquizanswer_pkey; Type: CONSTRAINT; Schema: public; Owner: pramadmin
--

ALTER TABLE ONLY public.pramlearnapp_studentquizanswer
    ADD CONSTRAINT pramlearnapp_studentquizanswer_pkey PRIMARY KEY (id);


--
-- Name: pramlearnapp_studentquizattempt pramlearnapp_studentquizattempt_pkey; Type: CONSTRAINT; Schema: public; Owner: pramadmin
--

ALTER TABLE ONLY public.pramlearnapp_studentquizattempt
    ADD CONSTRAINT pramlearnapp_studentquizattempt_pkey PRIMARY KEY (id);


--
-- Name: pramlearnapp_subject pramlearnapp_subject_pkey; Type: CONSTRAINT; Schema: public; Owner: pramadmin
--

ALTER TABLE ONLY public.pramlearnapp_subject
    ADD CONSTRAINT pramlearnapp_subject_pkey PRIMARY KEY (id);


--
-- Name: pramlearnapp_subject pramlearnapp_subject_slug_key; Type: CONSTRAINT; Schema: public; Owner: pramadmin
--

ALTER TABLE ONLY public.pramlearnapp_subject
    ADD CONSTRAINT pramlearnapp_subject_slug_key UNIQUE (slug);


--
-- Name: pramlearnapp_subjectclass pramlearnapp_subjectclass_pkey; Type: CONSTRAINT; Schema: public; Owner: pramadmin
--

ALTER TABLE ONLY public.pramlearnapp_subjectclass
    ADD CONSTRAINT pramlearnapp_subjectclass_pkey PRIMARY KEY (id);


--
-- Name: student_assignment_drafts student_assignment_draft_student_id_assignment_id_ca5a7d90_uniq; Type: CONSTRAINT; Schema: public; Owner: pramadmin
--

ALTER TABLE ONLY public.student_assignment_drafts
    ADD CONSTRAINT student_assignment_draft_student_id_assignment_id_ca5a7d90_uniq UNIQUE (student_id, assignment_id);


--
-- Name: student_assignment_drafts student_assignment_drafts_pkey; Type: CONSTRAINT; Schema: public; Owner: pramadmin
--

ALTER TABLE ONLY public.student_assignment_drafts
    ADD CONSTRAINT student_assignment_drafts_pkey PRIMARY KEY (id);


--
-- Name: auth_group_name_a6ea08ec_like; Type: INDEX; Schema: public; Owner: pramadmin
--

CREATE INDEX auth_group_name_a6ea08ec_like ON public.auth_group USING btree (name varchar_pattern_ops);


--
-- Name: auth_group_permissions_group_id_b120cbf9; Type: INDEX; Schema: public; Owner: pramadmin
--

CREATE INDEX auth_group_permissions_group_id_b120cbf9 ON public.auth_group_permissions USING btree (group_id);


--
-- Name: auth_group_permissions_permission_id_84c5c92e; Type: INDEX; Schema: public; Owner: pramadmin
--

CREATE INDEX auth_group_permissions_permission_id_84c5c92e ON public.auth_group_permissions USING btree (permission_id);


--
-- Name: auth_permission_content_type_id_2f476e4b; Type: INDEX; Schema: public; Owner: pramadmin
--

CREATE INDEX auth_permission_content_type_id_2f476e4b ON public.auth_permission USING btree (content_type_id);


--
-- Name: django_admin_log_content_type_id_c4bce8eb; Type: INDEX; Schema: public; Owner: pramadmin
--

CREATE INDEX django_admin_log_content_type_id_c4bce8eb ON public.django_admin_log USING btree (content_type_id);


--
-- Name: django_admin_log_user_id_c564eba6; Type: INDEX; Schema: public; Owner: pramadmin
--

CREATE INDEX django_admin_log_user_id_c564eba6 ON public.django_admin_log USING btree (user_id);


--
-- Name: django_session_expire_date_a5c62663; Type: INDEX; Schema: public; Owner: pramadmin
--

CREATE INDEX django_session_expire_date_a5c62663 ON public.django_session USING btree (expire_date);


--
-- Name: django_session_session_key_c0390e0f_like; Type: INDEX; Schema: public; Owner: pramadmin
--

CREATE INDEX django_session_session_key_c0390e0f_like ON public.django_session USING btree (session_key varchar_pattern_ops);


--
-- Name: pramlearnap_student_a61f97_idx; Type: INDEX; Schema: public; Owner: pramadmin
--

CREATE INDEX pramlearnap_student_a61f97_idx ON public.pramlearnapp_grade USING btree (student_id, date);


--
-- Name: pramlearnap_student_f106e0_idx; Type: INDEX; Schema: public; Owner: pramadmin
--

CREATE INDEX pramlearnap_student_f106e0_idx ON public.pramlearnapp_grade USING btree (student_id, type);


--
-- Name: pramlearnapp_achievement_student_id_412f409b; Type: INDEX; Schema: public; Owner: pramadmin
--

CREATE INDEX pramlearnapp_achievement_student_id_412f409b ON public.pramlearnapp_achievement USING btree (student_id);


--
-- Name: pramlearnapp_announcement_author_id_e7441fac; Type: INDEX; Schema: public; Owner: pramadmin
--

CREATE INDEX pramlearnapp_announcement_author_id_e7441fac ON public.pramlearnapp_announcement USING btree (author_id);


--
-- Name: pramlearnapp_announcement_target_class_id_ffa5681a; Type: INDEX; Schema: public; Owner: pramadmin
--

CREATE INDEX pramlearnapp_announcement_target_class_id_ffa5681a ON public.pramlearnapp_announcement USING btree (target_class_id);


--
-- Name: pramlearnapp_arcsanswer_question_id_9764f4f7; Type: INDEX; Schema: public; Owner: pramadmin
--

CREATE INDEX pramlearnapp_arcsanswer_question_id_9764f4f7 ON public.pramlearnapp_arcsanswer USING btree (question_id);


--
-- Name: pramlearnapp_arcsanswer_response_id_33b025dc; Type: INDEX; Schema: public; Owner: pramadmin
--

CREATE INDEX pramlearnapp_arcsanswer_response_id_33b025dc ON public.pramlearnapp_arcsanswer USING btree (response_id);


--
-- Name: pramlearnapp_arcsquestion_questionnaire_id_49653d9b; Type: INDEX; Schema: public; Owner: pramadmin
--

CREATE INDEX pramlearnapp_arcsquestion_questionnaire_id_49653d9b ON public.pramlearnapp_arcsquestion USING btree (questionnaire_id);


--
-- Name: pramlearnapp_arcsquestionnaire_created_by_id_d1c4b0a4; Type: INDEX; Schema: public; Owner: pramadmin
--

CREATE INDEX pramlearnapp_arcsquestionnaire_created_by_id_d1c4b0a4 ON public.pramlearnapp_arcsquestionnaire USING btree (created_by_id);


--
-- Name: pramlearnapp_arcsquestionnaire_material_id_1407ba67; Type: INDEX; Schema: public; Owner: pramadmin
--

CREATE INDEX pramlearnapp_arcsquestionnaire_material_id_1407ba67 ON public.pramlearnapp_arcsquestionnaire USING btree (material_id);


--
-- Name: pramlearnapp_arcsquestionnaire_slug_1cb5bc6d_like; Type: INDEX; Schema: public; Owner: pramadmin
--

CREATE INDEX pramlearnapp_arcsquestionnaire_slug_1cb5bc6d_like ON public.pramlearnapp_arcsquestionnaire USING btree (slug varchar_pattern_ops);


--
-- Name: pramlearnapp_arcsresponse_questionnaire_id_784d567e; Type: INDEX; Schema: public; Owner: pramadmin
--

CREATE INDEX pramlearnapp_arcsresponse_questionnaire_id_784d567e ON public.pramlearnapp_arcsresponse USING btree (questionnaire_id);


--
-- Name: pramlearnapp_arcsresponse_student_id_d5c70978; Type: INDEX; Schema: public; Owner: pramadmin
--

CREATE INDEX pramlearnapp_arcsresponse_student_id_d5c70978 ON public.pramlearnapp_arcsresponse USING btree (student_id);


--
-- Name: pramlearnapp_assignment_material_id_f5e3d5f0; Type: INDEX; Schema: public; Owner: pramadmin
--

CREATE INDEX pramlearnapp_assignment_material_id_f5e3d5f0 ON public.pramlearnapp_assignment USING btree (material_id);


--
-- Name: pramlearnapp_assignment_slug_96eb1ae8_like; Type: INDEX; Schema: public; Owner: pramadmin
--

CREATE INDEX pramlearnapp_assignment_slug_96eb1ae8_like ON public.pramlearnapp_assignment USING btree (slug varchar_pattern_ops);


--
-- Name: pramlearnapp_assignmentanswer_question_id_ba308fcc; Type: INDEX; Schema: public; Owner: pramadmin
--

CREATE INDEX pramlearnapp_assignmentanswer_question_id_ba308fcc ON public.pramlearnapp_assignmentanswer USING btree (question_id);


--
-- Name: pramlearnapp_assignmentanswer_submission_id_5be14709; Type: INDEX; Schema: public; Owner: pramadmin
--

CREATE INDEX pramlearnapp_assignmentanswer_submission_id_5be14709 ON public.pramlearnapp_assignmentanswer USING btree (submission_id);


--
-- Name: pramlearnapp_assignmentquestion_assignment_id_9c89f079; Type: INDEX; Schema: public; Owner: pramadmin
--

CREATE INDEX pramlearnapp_assignmentquestion_assignment_id_9c89f079 ON public.pramlearnapp_assignmentquestion USING btree (assignment_id);


--
-- Name: pramlearnapp_assignmentsubmission_assignment_id_30ceaac1; Type: INDEX; Schema: public; Owner: pramadmin
--

CREATE INDEX pramlearnapp_assignmentsubmission_assignment_id_30ceaac1 ON public.pramlearnapp_assignmentsubmission USING btree (assignment_id);


--
-- Name: pramlearnapp_assignmentsubmission_student_id_c8f85a56; Type: INDEX; Schema: public; Owner: pramadmin
--

CREATE INDEX pramlearnapp_assignmentsubmission_student_id_c8f85a56 ON public.pramlearnapp_assignmentsubmission USING btree (student_id);


--
-- Name: pramlearnapp_class_slug_e3f8c7e7_like; Type: INDEX; Schema: public; Owner: pramadmin
--

CREATE INDEX pramlearnapp_class_slug_e3f8c7e7_like ON public.pramlearnapp_class USING btree (slug varchar_pattern_ops);


--
-- Name: pramlearnapp_classstudent_class_id_id_3fee8c90; Type: INDEX; Schema: public; Owner: pramadmin
--

CREATE INDEX pramlearnapp_classstudent_class_id_id_3fee8c90 ON public.pramlearnapp_classstudent USING btree (class_id_id);


--
-- Name: pramlearnapp_classstudent_student_id_c31ae07a; Type: INDEX; Schema: public; Owner: pramadmin
--

CREATE INDEX pramlearnapp_classstudent_student_id_c31ae07a ON public.pramlearnapp_classstudent USING btree (student_id);


--
-- Name: pramlearnapp_customuser_groups_customuser_id_4a43eebf; Type: INDEX; Schema: public; Owner: pramadmin
--

CREATE INDEX pramlearnapp_customuser_groups_customuser_id_4a43eebf ON public.pramlearnapp_customuser_groups USING btree (customuser_id);


--
-- Name: pramlearnapp_customuser_groups_group_id_09d5a616; Type: INDEX; Schema: public; Owner: pramadmin
--

CREATE INDEX pramlearnapp_customuser_groups_group_id_09d5a616 ON public.pramlearnapp_customuser_groups USING btree (group_id);


--
-- Name: pramlearnapp_customuser_role_id_40ce29b8; Type: INDEX; Schema: public; Owner: pramadmin
--

CREATE INDEX pramlearnapp_customuser_role_id_40ce29b8 ON public.pramlearnapp_customuser USING btree (role_id);


--
-- Name: pramlearnapp_customuser_user_permissions_customuser_id_95204c1e; Type: INDEX; Schema: public; Owner: pramadmin
--

CREATE INDEX pramlearnapp_customuser_user_permissions_customuser_id_95204c1e ON public.pramlearnapp_customuser_user_permissions USING btree (customuser_id);


--
-- Name: pramlearnapp_customuser_user_permissions_permission_id_7e3fbb21; Type: INDEX; Schema: public; Owner: pramadmin
--

CREATE INDEX pramlearnapp_customuser_user_permissions_permission_id_7e3fbb21 ON public.pramlearnapp_customuser_user_permissions USING btree (permission_id);


--
-- Name: pramlearnapp_customuser_username_2b75b7e5_like; Type: INDEX; Schema: public; Owner: pramadmin
--

CREATE INDEX pramlearnapp_customuser_username_2b75b7e5_like ON public.pramlearnapp_customuser USING btree (username varchar_pattern_ops);


--
-- Name: pramlearnapp_grade_assignment_id_f64b219e; Type: INDEX; Schema: public; Owner: pramadmin
--

CREATE INDEX pramlearnapp_grade_assignment_id_f64b219e ON public.pramlearnapp_grade USING btree (assignment_id);


--
-- Name: pramlearnapp_grade_material_id_19382c18; Type: INDEX; Schema: public; Owner: pramadmin
--

CREATE INDEX pramlearnapp_grade_material_id_19382c18 ON public.pramlearnapp_grade USING btree (material_id);


--
-- Name: pramlearnapp_grade_quiz_id_9ea75a07; Type: INDEX; Schema: public; Owner: pramadmin
--

CREATE INDEX pramlearnapp_grade_quiz_id_9ea75a07 ON public.pramlearnapp_grade USING btree (quiz_id);


--
-- Name: pramlearnapp_grade_student_id_3f89e28e; Type: INDEX; Schema: public; Owner: pramadmin
--

CREATE INDEX pramlearnapp_grade_student_id_3f89e28e ON public.pramlearnapp_grade USING btree (student_id);


--
-- Name: pramlearnapp_group_code_8e5c2eb4_like; Type: INDEX; Schema: public; Owner: pramadmin
--

CREATE INDEX pramlearnapp_group_code_8e5c2eb4_like ON public.pramlearnapp_group USING btree (code varchar_pattern_ops);


--
-- Name: pramlearnapp_group_material_id_a58eb1c2; Type: INDEX; Schema: public; Owner: pramadmin
--

CREATE INDEX pramlearnapp_group_material_id_a58eb1c2 ON public.pramlearnapp_group USING btree (material_id);


--
-- Name: pramlearnapp_groupchat_group_id_20d354ad; Type: INDEX; Schema: public; Owner: pramadmin
--

CREATE INDEX pramlearnapp_groupchat_group_id_20d354ad ON public.pramlearnapp_groupchat USING btree (group_id);


--
-- Name: pramlearnapp_groupchat_sender_id_d09b843f; Type: INDEX; Schema: public; Owner: pramadmin
--

CREATE INDEX pramlearnapp_groupchat_sender_id_d09b843f ON public.pramlearnapp_groupchat USING btree (sender_id);


--
-- Name: pramlearnapp_groupchatread_chat_id_8308c09d; Type: INDEX; Schema: public; Owner: pramadmin
--

CREATE INDEX pramlearnapp_groupchatread_chat_id_8308c09d ON public.pramlearnapp_groupchatread USING btree (chat_id);


--
-- Name: pramlearnapp_groupchatread_user_id_7054b149; Type: INDEX; Schema: public; Owner: pramadmin
--

CREATE INDEX pramlearnapp_groupchatread_user_id_7054b149 ON public.pramlearnapp_groupchatread USING btree (user_id);


--
-- Name: pramlearnapp_groupmember_group_id_ab01f77b; Type: INDEX; Schema: public; Owner: pramadmin
--

CREATE INDEX pramlearnapp_groupmember_group_id_ab01f77b ON public.pramlearnapp_groupmember USING btree (group_id);


--
-- Name: pramlearnapp_groupmember_student_id_9d6e13b7; Type: INDEX; Schema: public; Owner: pramadmin
--

CREATE INDEX pramlearnapp_groupmember_student_id_9d6e13b7 ON public.pramlearnapp_groupmember USING btree (student_id);


--
-- Name: pramlearnapp_groupquiz_group_id_53fe9db1; Type: INDEX; Schema: public; Owner: pramadmin
--

CREATE INDEX pramlearnapp_groupquiz_group_id_53fe9db1 ON public.pramlearnapp_groupquiz USING btree (group_id);


--
-- Name: pramlearnapp_groupquiz_quiz_id_7a2ce293; Type: INDEX; Schema: public; Owner: pramadmin
--

CREATE INDEX pramlearnapp_groupquiz_quiz_id_7a2ce293 ON public.pramlearnapp_groupquiz USING btree (quiz_id);


--
-- Name: pramlearnapp_groupquizsubmission_group_quiz_id_83f96f79; Type: INDEX; Schema: public; Owner: pramadmin
--

CREATE INDEX pramlearnapp_groupquizsubmission_group_quiz_id_83f96f79 ON public.pramlearnapp_groupquizsubmission USING btree (group_quiz_id);


--
-- Name: pramlearnapp_groupquizsubmission_question_id_136d486d; Type: INDEX; Schema: public; Owner: pramadmin
--

CREATE INDEX pramlearnapp_groupquizsubmission_question_id_136d486d ON public.pramlearnapp_groupquizsubmission USING btree (question_id);


--
-- Name: pramlearnapp_groupquizsubmission_student_id_9ae5be34; Type: INDEX; Schema: public; Owner: pramadmin
--

CREATE INDEX pramlearnapp_groupquizsubmission_student_id_9ae5be34 ON public.pramlearnapp_groupquizsubmission USING btree (student_id);


--
-- Name: pramlearnapp_material_pdf_files_file_id_57981713; Type: INDEX; Schema: public; Owner: pramadmin
--

CREATE INDEX pramlearnapp_material_pdf_files_file_id_57981713 ON public.pramlearnapp_material_pdf_files USING btree (file_id);


--
-- Name: pramlearnapp_material_pdf_files_material_id_91d52817; Type: INDEX; Schema: public; Owner: pramadmin
--

CREATE INDEX pramlearnapp_material_pdf_files_material_id_91d52817 ON public.pramlearnapp_material_pdf_files USING btree (material_id);


--
-- Name: pramlearnapp_material_slug_85e362a1_like; Type: INDEX; Schema: public; Owner: pramadmin
--

CREATE INDEX pramlearnapp_material_slug_85e362a1_like ON public.pramlearnapp_material USING btree (slug varchar_pattern_ops);


--
-- Name: pramlearnapp_material_subject_id_5b7aedce; Type: INDEX; Schema: public; Owner: pramadmin
--

CREATE INDEX pramlearnapp_material_subject_id_5b7aedce ON public.pramlearnapp_material USING btree (subject_id);


--
-- Name: pramlearnapp_materialyoutubevideo_material_id_d0ced808; Type: INDEX; Schema: public; Owner: pramadmin
--

CREATE INDEX pramlearnapp_materialyoutubevideo_material_id_d0ced808 ON public.pramlearnapp_materialyoutubevideo USING btree (material_id);


--
-- Name: pramlearnapp_question_quiz_id_f6a413a5; Type: INDEX; Schema: public; Owner: pramadmin
--

CREATE INDEX pramlearnapp_question_quiz_id_f6a413a5 ON public.pramlearnapp_question USING btree (quiz_id);


--
-- Name: pramlearnapp_quiz_material_id_35aa4ec3; Type: INDEX; Schema: public; Owner: pramadmin
--

CREATE INDEX pramlearnapp_quiz_material_id_35aa4ec3 ON public.pramlearnapp_quiz USING btree (material_id);


--
-- Name: pramlearnapp_quiz_slug_bcf4b773_like; Type: INDEX; Schema: public; Owner: pramadmin
--

CREATE INDEX pramlearnapp_quiz_slug_bcf4b773_like ON public.pramlearnapp_quiz USING btree (slug varchar_pattern_ops);


--
-- Name: pramlearnapp_role_name_92323146_like; Type: INDEX; Schema: public; Owner: pramadmin
--

CREATE INDEX pramlearnapp_role_name_92323146_like ON public.pramlearnapp_role USING btree (name varchar_pattern_ops);


--
-- Name: pramlearnapp_schedule_class_obj_id_bdfc9455; Type: INDEX; Schema: public; Owner: pramadmin
--

CREATE INDEX pramlearnapp_schedule_class_obj_id_bdfc9455 ON public.pramlearnapp_schedule USING btree (class_obj_id);


--
-- Name: pramlearnapp_schedule_subject_id_9b889795; Type: INDEX; Schema: public; Owner: pramadmin
--

CREATE INDEX pramlearnapp_schedule_subject_id_9b889795 ON public.pramlearnapp_schedule USING btree (subject_id);


--
-- Name: pramlearnapp_studentactivity_student_id_cd860118; Type: INDEX; Schema: public; Owner: pramadmin
--

CREATE INDEX pramlearnapp_studentactivity_student_id_cd860118 ON public.pramlearnapp_studentactivity USING btree (student_id);


--
-- Name: pramlearnapp_studentattendance_material_id_e1fb549a; Type: INDEX; Schema: public; Owner: pramadmin
--

CREATE INDEX pramlearnapp_studentattendance_material_id_e1fb549a ON public.pramlearnapp_studentattendance USING btree (material_id);


--
-- Name: pramlearnapp_studentattendance_student_id_867627e5; Type: INDEX; Schema: public; Owner: pramadmin
--

CREATE INDEX pramlearnapp_studentattendance_student_id_867627e5 ON public.pramlearnapp_studentattendance USING btree (student_id);


--
-- Name: pramlearnapp_studentattendance_updated_by_id_be4bfc83; Type: INDEX; Schema: public; Owner: pramadmin
--

CREATE INDEX pramlearnapp_studentattendance_updated_by_id_be4bfc83 ON public.pramlearnapp_studentattendance USING btree (updated_by_id);


--
-- Name: pramlearnapp_studentmaterialactivity_material_id_0ce2aa39; Type: INDEX; Schema: public; Owner: pramadmin
--

CREATE INDEX pramlearnapp_studentmaterialactivity_material_id_0ce2aa39 ON public.pramlearnapp_studentmaterialactivity USING btree (material_id);


--
-- Name: pramlearnapp_studentmaterialactivity_student_id_746a0d4c; Type: INDEX; Schema: public; Owner: pramadmin
--

CREATE INDEX pramlearnapp_studentmaterialactivity_student_id_746a0d4c ON public.pramlearnapp_studentmaterialactivity USING btree (student_id);


--
-- Name: pramlearnapp_studentmaterialbookmark_material_id_c98fe0ea; Type: INDEX; Schema: public; Owner: pramadmin
--

CREATE INDEX pramlearnapp_studentmaterialbookmark_material_id_c98fe0ea ON public.pramlearnapp_studentmaterialbookmark USING btree (material_id);


--
-- Name: pramlearnapp_studentmaterialbookmark_student_id_02c2aa4b; Type: INDEX; Schema: public; Owner: pramadmin
--

CREATE INDEX pramlearnapp_studentmaterialbookmark_student_id_02c2aa4b ON public.pramlearnapp_studentmaterialbookmark USING btree (student_id);


--
-- Name: pramlearnapp_studentmaterialprogress_material_id_af0fb194; Type: INDEX; Schema: public; Owner: pramadmin
--

CREATE INDEX pramlearnapp_studentmaterialprogress_material_id_af0fb194 ON public.pramlearnapp_studentmaterialprogress USING btree (material_id);


--
-- Name: pramlearnapp_studentmaterialprogress_student_id_ab2f803d; Type: INDEX; Schema: public; Owner: pramadmin
--

CREATE INDEX pramlearnapp_studentmaterialprogress_student_id_ab2f803d ON public.pramlearnapp_studentmaterialprogress USING btree (student_id);


--
-- Name: pramlearnapp_studentquizanswer_attempt_id_e32ea7bd; Type: INDEX; Schema: public; Owner: pramadmin
--

CREATE INDEX pramlearnapp_studentquizanswer_attempt_id_e32ea7bd ON public.pramlearnapp_studentquizanswer USING btree (attempt_id);


--
-- Name: pramlearnapp_studentquizanswer_question_id_f9fafe34; Type: INDEX; Schema: public; Owner: pramadmin
--

CREATE INDEX pramlearnapp_studentquizanswer_question_id_f9fafe34 ON public.pramlearnapp_studentquizanswer USING btree (question_id);


--
-- Name: pramlearnapp_studentquizattempt_quiz_id_a097e65d; Type: INDEX; Schema: public; Owner: pramadmin
--

CREATE INDEX pramlearnapp_studentquizattempt_quiz_id_a097e65d ON public.pramlearnapp_studentquizattempt USING btree (quiz_id);


--
-- Name: pramlearnapp_studentquizattempt_student_id_638eab07; Type: INDEX; Schema: public; Owner: pramadmin
--

CREATE INDEX pramlearnapp_studentquizattempt_student_id_638eab07 ON public.pramlearnapp_studentquizattempt USING btree (student_id);


--
-- Name: pramlearnapp_subject_slug_ac51c2b5_like; Type: INDEX; Schema: public; Owner: pramadmin
--

CREATE INDEX pramlearnapp_subject_slug_ac51c2b5_like ON public.pramlearnapp_subject USING btree (slug varchar_pattern_ops);


--
-- Name: pramlearnapp_subject_subject_class_id_37b7e310; Type: INDEX; Schema: public; Owner: pramadmin
--

CREATE INDEX pramlearnapp_subject_subject_class_id_37b7e310 ON public.pramlearnapp_subject USING btree (subject_class_id);


--
-- Name: pramlearnapp_subjectclass_class_id_id_1c5f34eb; Type: INDEX; Schema: public; Owner: pramadmin
--

CREATE INDEX pramlearnapp_subjectclass_class_id_id_1c5f34eb ON public.pramlearnapp_subjectclass USING btree (class_id_id);


--
-- Name: pramlearnapp_subjectclass_subject_id_326d4ab9; Type: INDEX; Schema: public; Owner: pramadmin
--

CREATE INDEX pramlearnapp_subjectclass_subject_id_326d4ab9 ON public.pramlearnapp_subjectclass USING btree (subject_id);


--
-- Name: pramlearnapp_subjectclass_teacher_id_9450ccf5; Type: INDEX; Schema: public; Owner: pramadmin
--

CREATE INDEX pramlearnapp_subjectclass_teacher_id_9450ccf5 ON public.pramlearnapp_subjectclass USING btree (teacher_id);


--
-- Name: student_assignment_drafts_assignment_id_e6d88dc2; Type: INDEX; Schema: public; Owner: pramadmin
--

CREATE INDEX student_assignment_drafts_assignment_id_e6d88dc2 ON public.student_assignment_drafts USING btree (assignment_id);


--
-- Name: student_assignment_drafts_student_id_4a6408d7; Type: INDEX; Schema: public; Owner: pramadmin
--

CREATE INDEX student_assignment_drafts_student_id_4a6408d7 ON public.student_assignment_drafts USING btree (student_id);


--
-- Name: auth_group_permissions auth_group_permissio_permission_id_84c5c92e_fk_auth_perm; Type: FK CONSTRAINT; Schema: public; Owner: pramadmin
--

ALTER TABLE ONLY public.auth_group_permissions
    ADD CONSTRAINT auth_group_permissio_permission_id_84c5c92e_fk_auth_perm FOREIGN KEY (permission_id) REFERENCES public.auth_permission(id) DEFERRABLE INITIALLY DEFERRED;


--
-- Name: auth_group_permissions auth_group_permissions_group_id_b120cbf9_fk_auth_group_id; Type: FK CONSTRAINT; Schema: public; Owner: pramadmin
--

ALTER TABLE ONLY public.auth_group_permissions
    ADD CONSTRAINT auth_group_permissions_group_id_b120cbf9_fk_auth_group_id FOREIGN KEY (group_id) REFERENCES public.auth_group(id) DEFERRABLE INITIALLY DEFERRED;


--
-- Name: auth_permission auth_permission_content_type_id_2f476e4b_fk_django_co; Type: FK CONSTRAINT; Schema: public; Owner: pramadmin
--

ALTER TABLE ONLY public.auth_permission
    ADD CONSTRAINT auth_permission_content_type_id_2f476e4b_fk_django_co FOREIGN KEY (content_type_id) REFERENCES public.django_content_type(id) DEFERRABLE INITIALLY DEFERRED;


--
-- Name: django_admin_log django_admin_log_content_type_id_c4bce8eb_fk_django_co; Type: FK CONSTRAINT; Schema: public; Owner: pramadmin
--

ALTER TABLE ONLY public.django_admin_log
    ADD CONSTRAINT django_admin_log_content_type_id_c4bce8eb_fk_django_co FOREIGN KEY (content_type_id) REFERENCES public.django_content_type(id) DEFERRABLE INITIALLY DEFERRED;


--
-- Name: django_admin_log django_admin_log_user_id_c564eba6_fk_pramlearnapp_customuser_id; Type: FK CONSTRAINT; Schema: public; Owner: pramadmin
--

ALTER TABLE ONLY public.django_admin_log
    ADD CONSTRAINT django_admin_log_user_id_c564eba6_fk_pramlearnapp_customuser_id FOREIGN KEY (user_id) REFERENCES public.pramlearnapp_customuser(id) DEFERRABLE INITIALLY DEFERRED;


--
-- Name: pramlearnapp_achievement pramlearnapp_achieve_student_id_412f409b_fk_pramlearn; Type: FK CONSTRAINT; Schema: public; Owner: pramadmin
--

ALTER TABLE ONLY public.pramlearnapp_achievement
    ADD CONSTRAINT pramlearnapp_achieve_student_id_412f409b_fk_pramlearn FOREIGN KEY (student_id) REFERENCES public.pramlearnapp_customuser(id) DEFERRABLE INITIALLY DEFERRED;


--
-- Name: pramlearnapp_announcement pramlearnapp_announc_author_id_e7441fac_fk_pramlearn; Type: FK CONSTRAINT; Schema: public; Owner: pramadmin
--

ALTER TABLE ONLY public.pramlearnapp_announcement
    ADD CONSTRAINT pramlearnapp_announc_author_id_e7441fac_fk_pramlearn FOREIGN KEY (author_id) REFERENCES public.pramlearnapp_customuser(id) DEFERRABLE INITIALLY DEFERRED;


--
-- Name: pramlearnapp_announcement pramlearnapp_announc_target_class_id_ffa5681a_fk_pramlearn; Type: FK CONSTRAINT; Schema: public; Owner: pramadmin
--

ALTER TABLE ONLY public.pramlearnapp_announcement
    ADD CONSTRAINT pramlearnapp_announc_target_class_id_ffa5681a_fk_pramlearn FOREIGN KEY (target_class_id) REFERENCES public.pramlearnapp_class(id) DEFERRABLE INITIALLY DEFERRED;


--
-- Name: pramlearnapp_arcsanswer pramlearnapp_arcsans_question_id_9764f4f7_fk_pramlearn; Type: FK CONSTRAINT; Schema: public; Owner: pramadmin
--

ALTER TABLE ONLY public.pramlearnapp_arcsanswer
    ADD CONSTRAINT pramlearnapp_arcsans_question_id_9764f4f7_fk_pramlearn FOREIGN KEY (question_id) REFERENCES public.pramlearnapp_arcsquestion(id) DEFERRABLE INITIALLY DEFERRED;


--
-- Name: pramlearnapp_arcsanswer pramlearnapp_arcsans_response_id_33b025dc_fk_pramlearn; Type: FK CONSTRAINT; Schema: public; Owner: pramadmin
--

ALTER TABLE ONLY public.pramlearnapp_arcsanswer
    ADD CONSTRAINT pramlearnapp_arcsans_response_id_33b025dc_fk_pramlearn FOREIGN KEY (response_id) REFERENCES public.pramlearnapp_arcsresponse(id) DEFERRABLE INITIALLY DEFERRED;


--
-- Name: pramlearnapp_arcsquestionnaire pramlearnapp_arcsque_created_by_id_d1c4b0a4_fk_pramlearn; Type: FK CONSTRAINT; Schema: public; Owner: pramadmin
--

ALTER TABLE ONLY public.pramlearnapp_arcsquestionnaire
    ADD CONSTRAINT pramlearnapp_arcsque_created_by_id_d1c4b0a4_fk_pramlearn FOREIGN KEY (created_by_id) REFERENCES public.pramlearnapp_customuser(id) DEFERRABLE INITIALLY DEFERRED;


--
-- Name: pramlearnapp_arcsquestionnaire pramlearnapp_arcsque_material_id_1407ba67_fk_pramlearn; Type: FK CONSTRAINT; Schema: public; Owner: pramadmin
--

ALTER TABLE ONLY public.pramlearnapp_arcsquestionnaire
    ADD CONSTRAINT pramlearnapp_arcsque_material_id_1407ba67_fk_pramlearn FOREIGN KEY (material_id) REFERENCES public.pramlearnapp_material(id) DEFERRABLE INITIALLY DEFERRED;


--
-- Name: pramlearnapp_arcsquestion pramlearnapp_arcsque_questionnaire_id_49653d9b_fk_pramlearn; Type: FK CONSTRAINT; Schema: public; Owner: pramadmin
--

ALTER TABLE ONLY public.pramlearnapp_arcsquestion
    ADD CONSTRAINT pramlearnapp_arcsque_questionnaire_id_49653d9b_fk_pramlearn FOREIGN KEY (questionnaire_id) REFERENCES public.pramlearnapp_arcsquestionnaire(id) DEFERRABLE INITIALLY DEFERRED;


--
-- Name: pramlearnapp_arcsresponse pramlearnapp_arcsres_questionnaire_id_784d567e_fk_pramlearn; Type: FK CONSTRAINT; Schema: public; Owner: pramadmin
--

ALTER TABLE ONLY public.pramlearnapp_arcsresponse
    ADD CONSTRAINT pramlearnapp_arcsres_questionnaire_id_784d567e_fk_pramlearn FOREIGN KEY (questionnaire_id) REFERENCES public.pramlearnapp_arcsquestionnaire(id) DEFERRABLE INITIALLY DEFERRED;


--
-- Name: pramlearnapp_arcsresponse pramlearnapp_arcsres_student_id_d5c70978_fk_pramlearn; Type: FK CONSTRAINT; Schema: public; Owner: pramadmin
--

ALTER TABLE ONLY public.pramlearnapp_arcsresponse
    ADD CONSTRAINT pramlearnapp_arcsres_student_id_d5c70978_fk_pramlearn FOREIGN KEY (student_id) REFERENCES public.pramlearnapp_customuser(id) DEFERRABLE INITIALLY DEFERRED;


--
-- Name: pramlearnapp_assignmentsubmission pramlearnapp_assignm_assignment_id_30ceaac1_fk_pramlearn; Type: FK CONSTRAINT; Schema: public; Owner: pramadmin
--

ALTER TABLE ONLY public.pramlearnapp_assignmentsubmission
    ADD CONSTRAINT pramlearnapp_assignm_assignment_id_30ceaac1_fk_pramlearn FOREIGN KEY (assignment_id) REFERENCES public.pramlearnapp_assignment(id) DEFERRABLE INITIALLY DEFERRED;


--
-- Name: pramlearnapp_assignmentquestion pramlearnapp_assignm_assignment_id_9c89f079_fk_pramlearn; Type: FK CONSTRAINT; Schema: public; Owner: pramadmin
--

ALTER TABLE ONLY public.pramlearnapp_assignmentquestion
    ADD CONSTRAINT pramlearnapp_assignm_assignment_id_9c89f079_fk_pramlearn FOREIGN KEY (assignment_id) REFERENCES public.pramlearnapp_assignment(id) DEFERRABLE INITIALLY DEFERRED;


--
-- Name: pramlearnapp_assignment pramlearnapp_assignm_material_id_f5e3d5f0_fk_pramlearn; Type: FK CONSTRAINT; Schema: public; Owner: pramadmin
--

ALTER TABLE ONLY public.pramlearnapp_assignment
    ADD CONSTRAINT pramlearnapp_assignm_material_id_f5e3d5f0_fk_pramlearn FOREIGN KEY (material_id) REFERENCES public.pramlearnapp_material(id) DEFERRABLE INITIALLY DEFERRED;


--
-- Name: pramlearnapp_assignmentanswer pramlearnapp_assignm_question_id_ba308fcc_fk_pramlearn; Type: FK CONSTRAINT; Schema: public; Owner: pramadmin
--

ALTER TABLE ONLY public.pramlearnapp_assignmentanswer
    ADD CONSTRAINT pramlearnapp_assignm_question_id_ba308fcc_fk_pramlearn FOREIGN KEY (question_id) REFERENCES public.pramlearnapp_assignmentquestion(id) DEFERRABLE INITIALLY DEFERRED;


--
-- Name: pramlearnapp_assignmentsubmission pramlearnapp_assignm_student_id_c8f85a56_fk_pramlearn; Type: FK CONSTRAINT; Schema: public; Owner: pramadmin
--

ALTER TABLE ONLY public.pramlearnapp_assignmentsubmission
    ADD CONSTRAINT pramlearnapp_assignm_student_id_c8f85a56_fk_pramlearn FOREIGN KEY (student_id) REFERENCES public.pramlearnapp_customuser(id) DEFERRABLE INITIALLY DEFERRED;


--
-- Name: pramlearnapp_assignmentanswer pramlearnapp_assignm_submission_id_5be14709_fk_pramlearn; Type: FK CONSTRAINT; Schema: public; Owner: pramadmin
--

ALTER TABLE ONLY public.pramlearnapp_assignmentanswer
    ADD CONSTRAINT pramlearnapp_assignm_submission_id_5be14709_fk_pramlearn FOREIGN KEY (submission_id) REFERENCES public.pramlearnapp_assignmentsubmission(id) DEFERRABLE INITIALLY DEFERRED;


--
-- Name: pramlearnapp_classstudent pramlearnapp_classst_class_id_id_3fee8c90_fk_pramlearn; Type: FK CONSTRAINT; Schema: public; Owner: pramadmin
--

ALTER TABLE ONLY public.pramlearnapp_classstudent
    ADD CONSTRAINT pramlearnapp_classst_class_id_id_3fee8c90_fk_pramlearn FOREIGN KEY (class_id_id) REFERENCES public.pramlearnapp_class(id) DEFERRABLE INITIALLY DEFERRED;


--
-- Name: pramlearnapp_classstudent pramlearnapp_classst_student_id_c31ae07a_fk_pramlearn; Type: FK CONSTRAINT; Schema: public; Owner: pramadmin
--

ALTER TABLE ONLY public.pramlearnapp_classstudent
    ADD CONSTRAINT pramlearnapp_classst_student_id_c31ae07a_fk_pramlearn FOREIGN KEY (student_id) REFERENCES public.pramlearnapp_customuser(id) DEFERRABLE INITIALLY DEFERRED;


--
-- Name: pramlearnapp_customuser_groups pramlearnapp_customu_customuser_id_4a43eebf_fk_pramlearn; Type: FK CONSTRAINT; Schema: public; Owner: pramadmin
--

ALTER TABLE ONLY public.pramlearnapp_customuser_groups
    ADD CONSTRAINT pramlearnapp_customu_customuser_id_4a43eebf_fk_pramlearn FOREIGN KEY (customuser_id) REFERENCES public.pramlearnapp_customuser(id) DEFERRABLE INITIALLY DEFERRED;


--
-- Name: pramlearnapp_customuser_user_permissions pramlearnapp_customu_customuser_id_95204c1e_fk_pramlearn; Type: FK CONSTRAINT; Schema: public; Owner: pramadmin
--

ALTER TABLE ONLY public.pramlearnapp_customuser_user_permissions
    ADD CONSTRAINT pramlearnapp_customu_customuser_id_95204c1e_fk_pramlearn FOREIGN KEY (customuser_id) REFERENCES public.pramlearnapp_customuser(id) DEFERRABLE INITIALLY DEFERRED;


--
-- Name: pramlearnapp_customuser_groups pramlearnapp_customu_group_id_09d5a616_fk_auth_grou; Type: FK CONSTRAINT; Schema: public; Owner: pramadmin
--

ALTER TABLE ONLY public.pramlearnapp_customuser_groups
    ADD CONSTRAINT pramlearnapp_customu_group_id_09d5a616_fk_auth_grou FOREIGN KEY (group_id) REFERENCES public.auth_group(id) DEFERRABLE INITIALLY DEFERRED;


--
-- Name: pramlearnapp_customuser_user_permissions pramlearnapp_customu_permission_id_7e3fbb21_fk_auth_perm; Type: FK CONSTRAINT; Schema: public; Owner: pramadmin
--

ALTER TABLE ONLY public.pramlearnapp_customuser_user_permissions
    ADD CONSTRAINT pramlearnapp_customu_permission_id_7e3fbb21_fk_auth_perm FOREIGN KEY (permission_id) REFERENCES public.auth_permission(id) DEFERRABLE INITIALLY DEFERRED;


--
-- Name: pramlearnapp_customuser pramlearnapp_customu_role_id_40ce29b8_fk_pramlearn; Type: FK CONSTRAINT; Schema: public; Owner: pramadmin
--

ALTER TABLE ONLY public.pramlearnapp_customuser
    ADD CONSTRAINT pramlearnapp_customu_role_id_40ce29b8_fk_pramlearn FOREIGN KEY (role_id) REFERENCES public.pramlearnapp_role(id) DEFERRABLE INITIALLY DEFERRED;


--
-- Name: pramlearnapp_grade pramlearnapp_grade_assignment_id_f64b219e_fk_pramlearn; Type: FK CONSTRAINT; Schema: public; Owner: pramadmin
--

ALTER TABLE ONLY public.pramlearnapp_grade
    ADD CONSTRAINT pramlearnapp_grade_assignment_id_f64b219e_fk_pramlearn FOREIGN KEY (assignment_id) REFERENCES public.pramlearnapp_assignment(id) DEFERRABLE INITIALLY DEFERRED;


--
-- Name: pramlearnapp_grade pramlearnapp_grade_material_id_19382c18_fk_pramlearn; Type: FK CONSTRAINT; Schema: public; Owner: pramadmin
--

ALTER TABLE ONLY public.pramlearnapp_grade
    ADD CONSTRAINT pramlearnapp_grade_material_id_19382c18_fk_pramlearn FOREIGN KEY (material_id) REFERENCES public.pramlearnapp_material(id) DEFERRABLE INITIALLY DEFERRED;


--
-- Name: pramlearnapp_grade pramlearnapp_grade_quiz_id_9ea75a07_fk_pramlearnapp_quiz_id; Type: FK CONSTRAINT; Schema: public; Owner: pramadmin
--

ALTER TABLE ONLY public.pramlearnapp_grade
    ADD CONSTRAINT pramlearnapp_grade_quiz_id_9ea75a07_fk_pramlearnapp_quiz_id FOREIGN KEY (quiz_id) REFERENCES public.pramlearnapp_quiz(id) DEFERRABLE INITIALLY DEFERRED;


--
-- Name: pramlearnapp_grade pramlearnapp_grade_student_id_3f89e28e_fk_pramlearn; Type: FK CONSTRAINT; Schema: public; Owner: pramadmin
--

ALTER TABLE ONLY public.pramlearnapp_grade
    ADD CONSTRAINT pramlearnapp_grade_student_id_3f89e28e_fk_pramlearn FOREIGN KEY (student_id) REFERENCES public.pramlearnapp_customuser(id) DEFERRABLE INITIALLY DEFERRED;


--
-- Name: pramlearnapp_gradestatistics pramlearnapp_gradest_student_id_a7af7fbc_fk_pramlearn; Type: FK CONSTRAINT; Schema: public; Owner: pramadmin
--

ALTER TABLE ONLY public.pramlearnapp_gradestatistics
    ADD CONSTRAINT pramlearnapp_gradest_student_id_a7af7fbc_fk_pramlearn FOREIGN KEY (student_id) REFERENCES public.pramlearnapp_customuser(id) DEFERRABLE INITIALLY DEFERRED;


--
-- Name: pramlearnapp_group pramlearnapp_group_material_id_a58eb1c2_fk_pramlearn; Type: FK CONSTRAINT; Schema: public; Owner: pramadmin
--

ALTER TABLE ONLY public.pramlearnapp_group
    ADD CONSTRAINT pramlearnapp_group_material_id_a58eb1c2_fk_pramlearn FOREIGN KEY (material_id) REFERENCES public.pramlearnapp_material(id) DEFERRABLE INITIALLY DEFERRED;


--
-- Name: pramlearnapp_groupchatread pramlearnapp_groupch_chat_id_8308c09d_fk_pramlearn; Type: FK CONSTRAINT; Schema: public; Owner: pramadmin
--

ALTER TABLE ONLY public.pramlearnapp_groupchatread
    ADD CONSTRAINT pramlearnapp_groupch_chat_id_8308c09d_fk_pramlearn FOREIGN KEY (chat_id) REFERENCES public.pramlearnapp_groupchat(id) DEFERRABLE INITIALLY DEFERRED;


--
-- Name: pramlearnapp_groupchat pramlearnapp_groupch_group_id_20d354ad_fk_pramlearn; Type: FK CONSTRAINT; Schema: public; Owner: pramadmin
--

ALTER TABLE ONLY public.pramlearnapp_groupchat
    ADD CONSTRAINT pramlearnapp_groupch_group_id_20d354ad_fk_pramlearn FOREIGN KEY (group_id) REFERENCES public.pramlearnapp_group(id) DEFERRABLE INITIALLY DEFERRED;


--
-- Name: pramlearnapp_groupchat pramlearnapp_groupch_sender_id_d09b843f_fk_pramlearn; Type: FK CONSTRAINT; Schema: public; Owner: pramadmin
--

ALTER TABLE ONLY public.pramlearnapp_groupchat
    ADD CONSTRAINT pramlearnapp_groupch_sender_id_d09b843f_fk_pramlearn FOREIGN KEY (sender_id) REFERENCES public.pramlearnapp_customuser(id) DEFERRABLE INITIALLY DEFERRED;


--
-- Name: pramlearnapp_groupchatread pramlearnapp_groupch_user_id_7054b149_fk_pramlearn; Type: FK CONSTRAINT; Schema: public; Owner: pramadmin
--

ALTER TABLE ONLY public.pramlearnapp_groupchatread
    ADD CONSTRAINT pramlearnapp_groupch_user_id_7054b149_fk_pramlearn FOREIGN KEY (user_id) REFERENCES public.pramlearnapp_customuser(id) DEFERRABLE INITIALLY DEFERRED;


--
-- Name: pramlearnapp_groupmember pramlearnapp_groupme_group_id_ab01f77b_fk_pramlearn; Type: FK CONSTRAINT; Schema: public; Owner: pramadmin
--

ALTER TABLE ONLY public.pramlearnapp_groupmember
    ADD CONSTRAINT pramlearnapp_groupme_group_id_ab01f77b_fk_pramlearn FOREIGN KEY (group_id) REFERENCES public.pramlearnapp_group(id) DEFERRABLE INITIALLY DEFERRED;


--
-- Name: pramlearnapp_groupmember pramlearnapp_groupme_student_id_9d6e13b7_fk_pramlearn; Type: FK CONSTRAINT; Schema: public; Owner: pramadmin
--

ALTER TABLE ONLY public.pramlearnapp_groupmember
    ADD CONSTRAINT pramlearnapp_groupme_student_id_9d6e13b7_fk_pramlearn FOREIGN KEY (student_id) REFERENCES public.pramlearnapp_customuser(id) DEFERRABLE INITIALLY DEFERRED;


--
-- Name: pramlearnapp_groupquiz pramlearnapp_groupqu_group_id_53fe9db1_fk_pramlearn; Type: FK CONSTRAINT; Schema: public; Owner: pramadmin
--

ALTER TABLE ONLY public.pramlearnapp_groupquiz
    ADD CONSTRAINT pramlearnapp_groupqu_group_id_53fe9db1_fk_pramlearn FOREIGN KEY (group_id) REFERENCES public.pramlearnapp_group(id) DEFERRABLE INITIALLY DEFERRED;


--
-- Name: pramlearnapp_groupquizresult pramlearnapp_groupqu_group_quiz_id_09590345_fk_pramlearn; Type: FK CONSTRAINT; Schema: public; Owner: pramadmin
--

ALTER TABLE ONLY public.pramlearnapp_groupquizresult
    ADD CONSTRAINT pramlearnapp_groupqu_group_quiz_id_09590345_fk_pramlearn FOREIGN KEY (group_quiz_id) REFERENCES public.pramlearnapp_groupquiz(id) DEFERRABLE INITIALLY DEFERRED;


--
-- Name: pramlearnapp_groupquizsubmission pramlearnapp_groupqu_group_quiz_id_83f96f79_fk_pramlearn; Type: FK CONSTRAINT; Schema: public; Owner: pramadmin
--

ALTER TABLE ONLY public.pramlearnapp_groupquizsubmission
    ADD CONSTRAINT pramlearnapp_groupqu_group_quiz_id_83f96f79_fk_pramlearn FOREIGN KEY (group_quiz_id) REFERENCES public.pramlearnapp_groupquiz(id) DEFERRABLE INITIALLY DEFERRED;


--
-- Name: pramlearnapp_groupquizsubmission pramlearnapp_groupqu_question_id_136d486d_fk_pramlearn; Type: FK CONSTRAINT; Schema: public; Owner: pramadmin
--

ALTER TABLE ONLY public.pramlearnapp_groupquizsubmission
    ADD CONSTRAINT pramlearnapp_groupqu_question_id_136d486d_fk_pramlearn FOREIGN KEY (question_id) REFERENCES public.pramlearnapp_question(id) DEFERRABLE INITIALLY DEFERRED;


--
-- Name: pramlearnapp_groupquizsubmission pramlearnapp_groupqu_student_id_9ae5be34_fk_pramlearn; Type: FK CONSTRAINT; Schema: public; Owner: pramadmin
--

ALTER TABLE ONLY public.pramlearnapp_groupquizsubmission
    ADD CONSTRAINT pramlearnapp_groupqu_student_id_9ae5be34_fk_pramlearn FOREIGN KEY (student_id) REFERENCES public.pramlearnapp_customuser(id) DEFERRABLE INITIALLY DEFERRED;


--
-- Name: pramlearnapp_groupquiz pramlearnapp_groupquiz_quiz_id_7a2ce293_fk_pramlearnapp_quiz_id; Type: FK CONSTRAINT; Schema: public; Owner: pramadmin
--

ALTER TABLE ONLY public.pramlearnapp_groupquiz
    ADD CONSTRAINT pramlearnapp_groupquiz_quiz_id_7a2ce293_fk_pramlearnapp_quiz_id FOREIGN KEY (quiz_id) REFERENCES public.pramlearnapp_quiz(id) DEFERRABLE INITIALLY DEFERRED;


--
-- Name: pramlearnapp_material_pdf_files pramlearnapp_materia_file_id_57981713_fk_pramlearn; Type: FK CONSTRAINT; Schema: public; Owner: pramadmin
--

ALTER TABLE ONLY public.pramlearnapp_material_pdf_files
    ADD CONSTRAINT pramlearnapp_materia_file_id_57981713_fk_pramlearn FOREIGN KEY (file_id) REFERENCES public.pramlearnapp_file(id) DEFERRABLE INITIALLY DEFERRED;


--
-- Name: pramlearnapp_material_pdf_files pramlearnapp_materia_material_id_91d52817_fk_pramlearn; Type: FK CONSTRAINT; Schema: public; Owner: pramadmin
--

ALTER TABLE ONLY public.pramlearnapp_material_pdf_files
    ADD CONSTRAINT pramlearnapp_materia_material_id_91d52817_fk_pramlearn FOREIGN KEY (material_id) REFERENCES public.pramlearnapp_material(id) DEFERRABLE INITIALLY DEFERRED;


--
-- Name: pramlearnapp_materialyoutubevideo pramlearnapp_materia_material_id_d0ced808_fk_pramlearn; Type: FK CONSTRAINT; Schema: public; Owner: pramadmin
--

ALTER TABLE ONLY public.pramlearnapp_materialyoutubevideo
    ADD CONSTRAINT pramlearnapp_materia_material_id_d0ced808_fk_pramlearn FOREIGN KEY (material_id) REFERENCES public.pramlearnapp_material(id) DEFERRABLE INITIALLY DEFERRED;


--
-- Name: pramlearnapp_material pramlearnapp_materia_subject_id_5b7aedce_fk_pramlearn; Type: FK CONSTRAINT; Schema: public; Owner: pramadmin
--

ALTER TABLE ONLY public.pramlearnapp_material
    ADD CONSTRAINT pramlearnapp_materia_subject_id_5b7aedce_fk_pramlearn FOREIGN KEY (subject_id) REFERENCES public.pramlearnapp_subject(id) DEFERRABLE INITIALLY DEFERRED;


--
-- Name: pramlearnapp_question pramlearnapp_question_quiz_id_f6a413a5_fk_pramlearnapp_quiz_id; Type: FK CONSTRAINT; Schema: public; Owner: pramadmin
--

ALTER TABLE ONLY public.pramlearnapp_question
    ADD CONSTRAINT pramlearnapp_question_quiz_id_f6a413a5_fk_pramlearnapp_quiz_id FOREIGN KEY (quiz_id) REFERENCES public.pramlearnapp_quiz(id) DEFERRABLE INITIALLY DEFERRED;


--
-- Name: pramlearnapp_quiz pramlearnapp_quiz_material_id_35aa4ec3_fk_pramlearn; Type: FK CONSTRAINT; Schema: public; Owner: pramadmin
--

ALTER TABLE ONLY public.pramlearnapp_quiz
    ADD CONSTRAINT pramlearnapp_quiz_material_id_35aa4ec3_fk_pramlearn FOREIGN KEY (material_id) REFERENCES public.pramlearnapp_material(id) DEFERRABLE INITIALLY DEFERRED;


--
-- Name: pramlearnapp_schedule pramlearnapp_schedul_class_obj_id_bdfc9455_fk_pramlearn; Type: FK CONSTRAINT; Schema: public; Owner: pramadmin
--

ALTER TABLE ONLY public.pramlearnapp_schedule
    ADD CONSTRAINT pramlearnapp_schedul_class_obj_id_bdfc9455_fk_pramlearn FOREIGN KEY (class_obj_id) REFERENCES public.pramlearnapp_class(id) DEFERRABLE INITIALLY DEFERRED;


--
-- Name: pramlearnapp_schedule pramlearnapp_schedul_subject_id_9b889795_fk_pramlearn; Type: FK CONSTRAINT; Schema: public; Owner: pramadmin
--

ALTER TABLE ONLY public.pramlearnapp_schedule
    ADD CONSTRAINT pramlearnapp_schedul_subject_id_9b889795_fk_pramlearn FOREIGN KEY (subject_id) REFERENCES public.pramlearnapp_subject(id) DEFERRABLE INITIALLY DEFERRED;


--
-- Name: pramlearnapp_studentquizanswer pramlearnapp_student_attempt_id_e32ea7bd_fk_pramlearn; Type: FK CONSTRAINT; Schema: public; Owner: pramadmin
--

ALTER TABLE ONLY public.pramlearnapp_studentquizanswer
    ADD CONSTRAINT pramlearnapp_student_attempt_id_e32ea7bd_fk_pramlearn FOREIGN KEY (attempt_id) REFERENCES public.pramlearnapp_studentquizattempt(id) DEFERRABLE INITIALLY DEFERRED;


--
-- Name: pramlearnapp_studentmaterialactivity pramlearnapp_student_material_id_0ce2aa39_fk_pramlearn; Type: FK CONSTRAINT; Schema: public; Owner: pramadmin
--

ALTER TABLE ONLY public.pramlearnapp_studentmaterialactivity
    ADD CONSTRAINT pramlearnapp_student_material_id_0ce2aa39_fk_pramlearn FOREIGN KEY (material_id) REFERENCES public.pramlearnapp_material(id) DEFERRABLE INITIALLY DEFERRED;


--
-- Name: pramlearnapp_studentmaterialprogress pramlearnapp_student_material_id_af0fb194_fk_pramlearn; Type: FK CONSTRAINT; Schema: public; Owner: pramadmin
--

ALTER TABLE ONLY public.pramlearnapp_studentmaterialprogress
    ADD CONSTRAINT pramlearnapp_student_material_id_af0fb194_fk_pramlearn FOREIGN KEY (material_id) REFERENCES public.pramlearnapp_material(id) DEFERRABLE INITIALLY DEFERRED;


--
-- Name: pramlearnapp_studentmaterialbookmark pramlearnapp_student_material_id_c98fe0ea_fk_pramlearn; Type: FK CONSTRAINT; Schema: public; Owner: pramadmin
--

ALTER TABLE ONLY public.pramlearnapp_studentmaterialbookmark
    ADD CONSTRAINT pramlearnapp_student_material_id_c98fe0ea_fk_pramlearn FOREIGN KEY (material_id) REFERENCES public.pramlearnapp_material(id) DEFERRABLE INITIALLY DEFERRED;


--
-- Name: pramlearnapp_studentattendance pramlearnapp_student_material_id_e1fb549a_fk_pramlearn; Type: FK CONSTRAINT; Schema: public; Owner: pramadmin
--

ALTER TABLE ONLY public.pramlearnapp_studentattendance
    ADD CONSTRAINT pramlearnapp_student_material_id_e1fb549a_fk_pramlearn FOREIGN KEY (material_id) REFERENCES public.pramlearnapp_material(id) DEFERRABLE INITIALLY DEFERRED;


--
-- Name: pramlearnapp_studentquizanswer pramlearnapp_student_question_id_f9fafe34_fk_pramlearn; Type: FK CONSTRAINT; Schema: public; Owner: pramadmin
--

ALTER TABLE ONLY public.pramlearnapp_studentquizanswer
    ADD CONSTRAINT pramlearnapp_student_question_id_f9fafe34_fk_pramlearn FOREIGN KEY (question_id) REFERENCES public.pramlearnapp_question(id) DEFERRABLE INITIALLY DEFERRED;


--
-- Name: pramlearnapp_studentquizattempt pramlearnapp_student_quiz_id_a097e65d_fk_pramlearn; Type: FK CONSTRAINT; Schema: public; Owner: pramadmin
--

ALTER TABLE ONLY public.pramlearnapp_studentquizattempt
    ADD CONSTRAINT pramlearnapp_student_quiz_id_a097e65d_fk_pramlearn FOREIGN KEY (quiz_id) REFERENCES public.pramlearnapp_quiz(id) DEFERRABLE INITIALLY DEFERRED;


--
-- Name: pramlearnapp_studentmaterialbookmark pramlearnapp_student_student_id_02c2aa4b_fk_pramlearn; Type: FK CONSTRAINT; Schema: public; Owner: pramadmin
--

ALTER TABLE ONLY public.pramlearnapp_studentmaterialbookmark
    ADD CONSTRAINT pramlearnapp_student_student_id_02c2aa4b_fk_pramlearn FOREIGN KEY (student_id) REFERENCES public.pramlearnapp_customuser(id) DEFERRABLE INITIALLY DEFERRED;


--
-- Name: pramlearnapp_studentquizattempt pramlearnapp_student_student_id_638eab07_fk_pramlearn; Type: FK CONSTRAINT; Schema: public; Owner: pramadmin
--

ALTER TABLE ONLY public.pramlearnapp_studentquizattempt
    ADD CONSTRAINT pramlearnapp_student_student_id_638eab07_fk_pramlearn FOREIGN KEY (student_id) REFERENCES public.pramlearnapp_customuser(id) DEFERRABLE INITIALLY DEFERRED;


--
-- Name: pramlearnapp_studentmaterialactivity pramlearnapp_student_student_id_746a0d4c_fk_pramlearn; Type: FK CONSTRAINT; Schema: public; Owner: pramadmin
--

ALTER TABLE ONLY public.pramlearnapp_studentmaterialactivity
    ADD CONSTRAINT pramlearnapp_student_student_id_746a0d4c_fk_pramlearn FOREIGN KEY (student_id) REFERENCES public.pramlearnapp_customuser(id) DEFERRABLE INITIALLY DEFERRED;


--
-- Name: pramlearnapp_studentattendance pramlearnapp_student_student_id_867627e5_fk_pramlearn; Type: FK CONSTRAINT; Schema: public; Owner: pramadmin
--

ALTER TABLE ONLY public.pramlearnapp_studentattendance
    ADD CONSTRAINT pramlearnapp_student_student_id_867627e5_fk_pramlearn FOREIGN KEY (student_id) REFERENCES public.pramlearnapp_customuser(id) DEFERRABLE INITIALLY DEFERRED;


--
-- Name: pramlearnapp_studentmaterialprogress pramlearnapp_student_student_id_ab2f803d_fk_pramlearn; Type: FK CONSTRAINT; Schema: public; Owner: pramadmin
--

ALTER TABLE ONLY public.pramlearnapp_studentmaterialprogress
    ADD CONSTRAINT pramlearnapp_student_student_id_ab2f803d_fk_pramlearn FOREIGN KEY (student_id) REFERENCES public.pramlearnapp_customuser(id) DEFERRABLE INITIALLY DEFERRED;


--
-- Name: pramlearnapp_studentactivity pramlearnapp_student_student_id_cd860118_fk_pramlearn; Type: FK CONSTRAINT; Schema: public; Owner: pramadmin
--

ALTER TABLE ONLY public.pramlearnapp_studentactivity
    ADD CONSTRAINT pramlearnapp_student_student_id_cd860118_fk_pramlearn FOREIGN KEY (student_id) REFERENCES public.pramlearnapp_customuser(id) DEFERRABLE INITIALLY DEFERRED;


--
-- Name: pramlearnapp_studentmotivationprofile pramlearnapp_student_student_id_da8f402e_fk_pramlearn; Type: FK CONSTRAINT; Schema: public; Owner: pramadmin
--

ALTER TABLE ONLY public.pramlearnapp_studentmotivationprofile
    ADD CONSTRAINT pramlearnapp_student_student_id_da8f402e_fk_pramlearn FOREIGN KEY (student_id) REFERENCES public.pramlearnapp_customuser(id) DEFERRABLE INITIALLY DEFERRED;


--
-- Name: pramlearnapp_studentattendance pramlearnapp_student_updated_by_id_be4bfc83_fk_pramlearn; Type: FK CONSTRAINT; Schema: public; Owner: pramadmin
--

ALTER TABLE ONLY public.pramlearnapp_studentattendance
    ADD CONSTRAINT pramlearnapp_student_updated_by_id_be4bfc83_fk_pramlearn FOREIGN KEY (updated_by_id) REFERENCES public.pramlearnapp_customuser(id) DEFERRABLE INITIALLY DEFERRED;


--
-- Name: pramlearnapp_subjectclass pramlearnapp_subject_class_id_id_1c5f34eb_fk_pramlearn; Type: FK CONSTRAINT; Schema: public; Owner: pramadmin
--

ALTER TABLE ONLY public.pramlearnapp_subjectclass
    ADD CONSTRAINT pramlearnapp_subject_class_id_id_1c5f34eb_fk_pramlearn FOREIGN KEY (class_id_id) REFERENCES public.pramlearnapp_class(id) DEFERRABLE INITIALLY DEFERRED;


--
-- Name: pramlearnapp_subject pramlearnapp_subject_subject_class_id_37b7e310_fk_pramlearn; Type: FK CONSTRAINT; Schema: public; Owner: pramadmin
--

ALTER TABLE ONLY public.pramlearnapp_subject
    ADD CONSTRAINT pramlearnapp_subject_subject_class_id_37b7e310_fk_pramlearn FOREIGN KEY (subject_class_id) REFERENCES public.pramlearnapp_subjectclass(id) DEFERRABLE INITIALLY DEFERRED;


--
-- Name: pramlearnapp_subjectclass pramlearnapp_subject_subject_id_326d4ab9_fk_pramlearn; Type: FK CONSTRAINT; Schema: public; Owner: pramadmin
--

ALTER TABLE ONLY public.pramlearnapp_subjectclass
    ADD CONSTRAINT pramlearnapp_subject_subject_id_326d4ab9_fk_pramlearn FOREIGN KEY (subject_id) REFERENCES public.pramlearnapp_subject(id) DEFERRABLE INITIALLY DEFERRED;


--
-- Name: pramlearnapp_subjectclass pramlearnapp_subject_teacher_id_9450ccf5_fk_pramlearn; Type: FK CONSTRAINT; Schema: public; Owner: pramadmin
--

ALTER TABLE ONLY public.pramlearnapp_subjectclass
    ADD CONSTRAINT pramlearnapp_subject_teacher_id_9450ccf5_fk_pramlearn FOREIGN KEY (teacher_id) REFERENCES public.pramlearnapp_customuser(id) DEFERRABLE INITIALLY DEFERRED;


--
-- Name: student_assignment_drafts student_assignment_d_assignment_id_e6d88dc2_fk_pramlearn; Type: FK CONSTRAINT; Schema: public; Owner: pramadmin
--

ALTER TABLE ONLY public.student_assignment_drafts
    ADD CONSTRAINT student_assignment_d_assignment_id_e6d88dc2_fk_pramlearn FOREIGN KEY (assignment_id) REFERENCES public.pramlearnapp_assignment(id) DEFERRABLE INITIALLY DEFERRED;


--
-- Name: student_assignment_drafts student_assignment_d_student_id_4a6408d7_fk_pramlearn; Type: FK CONSTRAINT; Schema: public; Owner: pramadmin
--

ALTER TABLE ONLY public.student_assignment_drafts
    ADD CONSTRAINT student_assignment_d_student_id_4a6408d7_fk_pramlearn FOREIGN KEY (student_id) REFERENCES public.pramlearnapp_customuser(id) DEFERRABLE INITIALLY DEFERRED;


--
-- Name: SCHEMA public; Type: ACL; Schema: -; Owner: azure_pg_admin
--

REVOKE USAGE ON SCHEMA public FROM PUBLIC;
GRANT ALL ON SCHEMA public TO PUBLIC;


--
-- Name: FUNCTION pg_replication_origin_advance(text, pg_lsn); Type: ACL; Schema: pg_catalog; Owner: azuresu
--

GRANT ALL ON FUNCTION pg_catalog.pg_replication_origin_advance(text, pg_lsn) TO azure_pg_admin;


--
-- Name: FUNCTION pg_replication_origin_create(text); Type: ACL; Schema: pg_catalog; Owner: azuresu
--

GRANT ALL ON FUNCTION pg_catalog.pg_replication_origin_create(text) TO azure_pg_admin;


--
-- Name: FUNCTION pg_replication_origin_drop(text); Type: ACL; Schema: pg_catalog; Owner: azuresu
--

GRANT ALL ON FUNCTION pg_catalog.pg_replication_origin_drop(text) TO azure_pg_admin;


--
-- Name: FUNCTION pg_replication_origin_oid(text); Type: ACL; Schema: pg_catalog; Owner: azuresu
--

GRANT ALL ON FUNCTION pg_catalog.pg_replication_origin_oid(text) TO azure_pg_admin;


--
-- Name: FUNCTION pg_replication_origin_progress(text, boolean); Type: ACL; Schema: pg_catalog; Owner: azuresu
--

GRANT ALL ON FUNCTION pg_catalog.pg_replication_origin_progress(text, boolean) TO azure_pg_admin;


--
-- Name: FUNCTION pg_replication_origin_session_is_setup(); Type: ACL; Schema: pg_catalog; Owner: azuresu
--

GRANT ALL ON FUNCTION pg_catalog.pg_replication_origin_session_is_setup() TO azure_pg_admin;


--
-- Name: FUNCTION pg_replication_origin_session_progress(boolean); Type: ACL; Schema: pg_catalog; Owner: azuresu
--

GRANT ALL ON FUNCTION pg_catalog.pg_replication_origin_session_progress(boolean) TO azure_pg_admin;


--
-- Name: FUNCTION pg_replication_origin_session_reset(); Type: ACL; Schema: pg_catalog; Owner: azuresu
--

GRANT ALL ON FUNCTION pg_catalog.pg_replication_origin_session_reset() TO azure_pg_admin;


--
-- Name: FUNCTION pg_replication_origin_session_setup(text); Type: ACL; Schema: pg_catalog; Owner: azuresu
--

GRANT ALL ON FUNCTION pg_catalog.pg_replication_origin_session_setup(text) TO azure_pg_admin;


--
-- Name: FUNCTION pg_replication_origin_xact_reset(); Type: ACL; Schema: pg_catalog; Owner: azuresu
--

GRANT ALL ON FUNCTION pg_catalog.pg_replication_origin_xact_reset() TO azure_pg_admin;


--
-- Name: FUNCTION pg_replication_origin_xact_setup(pg_lsn, timestamp with time zone); Type: ACL; Schema: pg_catalog; Owner: azuresu
--

GRANT ALL ON FUNCTION pg_catalog.pg_replication_origin_xact_setup(pg_lsn, timestamp with time zone) TO azure_pg_admin;


--
-- Name: FUNCTION pg_show_replication_origin_status(OUT local_id oid, OUT external_id text, OUT remote_lsn pg_lsn, OUT local_lsn pg_lsn); Type: ACL; Schema: pg_catalog; Owner: azuresu
--

GRANT ALL ON FUNCTION pg_catalog.pg_show_replication_origin_status(OUT local_id oid, OUT external_id text, OUT remote_lsn pg_lsn, OUT local_lsn pg_lsn) TO azure_pg_admin;


--
-- Name: FUNCTION pg_stat_reset(); Type: ACL; Schema: pg_catalog; Owner: azuresu
--

GRANT ALL ON FUNCTION pg_catalog.pg_stat_reset() TO azure_pg_admin;


--
-- Name: FUNCTION pg_stat_reset_shared(text); Type: ACL; Schema: pg_catalog; Owner: azuresu
--

GRANT ALL ON FUNCTION pg_catalog.pg_stat_reset_shared(text) TO azure_pg_admin;


--
-- Name: FUNCTION pg_stat_reset_single_function_counters(oid); Type: ACL; Schema: pg_catalog; Owner: azuresu
--

GRANT ALL ON FUNCTION pg_catalog.pg_stat_reset_single_function_counters(oid) TO azure_pg_admin;


--
-- Name: FUNCTION pg_stat_reset_single_table_counters(oid); Type: ACL; Schema: pg_catalog; Owner: azuresu
--

GRANT ALL ON FUNCTION pg_catalog.pg_stat_reset_single_table_counters(oid) TO azure_pg_admin;


--
-- Name: COLUMN pg_config.name; Type: ACL; Schema: pg_catalog; Owner: azuresu
--

GRANT SELECT(name) ON TABLE pg_catalog.pg_config TO azure_pg_admin;


--
-- Name: COLUMN pg_config.setting; Type: ACL; Schema: pg_catalog; Owner: azuresu
--

GRANT SELECT(setting) ON TABLE pg_catalog.pg_config TO azure_pg_admin;


--
-- Name: COLUMN pg_hba_file_rules.line_number; Type: ACL; Schema: pg_catalog; Owner: azuresu
--

GRANT SELECT(line_number) ON TABLE pg_catalog.pg_hba_file_rules TO azure_pg_admin;


--
-- Name: COLUMN pg_hba_file_rules.type; Type: ACL; Schema: pg_catalog; Owner: azuresu
--

GRANT SELECT(type) ON TABLE pg_catalog.pg_hba_file_rules TO azure_pg_admin;


--
-- Name: COLUMN pg_hba_file_rules.database; Type: ACL; Schema: pg_catalog; Owner: azuresu
--

GRANT SELECT(database) ON TABLE pg_catalog.pg_hba_file_rules TO azure_pg_admin;


--
-- Name: COLUMN pg_hba_file_rules.user_name; Type: ACL; Schema: pg_catalog; Owner: azuresu
--

GRANT SELECT(user_name) ON TABLE pg_catalog.pg_hba_file_rules TO azure_pg_admin;


--
-- Name: COLUMN pg_hba_file_rules.address; Type: ACL; Schema: pg_catalog; Owner: azuresu
--

GRANT SELECT(address) ON TABLE pg_catalog.pg_hba_file_rules TO azure_pg_admin;


--
-- Name: COLUMN pg_hba_file_rules.netmask; Type: ACL; Schema: pg_catalog; Owner: azuresu
--

GRANT SELECT(netmask) ON TABLE pg_catalog.pg_hba_file_rules TO azure_pg_admin;


--
-- Name: COLUMN pg_hba_file_rules.auth_method; Type: ACL; Schema: pg_catalog; Owner: azuresu
--

GRANT SELECT(auth_method) ON TABLE pg_catalog.pg_hba_file_rules TO azure_pg_admin;


--
-- Name: COLUMN pg_hba_file_rules.options; Type: ACL; Schema: pg_catalog; Owner: azuresu
--

GRANT SELECT(options) ON TABLE pg_catalog.pg_hba_file_rules TO azure_pg_admin;


--
-- Name: COLUMN pg_hba_file_rules.error; Type: ACL; Schema: pg_catalog; Owner: azuresu
--

GRANT SELECT(error) ON TABLE pg_catalog.pg_hba_file_rules TO azure_pg_admin;


--
-- Name: COLUMN pg_replication_origin_status.local_id; Type: ACL; Schema: pg_catalog; Owner: azuresu
--

GRANT SELECT(local_id) ON TABLE pg_catalog.pg_replication_origin_status TO azure_pg_admin;


--
-- Name: COLUMN pg_replication_origin_status.external_id; Type: ACL; Schema: pg_catalog; Owner: azuresu
--

GRANT SELECT(external_id) ON TABLE pg_catalog.pg_replication_origin_status TO azure_pg_admin;


--
-- Name: COLUMN pg_replication_origin_status.remote_lsn; Type: ACL; Schema: pg_catalog; Owner: azuresu
--

GRANT SELECT(remote_lsn) ON TABLE pg_catalog.pg_replication_origin_status TO azure_pg_admin;


--
-- Name: COLUMN pg_replication_origin_status.local_lsn; Type: ACL; Schema: pg_catalog; Owner: azuresu
--

GRANT SELECT(local_lsn) ON TABLE pg_catalog.pg_replication_origin_status TO azure_pg_admin;


--
-- Name: COLUMN pg_shmem_allocations.name; Type: ACL; Schema: pg_catalog; Owner: azuresu
--

GRANT SELECT(name) ON TABLE pg_catalog.pg_shmem_allocations TO azure_pg_admin;


--
-- Name: COLUMN pg_shmem_allocations.off; Type: ACL; Schema: pg_catalog; Owner: azuresu
--

GRANT SELECT(off) ON TABLE pg_catalog.pg_shmem_allocations TO azure_pg_admin;


--
-- Name: COLUMN pg_shmem_allocations.size; Type: ACL; Schema: pg_catalog; Owner: azuresu
--

GRANT SELECT(size) ON TABLE pg_catalog.pg_shmem_allocations TO azure_pg_admin;


--
-- Name: COLUMN pg_shmem_allocations.allocated_size; Type: ACL; Schema: pg_catalog; Owner: azuresu
--

GRANT SELECT(allocated_size) ON TABLE pg_catalog.pg_shmem_allocations TO azure_pg_admin;


--
-- Name: COLUMN pg_statistic.starelid; Type: ACL; Schema: pg_catalog; Owner: azuresu
--

GRANT SELECT(starelid) ON TABLE pg_catalog.pg_statistic TO azure_pg_admin;


--
-- Name: COLUMN pg_statistic.staattnum; Type: ACL; Schema: pg_catalog; Owner: azuresu
--

GRANT SELECT(staattnum) ON TABLE pg_catalog.pg_statistic TO azure_pg_admin;


--
-- Name: COLUMN pg_statistic.stainherit; Type: ACL; Schema: pg_catalog; Owner: azuresu
--

GRANT SELECT(stainherit) ON TABLE pg_catalog.pg_statistic TO azure_pg_admin;


--
-- Name: COLUMN pg_statistic.stanullfrac; Type: ACL; Schema: pg_catalog; Owner: azuresu
--

GRANT SELECT(stanullfrac) ON TABLE pg_catalog.pg_statistic TO azure_pg_admin;


--
-- Name: COLUMN pg_statistic.stawidth; Type: ACL; Schema: pg_catalog; Owner: azuresu
--

GRANT SELECT(stawidth) ON TABLE pg_catalog.pg_statistic TO azure_pg_admin;


--
-- Name: COLUMN pg_statistic.stadistinct; Type: ACL; Schema: pg_catalog; Owner: azuresu
--

GRANT SELECT(stadistinct) ON TABLE pg_catalog.pg_statistic TO azure_pg_admin;


--
-- Name: COLUMN pg_statistic.stakind1; Type: ACL; Schema: pg_catalog; Owner: azuresu
--

GRANT SELECT(stakind1) ON TABLE pg_catalog.pg_statistic TO azure_pg_admin;


--
-- Name: COLUMN pg_statistic.stakind2; Type: ACL; Schema: pg_catalog; Owner: azuresu
--

GRANT SELECT(stakind2) ON TABLE pg_catalog.pg_statistic TO azure_pg_admin;


--
-- Name: COLUMN pg_statistic.stakind3; Type: ACL; Schema: pg_catalog; Owner: azuresu
--

GRANT SELECT(stakind3) ON TABLE pg_catalog.pg_statistic TO azure_pg_admin;


--
-- Name: COLUMN pg_statistic.stakind4; Type: ACL; Schema: pg_catalog; Owner: azuresu
--

GRANT SELECT(stakind4) ON TABLE pg_catalog.pg_statistic TO azure_pg_admin;


--
-- Name: COLUMN pg_statistic.stakind5; Type: ACL; Schema: pg_catalog; Owner: azuresu
--

GRANT SELECT(stakind5) ON TABLE pg_catalog.pg_statistic TO azure_pg_admin;


--
-- Name: COLUMN pg_statistic.staop1; Type: ACL; Schema: pg_catalog; Owner: azuresu
--

GRANT SELECT(staop1) ON TABLE pg_catalog.pg_statistic TO azure_pg_admin;


--
-- Name: COLUMN pg_statistic.staop2; Type: ACL; Schema: pg_catalog; Owner: azuresu
--

GRANT SELECT(staop2) ON TABLE pg_catalog.pg_statistic TO azure_pg_admin;


--
-- Name: COLUMN pg_statistic.staop3; Type: ACL; Schema: pg_catalog; Owner: azuresu
--

GRANT SELECT(staop3) ON TABLE pg_catalog.pg_statistic TO azure_pg_admin;


--
-- Name: COLUMN pg_statistic.staop4; Type: ACL; Schema: pg_catalog; Owner: azuresu
--

GRANT SELECT(staop4) ON TABLE pg_catalog.pg_statistic TO azure_pg_admin;


--
-- Name: COLUMN pg_statistic.staop5; Type: ACL; Schema: pg_catalog; Owner: azuresu
--

GRANT SELECT(staop5) ON TABLE pg_catalog.pg_statistic TO azure_pg_admin;


--
-- Name: COLUMN pg_statistic.stacoll1; Type: ACL; Schema: pg_catalog; Owner: azuresu
--

GRANT SELECT(stacoll1) ON TABLE pg_catalog.pg_statistic TO azure_pg_admin;


--
-- Name: COLUMN pg_statistic.stacoll2; Type: ACL; Schema: pg_catalog; Owner: azuresu
--

GRANT SELECT(stacoll2) ON TABLE pg_catalog.pg_statistic TO azure_pg_admin;


--
-- Name: COLUMN pg_statistic.stacoll3; Type: ACL; Schema: pg_catalog; Owner: azuresu
--

GRANT SELECT(stacoll3) ON TABLE pg_catalog.pg_statistic TO azure_pg_admin;


--
-- Name: COLUMN pg_statistic.stacoll4; Type: ACL; Schema: pg_catalog; Owner: azuresu
--

GRANT SELECT(stacoll4) ON TABLE pg_catalog.pg_statistic TO azure_pg_admin;


--
-- Name: COLUMN pg_statistic.stacoll5; Type: ACL; Schema: pg_catalog; Owner: azuresu
--

GRANT SELECT(stacoll5) ON TABLE pg_catalog.pg_statistic TO azure_pg_admin;


--
-- Name: COLUMN pg_statistic.stanumbers1; Type: ACL; Schema: pg_catalog; Owner: azuresu
--

GRANT SELECT(stanumbers1) ON TABLE pg_catalog.pg_statistic TO azure_pg_admin;


--
-- Name: COLUMN pg_statistic.stanumbers2; Type: ACL; Schema: pg_catalog; Owner: azuresu
--

GRANT SELECT(stanumbers2) ON TABLE pg_catalog.pg_statistic TO azure_pg_admin;


--
-- Name: COLUMN pg_statistic.stanumbers3; Type: ACL; Schema: pg_catalog; Owner: azuresu
--

GRANT SELECT(stanumbers3) ON TABLE pg_catalog.pg_statistic TO azure_pg_admin;


--
-- Name: COLUMN pg_statistic.stanumbers4; Type: ACL; Schema: pg_catalog; Owner: azuresu
--

GRANT SELECT(stanumbers4) ON TABLE pg_catalog.pg_statistic TO azure_pg_admin;


--
-- Name: COLUMN pg_statistic.stanumbers5; Type: ACL; Schema: pg_catalog; Owner: azuresu
--

GRANT SELECT(stanumbers5) ON TABLE pg_catalog.pg_statistic TO azure_pg_admin;


--
-- Name: COLUMN pg_statistic.stavalues1; Type: ACL; Schema: pg_catalog; Owner: azuresu
--

GRANT SELECT(stavalues1) ON TABLE pg_catalog.pg_statistic TO azure_pg_admin;


--
-- Name: COLUMN pg_statistic.stavalues2; Type: ACL; Schema: pg_catalog; Owner: azuresu
--

GRANT SELECT(stavalues2) ON TABLE pg_catalog.pg_statistic TO azure_pg_admin;


--
-- Name: COLUMN pg_statistic.stavalues3; Type: ACL; Schema: pg_catalog; Owner: azuresu
--

GRANT SELECT(stavalues3) ON TABLE pg_catalog.pg_statistic TO azure_pg_admin;


--
-- Name: COLUMN pg_statistic.stavalues4; Type: ACL; Schema: pg_catalog; Owner: azuresu
--

GRANT SELECT(stavalues4) ON TABLE pg_catalog.pg_statistic TO azure_pg_admin;


--
-- Name: COLUMN pg_statistic.stavalues5; Type: ACL; Schema: pg_catalog; Owner: azuresu
--

GRANT SELECT(stavalues5) ON TABLE pg_catalog.pg_statistic TO azure_pg_admin;


--
-- Name: COLUMN pg_subscription.oid; Type: ACL; Schema: pg_catalog; Owner: azuresu
--

GRANT SELECT(oid) ON TABLE pg_catalog.pg_subscription TO azure_pg_admin;


--
-- Name: COLUMN pg_subscription.subdbid; Type: ACL; Schema: pg_catalog; Owner: azuresu
--

GRANT SELECT(subdbid) ON TABLE pg_catalog.pg_subscription TO azure_pg_admin;


--
-- Name: COLUMN pg_subscription.subname; Type: ACL; Schema: pg_catalog; Owner: azuresu
--

GRANT SELECT(subname) ON TABLE pg_catalog.pg_subscription TO azure_pg_admin;


--
-- Name: COLUMN pg_subscription.subowner; Type: ACL; Schema: pg_catalog; Owner: azuresu
--

GRANT SELECT(subowner) ON TABLE pg_catalog.pg_subscription TO azure_pg_admin;


--
-- Name: COLUMN pg_subscription.subenabled; Type: ACL; Schema: pg_catalog; Owner: azuresu
--

GRANT SELECT(subenabled) ON TABLE pg_catalog.pg_subscription TO azure_pg_admin;


--
-- Name: COLUMN pg_subscription.subconninfo; Type: ACL; Schema: pg_catalog; Owner: azuresu
--

GRANT SELECT(subconninfo) ON TABLE pg_catalog.pg_subscription TO azure_pg_admin;


--
-- Name: COLUMN pg_subscription.subslotname; Type: ACL; Schema: pg_catalog; Owner: azuresu
--

GRANT SELECT(subslotname) ON TABLE pg_catalog.pg_subscription TO azure_pg_admin;


--
-- Name: COLUMN pg_subscription.subsynccommit; Type: ACL; Schema: pg_catalog; Owner: azuresu
--

GRANT SELECT(subsynccommit) ON TABLE pg_catalog.pg_subscription TO azure_pg_admin;


--
-- Name: COLUMN pg_subscription.subpublications; Type: ACL; Schema: pg_catalog; Owner: azuresu
--

GRANT SELECT(subpublications) ON TABLE pg_catalog.pg_subscription TO azure_pg_admin;


--
-- PostgreSQL database dump complete
--

