[
  {
    "model": "pramlearnapp.role",
    "pk": 1,
    "fields": {
      "name": "Admin",
      "description": "Administrator with full access"
    }
  },
  {
    "model": "pramlearnapp.role",
    "pk": 2,
    "fields": {
      "name": "Teacher",
      "description": "Teacher with limited access"
    }
  },
  {
    "model": "pramlearnapp.role",
    "pk": 3,
    "fields": {
      "name": "Student",
      "description": "Student with view access"
    }
  },
  {
    "model": "pramlearnapp.customuser",
    "pk": 1,
    "fields": {
      "username": "admin1",
      "password": "pbkdf2_sha256$600000$dummy$dummy",
      "email": "admin@pramlearn.com",
      "first_name": "Administrator",
      "last_name": "System",
      "role": 1,
      "is_staff": true,
      "is_superuser": true,
      "is_active": true,
      "is_online": false,
      "last_activity": null,
      "date_joined": "2024-01-01T00:00:00Z"
    }
  },
  {
    "model": "pramlearnapp.customuser",
    "pk": 2,
    "fields": {
      "username": "rehanseekap",
      "password": "pbkdf2_sha256$600000$dummy$dummy",
      "email": "rehanseekap@pramlearn.com",
      "first_name": "Raihan Syeka",
      "last_name": "Pramukastie",
      "role": 2,
      "is_staff": false,
      "is_superuser": false,
      "is_active": true,
      "is_online": false,
      "last_activity": null,
      "date_joined": "2024-01-01T00:00:00Z"
    }
  },
  {
    "model": "pramlearnapp.customuser",
    "pk": 3,
    "fields": {
      "username": "adryan_z_s",
      "password": "pbkdf2_sha256$600000$dummy$dummy",
      "email": "adryan_z_s@pramlearn.com",
      "first_name": "Adryan Zulfi",
      "last_name": "Syaputra",
      "role": 3,
      "is_staff": false,
      "is_superuser": false,
      "is_active": true,
      "is_online": false,
      "last_activity": null,
      "date_joined": "2024-01-01T00:00:00Z"
    }
  },
  {
    "model": "pramlearnapp.customuser",
    "pk": 4,
    "fields": {
      "username": "aldiansyah_r",
      "password": "pbkdf2_sha256$600000$dummy$dummy",
      "email": "aldiansyah_r@pramlearn.com",
      "first_name": "Aldiansyah",
      "last_name": "Ramdani",
      "role": 3,
      "is_staff": false,
      "is_superuser": false,
      "is_active": true,
      "is_online": false,
      "last_activity": null,
      "date_joined": "2024-01-01T00:00:00Z"
    }
  },
  {
    "model": "pramlearnapp.customuser",
    "pk": 5,
    "fields": {
      "username": "arya_a",
      "password": "pbkdf2_sha256$600000$dummy$dummy",
      "email": "arya_a@pramlearn.com",
      "first_name": "Arya",
      "last_name": "Adhitia",
      "role": 3,
      "is_staff": false,
      "is_superuser": false,
      "is_active": true,
      "is_online": false,
      "last_activity": null,
      "date_joined": "2024-01-01T00:00:00Z"
    }
  },
  {
    "model": "pramlearnapp.customuser",
    "pk": 6,
    "fields": {
      "username": "bagas_s",
      "password": "pbkdf2_sha256$600000$dummy$dummy",
      "email": "bagas_s@pramlearn.com",
      "first_name": "Bagas",
      "last_name": "Setiadi",
      "role": 3,
      "is_staff": false,
      "is_superuser": false,
      "is_active": true,
      "is_online": false,
      "last_activity": null,
      "date_joined": "2024-01-01T00:00:00Z"
    }
  },
  {
    "model": "pramlearnapp.customuser",
    "pk": 7,
    "fields": {
      "username": "davi_f_r",
      "password": "pbkdf2_sha256$600000$dummy$dummy",
      "email": "davi_f_r@pramlearn.com",
      "first_name": "Davi Firaldy",
      "last_name": "Rahadian",
      "role": 3,
      "is_staff": false,
      "is_superuser": false,
      "is_active": true,
      "is_online": false,
      "last_activity": null,
      "date_joined": "2024-01-01T00:00:00Z"
    }
  },
  {
    "model": "pramlearnapp.customuser",
    "pk": 8,
    "fields": {
      "username": "deviana_f_p",
      "password": "pbkdf2_sha256$600000$dummy$dummy",
      "email": "deviana_f_p@pramlearn.com",
      "first_name": "Deviana Febrianti",
      "last_name": "Putri",
      "role": 3,
      "is_staff": false,
      "is_superuser": false,
      "is_active": true,
      "is_online": false,
      "last_activity": null,
      "date_joined": "2024-01-01T00:00:00Z"
    }
  },
  {
    "model": "pramlearnapp.customuser",
    "pk": 9,
    "fields": {
      "username": "erick_s_s",
      "password": "pbkdf2_sha256$600000$dummy$dummy",
      "email": "erick_s_s@pramlearn.com",
      "first_name": "Erick Setiawan",
      "last_name": "Syahputra",
      "role": 3,
      "is_staff": false,
      "is_superuser": false,
      "is_active": true,
      "is_online": false,
      "last_activity": null,
      "date_joined": "2024-01-01T00:00:00Z"
    }
  },
  {
    "model": "pramlearnapp.customuser",
    "pk": 10,
    "fields": {
      "username": "fahri_r",
      "password": "pbkdf2_sha256$600000$dummy$dummy",
      "email": "fahri_r@pramlearn.com",
      "first_name": "Fahri",
      "last_name": "Romansyah",
      "role": 3,
      "is_staff": false,
      "is_superuser": false,
      "is_active": true,
      "is_online": false,
      "last_activity": null,
      "date_joined": "2024-01-01T00:00:00Z"
    }
  },
  {
    "model": "pramlearnapp.customuser",
    "pk": 11,
    "fields": {
      "username": "fajril_s_a",
      "password": "pbkdf2_sha256$600000$dummy$dummy",
      "email": "fajril_s_a@pramlearn.com",
      "first_name": "Fajril Septian",
      "last_name": "Alkodar",
      "role": 3,
      "is_staff": false,
      "is_superuser": false,
      "is_active": true,
      "is_online": false,
      "last_activity": null,
      "date_joined": "2024-01-01T00:00:00Z"
    }
  },
  {
    "model": "pramlearnapp.customuser",
    "pk": 12,
    "fields": {
      "username": "fauza_a_p",
      "password": "pbkdf2_sha256$600000$dummy$dummy",
      "email": "fauza_a_p@pramlearn.com",
      "first_name": "Fauza Ayudia",
      "last_name": "Putra",
      "role": 3,
      "is_staff": false,
      "is_superuser": false,
      "is_active": true,
      "is_online": false,
      "last_activity": null,
      "date_joined": "2024-01-01T00:00:00Z"
    }
  },
  {
    "model": "pramlearnapp.customuser",
    "pk": 13,
    "fields": {
      "username": "haikal_m",
      "password": "pbkdf2_sha256$600000$dummy$dummy",
      "email": "haikal_m@pramlearn.com",
      "first_name": "Haikal",
      "last_name": "Maljamjam",
      "role": 3,
      "is_staff": false,
      "is_superuser": false,
      "is_active": true,
      "is_online": false,
      "last_activity": null,
      "date_joined": "2024-01-01T00:00:00Z"
    }
  },
  {
    "model": "pramlearnapp.customuser",
    "pk": 14,
    "fields": {
      "username": "imam_s",
      "password": "pbkdf2_sha256$600000$dummy$dummy",
      "email": "imam_s@pramlearn.com",
      "first_name": "Imam",
      "last_name": "Sulaeman",
      "role": 3,
      "is_staff": false,
      "is_superuser": false,
      "is_active": true,
      "is_online": false,
      "last_activity": null,
      "date_joined": "2024-01-01T00:00:00Z"
    }
  },
  {
    "model": "pramlearnapp.customuser",
    "pk": 15,
    "fields": {
      "username": "julhuda_m_p",
      "password": "pbkdf2_sha256$600000$dummy$dummy",
      "email": "julhuda_m_p@pramlearn.com",
      "first_name": "Julhuda Mulyana",
      "last_name": "Putra",
      "role": 3,
      "is_staff": false,
      "is_superuser": false,
      "is_active": true,
      "is_online": false,
      "last_activity": null,
      "date_joined": "2024-01-01T00:00:00Z"
    }
  },
  {
    "model": "pramlearnapp.customuser",
    "pk": 16,
    "fields": {
      "username": "kiano_r_s",
      "password": "pbkdf2_sha256$600000$dummy$dummy",
      "email": "kiano_r_s@pramlearn.com",
      "first_name": "Kiano Raditya",
      "last_name": "Saputro",
      "role": 3,
      "is_staff": false,
      "is_superuser": false,
      "is_active": true,
      "is_online": false,
      "last_activity": null,
      "date_joined": "2024-01-01T00:00:00Z"
    }
  },
  {
    "model": "pramlearnapp.customuser",
    "pk": 17,
    "fields": {
      "username": "lucky_j_k",
      "password": "pbkdf2_sha256$600000$dummy$dummy",
      "email": "lucky_j_k@pramlearn.com",
      "first_name": "Lucky Januara",
      "last_name": "Kusnadi",
      "role": 3,
      "is_staff": false,
      "is_superuser": false,
      "is_active": true,
      "is_online": false,
      "last_activity": null,
      "date_joined": "2024-01-01T00:00:00Z"
    }
  },
  {
    "model": "pramlearnapp.customuser",
    "pk": 18,
    "fields": {
      "username": "meisya_i_b",
      "password": "pbkdf2_sha256$600000$dummy$dummy",
      "email": "meisya_i_b@pramlearn.com",
      "first_name": "Meisya Intan",
      "last_name": "Berlyan",
      "role": 3,
      "is_staff": false,
      "is_superuser": false,
      "is_active": true,
      "is_online": false,
      "last_activity": null,
      "date_joined": "2024-01-01T00:00:00Z"
    }
  },
  {
    "model": "pramlearnapp.customuser",
    "pk": 19,
    "fields": {
      "username": "moch_s_h",
      "password": "pbkdf2_sha256$600000$dummy$dummy",
      "email": "moch_s_h@pramlearn.com",
      "first_name": "Moch. Syarif",
      "last_name": "Hidayatullah",
      "role": 3,
      "is_staff": false,
      "is_superuser": false,
      "is_active": true,
      "is_online": false,
      "last_activity": null,
      "date_joined": "2024-01-01T00:00:00Z"
    }
  },
  {
    "model": "pramlearnapp.customuser",
    "pk": 20,
    "fields": {
      "username": "m_fikri_r",
      "password": "pbkdf2_sha256$600000$dummy$dummy",
      "email": "m_fikri_r@pramlearn.com",
      "first_name": "Muhamad Fikri",
      "last_name": "Ramadhani",
      "role": 3,
      "is_staff": false,
      "is_superuser": false,
      "is_active": true,
      "is_online": false,
      "last_activity": null,
      "date_joined": "2024-01-01T00:00:00Z"
    }
  },
  {
    "model": "pramlearnapp.customuser",
    "pk": 21,
    "fields": {
      "username": "m_dafik_a",
      "password": "pbkdf2_sha256$600000$dummy$dummy",
      "email": "m_dafik_a@pramlearn.com",
      "first_name": "Muhammad Dafik Al",
      "last_name": "Kavani",
      "role": 3,
      "is_staff": false,
      "is_superuser": false,
      "is_active": true,
      "is_online": false,
      "last_activity": null,
      "date_joined": "2024-01-01T00:00:00Z"
    }
  },
  {
    "model": "pramlearnapp.customuser",
    "pk": 22,
    "fields": {
      "username": "m_renaldi_r",
      "password": "pbkdf2_sha256$600000$dummy$dummy",
      "email": "m_renaldi_r@pramlearn.com",
      "first_name": "Muhammad Renaldi Rezky",
      "last_name": "Pratama",
      "role": 3,
      "is_staff": false,
      "is_superuser": false,
      "is_active": true,
      "is_online": false,
      "last_activity": null,
      "date_joined": "2024-01-01T00:00:00Z"
    }
  },
  {
    "model": "pramlearnapp.customuser",
    "pk": 23,
    "fields": {
      "username": "m_zaky_s",
      "password": "pbkdf2_sha256$600000$dummy$dummy",
      "email": "m_zaky_s@pramlearn.com",
      "first_name": "Muhammad Zaky",
      "last_name": "Saputra",
      "role": 3,
      "is_staff": false,
      "is_superuser": false,
      "is_active": true,
      "is_online": false,
      "last_activity": null,
      "date_joined": "2024-01-01T00:00:00Z"
    }
  },
  {
    "model": "pramlearnapp.customuser",
    "pk": 24,
    "fields": {
      "username": "nasywaan_r",
      "password": "pbkdf2_sha256$600000$dummy$dummy",
      "email": "nasywaan_r@pramlearn.com",
      "first_name": "Nasywaan",
      "last_name": "Ramadhan",
      "role": 3,
      "is_staff": false,
      "is_superuser": false,
      "is_active": true,
      "is_online": false,
      "last_activity": null,
      "date_joined": "2024-01-01T00:00:00Z"
    }
  },
  {
    "model": "pramlearnapp.customuser",
    "pk": 25,
    "fields": {
      "username": "nauval_f_s",
      "password": "pbkdf2_sha256$600000$dummy$dummy",
      "email": "nauval_f_s@pramlearn.com",
      "first_name": "Nauval Fadillah",
      "last_name": "Sofyan",
      "role": 3,
      "is_staff": false,
      "is_superuser": false,
      "is_active": true,
      "is_online": false,
      "last_activity": null,
      "date_joined": "2024-01-01T00:00:00Z"
    }
  },
  {
    "model": "pramlearnapp.customuser",
    "pk": 26,
    "fields": {
      "username": "nazwa_a_r",
      "password": "pbkdf2_sha256$600000$dummy$dummy",
      "email": "nazwa_a_r@pramlearn.com",
      "first_name": "Nazwa Aulia",
      "last_name": "Ramdani",
      "role": 3,
      "is_staff": false,
      "is_superuser": false,
      "is_active": true,
      "is_online": false,
      "last_activity": null,
      "date_joined": "2024-01-01T00:00:00Z"
    }
  },
  {
    "model": "pramlearnapp.customuser",
    "pk": 27,
    "fields": {
      "username": "pascha_g_p",
      "password": "pbkdf2_sha256$600000$dummy$dummy",
      "email": "pascha_g_p@pramlearn.com",
      "first_name": "Pascha Gerhana",
      "last_name": "Putra",
      "role": 3,
      "is_staff": false,
      "is_superuser": false,
      "is_active": true,
      "is_online": false,
      "last_activity": null,
      "date_joined": "2024-01-01T00:00:00Z"
    }
  },
  {
    "model": "pramlearnapp.customuser",
    "pk": 28,
    "fields": {
      "username": "raden_m_b",
      "password": "pbkdf2_sha256$600000$dummy$dummy",
      "email": "raden_m_b@pramlearn.com",
      "first_name": "Raden Muhammad Bara",
      "last_name": "Abdurrohman",
      "role": 3,
      "is_staff": false,
      "is_superuser": false,
      "is_active": true,
      "is_online": false,
      "last_activity": null,
      "date_joined": "2024-01-01T00:00:00Z"
    }
  },
  {
    "model": "pramlearnapp.customuser",
    "pk": 29,
    "fields": {
      "username": "raffi_a_a",
      "password": "pbkdf2_sha256$600000$dummy$dummy",
      "email": "raffi_a_a@pramlearn.com",
      "first_name": "Raffi Aurellio",
      "last_name": "Ardhani",
      "role": 3,
      "is_staff": false,
      "is_superuser": false,
      "is_active": true,
      "is_online": false,
      "last_activity": null,
      "date_joined": "2024-01-01T00:00:00Z"
    }
  },
  {
    "model": "pramlearnapp.customuser",
    "pk": 30,
    "fields": {
      "username": "raihan_g_a",
      "password": "pbkdf2_sha256$600000$dummy$dummy",
      "email": "raihan_g_a@pramlearn.com",
      "first_name": "Raihan Ghaza",
      "last_name": "Al-Ghifari",
      "role": 3,
      "is_staff": false,
      "is_superuser": false,
      "is_active": true,
      "is_online": false,
      "last_activity": null,
      "date_joined": "2024-01-01T00:00:00Z"
    }
  },
  {
    "model": "pramlearnapp.customuser",
    "pk": 31,
    "fields": {
      "username": "rega_f",
      "password": "pbkdf2_sha256$600000$dummy$dummy",
      "email": "rega_f@pramlearn.com",
      "first_name": "Rega",
      "last_name": "Firmansyah",
      "role": 3,
      "is_staff": false,
      "is_superuser": false,
      "is_active": true,
      "is_online": false,
      "last_activity": null,
      "date_joined": "2024-01-01T00:00:00Z"
    }
  },
  {
    "model": "pramlearnapp.customuser",
    "pk": 32,
    "fields": {
      "username": "reizan_f_k",
      "password": "pbkdf2_sha256$600000$dummy$dummy",
      "email": "reizan_f_k@pramlearn.com",
      "first_name": "Reizan Febrian",
      "last_name": "Kurniawan",
      "role": 3,
      "is_staff": false,
      "is_superuser": false,
      "is_active": true,
      "is_online": false,
      "last_activity": null,
      "date_joined": "2024-01-01T00:00:00Z"
    }
  },
  {
    "model": "pramlearnapp.customuser",
    "pk": 33,
    "fields": {
      "username": "rifa_n_z",
      "password": "pbkdf2_sha256$600000$dummy$dummy",
      "email": "rifa_n_z@pramlearn.com",
      "first_name": "Rifa Nabilah",
      "last_name": "Zalfa",
      "role": 3,
      "is_staff": false,
      "is_superuser": false,
      "is_active": true,
      "is_online": false,
      "last_activity": null,
      "date_joined": "2024-01-01T00:00:00Z"
    }
  },
  {
    "model": "pramlearnapp.customuser",
    "pk": 34,
    "fields": {
      "username": "risma_d_w",
      "password": "pbkdf2_sha256$600000$dummy$dummy",
      "email": "risma_d_w@pramlearn.com",
      "first_name": "Risma Dania",
      "last_name": "Wijayanti",
      "role": 3,
      "is_staff": false,
      "is_superuser": false,
      "is_active": true,
      "is_online": false,
      "last_activity": null,
      "date_joined": "2024-01-01T00:00:00Z"
    }
  },
  {
    "model": "pramlearnapp.customuser",
    "pk": 35,
    "fields": {
      "username": "robby_a_n",
      "password": "pbkdf2_sha256$600000$dummy$dummy",
      "email": "robby_a_n@pramlearn.com",
      "first_name": "Robby Aditya",
      "last_name": "Nugraha",
      "role": 3,
      "is_staff": false,
      "is_superuser": false,
      "is_active": true,
      "is_online": false,
      "last_activity": null,
      "date_joined": "2024-01-01T00:00:00Z"
    }
  },
  {
    "model": "pramlearnapp.customuser",
    "pk": 36,
    "fields": {
      "username": "satria_p_s",
      "password": "pbkdf2_sha256$600000$dummy$dummy",
      "email": "satria_p_s@pramlearn.com",
      "first_name": "Satria Putra",
      "last_name": "Setiawan",
      "role": 3,
      "is_staff": false,
      "is_superuser": false,
      "is_active": true,
      "is_online": false,
      "last_activity": null,
      "date_joined": "2024-01-01T00:00:00Z"
    }
  },
  {
    "model": "pramlearnapp.customuser",
    "pk": 37,
    "fields": {
      "username": "yusuf_m_b",
      "password": "pbkdf2_sha256$600000$dummy$dummy",
      "email": "yusuf_m_b@pramlearn.com",
      "first_name": "Yusuf Maulana",
      "last_name": "Bachtiar",
      "role": 3,
      "is_staff": false,
      "is_superuser": false,
      "is_active": true,
      "is_online": false,
      "last_activity": null,
      "date_joined": "2024-01-01T00:00:00Z"
    }
  },
  {
    "model": "pramlearnapp.class",
    "pk": 1,
    "fields": {
      "name": "XI TJ 2",
      "slug": "xi-tj-2"
    }
  },
  {
    "model": "pramlearnapp.subjectclass",
    "pk": 1,
    "fields": {
      "subject": null,
      "class_id": 1,
      "teacher": 2
    }
  },
  {
    "model": "pramlearnapp.subject",
    "pk": 1,
    "fields": {
      "name": "Administrasi Sistem Jaringan",
      "slug": "administrasi-sistem-jaringan",
      "subject_class": 1
    }
  },
  {
    "model": "pramlearnapp.subjectclass",
    "pk": 1,
    "fields": {
      "subject": 1,
      "class_id": 1,
      "teacher": 2
    }
  },
  {
    "model": "pramlearnapp.classstudent",
    "pk": 1,
    "fields": {
      "student": 3,
      "class_id": 1
    }
  },
  {
    "model": "pramlearnapp.classstudent",
    "pk": 2,
    "fields": {
      "student": 4,
      "class_id": 1
    }
  },
  {
    "model": "pramlearnapp.classstudent",
    "pk": 3,
    "fields": {
      "student": 5,
      "class_id": 1
    }
  },
  {
    "model": "pramlearnapp.classstudent",
    "pk": 4,
    "fields": {
      "student": 6,
      "class_id": 1
    }
  },
  {
    "model": "pramlearnapp.classstudent",
    "pk": 5,
    "fields": {
      "student": 7,
      "class_id": 1
    }
  },
  {
    "model": "pramlearnapp.classstudent",
    "pk": 6,
    "fields": {
      "student": 8,
      "class_id": 1
    }
  },
  {
    "model": "pramlearnapp.classstudent",
    "pk": 7,
    "fields": {
      "student": 9,
      "class_id": 1
    }
  },
  {
    "model": "pramlearnapp.classstudent",
    "pk": 8,
    "fields": {
      "student": 10,
      "class_id": 1
    }
  },
  {
    "model": "pramlearnapp.classstudent",
    "pk": 9,
    "fields": {
      "student": 11,
      "class_id": 1
    }
  },
  {
    "model": "pramlearnapp.classstudent",
    "pk": 10,
    "fields": {
      "student": 12,
      "class_id": 1
    }
  },
  {
    "model": "pramlearnapp.classstudent",
    "pk": 11,
    "fields": {
      "student": 13,
      "class_id": 1
    }
  },
  {
    "model": "pramlearnapp.classstudent",
    "pk": 12,
    "fields": {
      "student": 14,
      "class_id": 1
    }
  },
  {
    "model": "pramlearnapp.classstudent",
    "pk": 13,
    "fields": {
      "student": 15,
      "class_id": 1
    }
  },
  {
    "model": "pramlearnapp.classstudent",
    "pk": 14,
    "fields": {
      "student": 16,
      "class_id": 1
    }
  },
  {
    "model": "pramlearnapp.classstudent",
    "pk": 15,
    "fields": {
      "student": 17,
      "class_id": 1
    }
  },
  {
    "model": "pramlearnapp.classstudent",
    "pk": 16,
    "fields": {
      "student": 18,
      "class_id": 1
    }
  },
  {
    "model": "pramlearnapp.classstudent",
    "pk": 17,
    "fields": {
      "student": 19,
      "class_id": 1
    }
  },
  {
    "model": "pramlearnapp.classstudent",
    "pk": 18,
    "fields": {
      "student": 20,
      "class_id": 1
    }
  },
  {
    "model": "pramlearnapp.classstudent",
    "pk": 19,
    "fields": {
      "student": 21,
      "class_id": 1
    }
  },
  {
    "model": "pramlearnapp.classstudent",
    "pk": 20,
    "fields": {
      "student": 22,
      "class_id": 1
    }
  },
  {
    "model": "pramlearnapp.classstudent",
    "pk": 21,
    "fields": {
      "student": 23,
      "class_id": 1
    }
  },
  {
    "model": "pramlearnapp.classstudent",
    "pk": 22,
    "fields": {
      "student": 24,
      "class_id": 1
    }
  },
  {
    "model": "pramlearnapp.classstudent",
    "pk": 23,
    "fields": {
      "student": 25,
      "class_id": 1
    }
  },
  {
    "model": "pramlearnapp.classstudent",
    "pk": 24,
    "fields": {
      "student": 26,
      "class_id": 1
    }
  },
  {
    "model": "pramlearnapp.classstudent",
    "pk": 25,
    "fields": {
      "student": 27,
      "class_id": 1
    }
  },
  {
    "model": "pramlearnapp.classstudent",
    "pk": 26,
    "fields": {
      "student": 28,
      "class_id": 1
    }
  },
  {
    "model": "pramlearnapp.classstudent",
    "pk": 27,
    "fields": {
      "student": 29,
      "class_id": 1
    }
  },
  {
    "model": "pramlearnapp.classstudent",
    "pk": 28,
    "fields": {
      "student": 30,
      "class_id": 1
    }
  },
  {
    "model": "pramlearnapp.classstudent",
    "pk": 29,
    "fields": {
      "student": 31,
      "class_id": 1
    }
  },
  {
    "model": "pramlearnapp.classstudent",
    "pk": 30,
    "fields": {
      "student": 32,
      "class_id": 1
    }
  },
  {
    "model": "pramlearnapp.classstudent",
    "pk": 31,
    "fields": {
      "student": 33,
      "class_id": 1
    }
  },
  {
    "model": "pramlearnapp.classstudent",
    "pk": 32,
    "fields": {
      "student": 34,
      "class_id": 1
    }
  },
  {
    "model": "pramlearnapp.classstudent",
    "pk": 33,
    "fields": {
      "student": 35,
      "class_id": 1
    }
  },
  {
    "model": "pramlearnapp.classstudent",
    "pk": 34,
    "fields": {
      "student": 36,
      "class_id": 1
    }
  },
  {
    "model": "pramlearnapp.classstudent",
    "pk": 35,
    "fields": {
      "student": 37,
      "class_id": 1
    }
  },
  {
    "model": "pramlearnapp.material",
    "pk": 1,
    "fields": {
      "title": "Pengenalan Jaringan Komputer",
      "subject": 1,
      "slug": "pengenalan-jaringan-komputer",
      "created_at": "2024-01-15T10:00:00Z",
      "updated_at": "2024-01-15T10:00:00Z"
    }
  },
  {
    "model": "pramlearnapp.materialyoutubevideo",
    "pk": 1,
    "fields": {
      "material": 1,
      "url": "https://www.youtube.com/watch?v=MIWbGhug-HA"
    }
  },
  {
    "model": "pramlearnapp.materialyoutubevideo",
    "pk": 2,
    "fields": {
      "material": 1,
      "url": "https://www.youtube.com/watch?v=3QhU9jd03a0"
    }
  },
  {
    "model": "pramlearnapp.materialyoutubevideo",
    "pk": 3,
    "fields": {
      "material": 1,
      "url": "https://www.youtube.com/watch?v=AEaKrq3SpW8"
    }
  },
  {
    "model": "pramlearnapp.quiz",
    "pk": 1,
    "fields": {
      "material": 1,
      "title": "Instrumen Soal Jaringan Komputer",
      "content": "Kuis komprehensif tentang konsep dasar jaringan komputer",
      "created_at": "2025-07-01T10:00:00Z",
      "is_group_quiz": true,
      "end_time": "2025-08-02T23:59:59Z",
      "slug": "instrumen-soal-jaringan-komputer",
      "duration": 120,
      "is_active": true
    }
  },
  {
    "model": "pramlearnapp.quiz",
    "pk": 2,
    "fields": {
      "material": 1,
      "title": "Konsep Dasar Jaringan",
      "content": "Evaluasi pemahaman konsep dasar jaringan komputer",
      "created_at": "2025-07-01T11:00:00Z",
      "is_group_quiz": true,
      "end_time": "2025-08-02T23:59:59Z",
      "slug": "konsep-dasar-jaringan",
      "duration": 60,
      "is_active": true
    }
  },
  {
    "model": "pramlearnapp.quiz",
    "pk": 3,
    "fields": {
      "material": 1,
      "title": "Perangkat dan Protokol Jaringan",
      "content": "Evaluasi pemahaman perangkat dan protokol jaringan",
      "created_at": "2025-07-01T12:00:00Z",
      "is_group_quiz": true,
      "end_time": "2025-08-02T23:59:59Z",
      "slug": "perangkat-dan-protokol-jaringan",
      "duration": 60,
      "is_active": true
    }
  },
  {
    "model": "pramlearnapp.question",
    "pk": 1,
    "fields": {
      "quiz": 1,
      "text": "Jenis jaringan komputer apakah yang memiliki skala jangkauan paling kecil untuk menghubungkan perangkat pribadi seperti smartphone dengan headset bluetooth?",
      "choice_a": "LAN",
      "choice_b": "MAN",
      "choice_c": "WAN",
      "choice_d": "PAN",
      "correct_choice": "D"
    }
  },
  {
    "model": "pramlearnapp.question",
    "pk": 2,
    "fields": {
      "quiz": 1,
      "text": "Perangkat keras apakah yang berfungsi untuk menghubungkan dua atau lebih jaringan yang berbeda, seperti menghubungkan LAN ke internet?",
      "choice_a": "Switch",
      "choice_b": "Hub",
      "choice_c": "Router",
      "choice_d": "Repeater",
      "correct_choice": "C"
    }
  },
  {
    "model": "pramlearnapp.question",
    "pk": 3,
    "fields": {
      "quiz": 1,
      "text": "Apakah sebutan untuk alamat fisik unik yang tidak bisa diubah dan menjadi identitas pada setiap kartu jaringan (NIC)?",
      "choice_a": "IP Address",
      "choice_b": "Subnet Mask",
      "choice_c": "Gateway",
      "choice_d": "MAC Address",
      "correct_choice": "D"
    }
  },
  {
    "model": "pramlearnapp.question",
    "pk": 4,
    "fields": {
      "quiz": 1,
      "text": "Apakah nama kumpulan protokol yang menjadi aturan standar untuk komunikasi data di seluruh jaringan internet?",
      "choice_a": "HTTP/FTP",
      "choice_b": "TCP/IP",
      "choice_c": "POP3/SMTP",
      "choice_d": "LAN/WAN",
      "correct_choice": "B"
    }
  },
  {
    "model": "pramlearnapp.question",
    "pk": 5,
    "fields": {
      "quiz": 1,
      "text": "Dalam model client-server, apakah sebutan untuk komputer yang meminta atau mengakses layanan dari komputer lain?",
      "choice_a": "Server",
      "choice_b": "Host",
      "choice_c": "Client",
      "choice_d": "Node",
      "correct_choice": "C"
    }
  },
  {
    "model": "pramlearnapp.question",
    "pk": 6,
    "fields": {
      "quiz": 1,
      "text": "Manakah di bawah ini yang merupakan contoh dari media transmisi jaringan yang menggunakan kabel?",
      "choice_a": "Bluetooth",
      "choice_b": "Wi-Fi",
      "choice_c": "Infrared",
      "choice_d": "UTP dan Fiber Optic",
      "correct_choice": "D"
    }
  },
  {
    "model": "pramlearnapp.question",
    "pk": 7,
    "fields": {
      "quiz": 1,
      "text": "Apakah nama proyek penelitian di Amerika Serikat pada tahun 1960-an yang menjadi cikal bakal lahirnya internet?",
      "choice_a": "ETHERNET",
      "choice_b": "WWW",
      "choice_c": "ARPANET",
      "choice_d": "NSFNET",
      "correct_choice": "C"
    }
  },
  {
    "model": "pramlearnapp.question",
    "pk": 8,
    "fields": {
      "quiz": 1,
      "text": "Selain biaya dan manajemen, apakah salah satu kerugian atau risiko utama yang harus dihadapi dalam sebuah jaringan komputer?",
      "choice_a": "Kecepatan transfer data",
      "choice_b": "Masalah keamanan",
      "choice_c": "Keterbatasan jarak",
      "choice_d": "Kompatibilitas perangkat",
      "correct_choice": "B"
    }
  },
  {
    "model": "pramlearnapp.question",
    "pk": 9,
    "fields": {
      "quiz": 1,
      "text": "Manakah pernyataan yang paling tepat untuk menjelaskan perbedaan utama antara Hub dan Switch?",
      "choice_a": "Hub lebih cepat dari Switch",
      "choice_b": "Switch mengirimkan data ke semua port, sedangkan Hub hanya ke tujuan",
      "choice_c": "Hub mengirimkan data ke semua port, sedangkan Switch hanya ke port tujuan",
      "choice_d": "Hub digunakan untuk WAN, Switch untuk LAN",
      "correct_choice": "C"
    }
  },
  {
    "model": "pramlearnapp.question",
    "pk": 10,
    "fields": {
      "quiz": 1,
      "text": "Dalam sebuah jaringan nirkabel, apakah fungsi utama dari sebuah Access Point (AP)?",
      "choice_a": "Mengatur rute antar jaringan yang berbeda",
      "choice_b": "Menjadi jembatan antara jaringan kabel dan perangkat nirkabel",
      "choice_c": "Menyimpan semua data penting perusahaan",
      "choice_d": "Menjaga keamanan seluruh jaringan dari serangan luar",
      "correct_choice": "B"
    }
  },
  {
    "model": "pramlearnapp.question",
    "pk": 11,
    "fields": {
      "quiz": 1,
      "text": "Jaringan komputer yang menghubungkan kantor-kantor cabang sebuah bank di seluruh kota Bandung merupakan contoh implementasi dari jenis jaringan apa?",
      "choice_a": "LAN",
      "choice_b": "MAN",
      "choice_c": "WAN",
      "choice_d": "PAN",
      "correct_choice": "B"
    }
  },
  {
    "model": "pramlearnapp.question",
    "pk": 12,
    "fields": {
      "quiz": 1,
      "text": "Ketika sebuah laboratorium komputer dengan 30 PC dapat menggunakan satu printer secara bersama-sama, manfaat jaringan komputer dalam hal apakah yang ditunjukkan?",
      "choice_a": "Keamanan data",
      "choice_b": "Reliabilitas tinggi",
      "choice_c": "Komunikasi efisien",
      "choice_d": "Menghemat biaya dan sumber daya",
      "correct_choice": "D"
    }
  },
  {
    "model": "pramlearnapp.question",
    "pk": 13,
    "fields": {
      "quiz": 1,
      "text": "Manakah situasi yang paling baik dalam mendeskripsikan konsep reliabilitas tinggi dalam sebuah jaringan?",
      "choice_a": "Jaringan memiliki kecepatan internet yang sangat tinggi",
      "choice_b": "Data penting perusahaan disalin secara otomatis ke server cadangan",
      "choice_c": "Semua komputer dalam jaringan menggunakan merek yang sama",
      "choice_d": "Jaringan dapat diakses dari mana saja di seluruh dunia",
      "correct_choice": "B"
    }
  },
  {
    "model": "pramlearnapp.question",
    "pk": 14,
    "fields": {
      "quiz": 1,
      "text": "Apakah perbedaan mendasar antara Internet dengan World Wide Web (WWW)?",
      "choice_a": "Keduanya adalah hal yang sama persis",
      "choice_b": "Internet adalah layanannya, WWW adalah infrastrukturnya",
      "choice_c": "Internet adalah infrastruktur fisiknya, WWW adalah salah satu layanan di atasnya",
      "choice_d": "Internet hanya ada di Amerika, WWW ada di seluruh dunia",
      "correct_choice": "C"
    }
  },
  {
    "model": "pramlearnapp.question",
    "pk": 15,
    "fields": {
      "quiz": 1,
      "text": "Mengapa tahap analisis kebutuhan pengguna dianggap sangat penting sebelum membangun jaringan?",
      "choice_a": "Agar bisa membeli perangkat dengan merek termahal",
      "choice_b": "Untuk memastikan jaringan yang dibangun sesuai dengan tujuan dan anggaran",
      "choice_c": "Untuk mempercepat proses instalasi kabel jaringan",
      "choice_d": "Agar bisa langsung menentukan alamat IP untuk setiap komputer",
      "correct_choice": "B"
    }
  },
  {
    "model": "pramlearnapp.question",
    "pk": 16,
    "fields": {
      "quiz": 1,
      "text": "Bagaimana cara kerja sebuah Router dalam mengirimkan data antar jaringan?",
      "choice_a": "Dengan meneruskan data ke semua perangkat yang terhubung",
      "choice_b": "Dengan mengenali alamat fisik (MAC Address) perangkat tujuan",
      "choice_c": "Dengan memilih rute terbaik berdasarkan alamat logika (IP Address) tujuan",
      "choice_d": "Dengan memperkuat sinyal yang diterima lalu memancarkannya kembali",
      "correct_choice": "C"
    }
  },
  {
    "model": "pramlearnapp.question",
    "pk": 17,
    "fields": {
      "quiz": 1,
      "text": "Apakah contoh dampak yang terjadi jika server pusat sebuah bank mengalami kegagalan total tanpa adanya cadangan?",
      "choice_a": "Nasabah tidak bisa menarik uang melalui ATM",
      "choice_b": "Kecepatan internet di kantor bank menjadi lambat",
      "choice_c": "Tampilan website bank berubah menjadi jelek",
      "choice_d": "Semua komputer nasabah akan terinfeksi virus",
      "correct_choice": "A"
    }
  },
  {
    "model": "pramlearnapp.question",
    "pk": 18,
    "fields": {
      "quiz": 1,
      "text": "Anda ditugaskan membangun jaringan di lab komputer dengan 40 PC dan 1 server. Agar komunikasi efisien, perangkat sentral apakah yang paling tepat untuk digunakan?",
      "choice_a": "Hub",
      "choice_b": "Switch",
      "choice_c": "Router",
      "choice_d": "Modem",
      "correct_choice": "B"
    }
  },
  {
    "model": "pramlearnapp.question",
    "pk": 19,
    "fields": {
      "quiz": 1,
      "text": "Saat Anda mengunggah foto ke Instagram dari smartphone Anda, peran smartphone Anda dalam proses tersebut adalah sebagai?",
      "choice_a": "Server",
      "choice_b": "Client",
      "choice_c": "Router",
      "choice_d": "Switch",
      "correct_choice": "B"
    }
  },
  {
    "model": "pramlearnapp.question",
    "pk": 20,
    "fields": {
      "quiz": 1,
      "text": "Sebuah perusahaan multinasional ingin menghubungkan kantor pusat di Jakarta dengan kantor cabang di Singapura dan Kuala Lumpur. Jenis jaringan apakah yang harus mereka bangun?",
      "choice_a": "LAN",
      "choice_b": "MAN",
      "choice_c": "WAN",
      "choice_d": "PAN",
      "correct_choice": "C"
    }
  },
  {
    "model": "pramlearnapp.question",
    "pk": 21,
    "fields": {
      "quiz": 1,
      "text": "Sebuah warung internet (warnet) memiliki 10 komputer untuk pelanggan yang semuanya harus bisa mengakses internet dan berbagi data. Jenis jaringan apakah yang paling tepat untuk dibangun di dalam warnet tersebut?",
      "choice_a": "WAN",
      "choice_b": "MAN",
      "choice_c": "PAN",
      "choice_d": "LAN",
      "correct_choice": "D"
    }
  },
  {
    "model": "pramlearnapp.question",
    "pk": 22,
    "fields": {
      "quiz": 1,
      "text": "Jika Anda diminta untuk menghubungkan 5 komputer dan 1 printer di dalam satu ruangan kantor kecil agar bisa saling berbagi file, jenis jaringan apakah yang sedang Anda bangun?",
      "choice_a": "WAN",
      "choice_b": "MAN",
      "choice_c": "",
      "choice_d": "LAN",
      "correct_choice": "A"
    }
  },
  {
    "model": "pramlearnapp.question",
    "pk": 23,
    "fields": {
      "quiz": 1,
      "text": "Sebuah perusahaan ingin menghubungkan dua gedung yang terpisah sejauh 1 km dengan koneksi yang sangat cepat dan tahan terhadap gangguan cuaca. Media transmisi apakah yang paling ideal untuk kebutuhan ini?",
      "choice_a": "Kabel UTP Cat 5e",
      "choice_b": "Wi-Fi",
      "choice_c": "Bluetooth",
      "choice_d": "Kabel Fiber Optic",
      "correct_choice": "D"
    }
  },
  {
    "model": "pramlearnapp.question",
    "pk": 24,
    "fields": {
      "quiz": 1,
      "text": "Sebuah kantor hanya memiliki satu koneksi internet. Perangkat apakah yang dibutuhkan agar koneksi tersebut bisa dibagikan ke semua komputer karyawan?",
      "choice_a": "Server",
      "choice_b": "Switch",
      "choice_c": "Router",
      "choice_d": "Printer",
      "correct_choice": "C"
    }
  },
  {
    "model": "pramlearnapp.question",
    "pk": 25,
    "fields": {
      "quiz": 1,
      "text": "Di lantai dua sebuah rumah, sinyal Wi-Fi dari router di lantai satu sangat lemah. Perangkat apakah yang paling praktis untuk dipasang guna memperluas jangkauan sinyal nirkabel tersebut?",
      "choice_a": "Hub",
      "choice_b": "Access Point",
      "choice_c": "Modem baru",
      "choice_d": "Server",
      "correct_choice": "B"
    }
  },
  {
    "model": "pramlearnapp.question",
    "pk": 26,
    "fields": {
      "quiz": 1,
      "text": "Dalam jaringan rumah Anda, perangkat manakah yang berfungsi sebagai gerbang utama (gateway) yang menghubungkan jaringan lokal Anda ke Internet?",
      "choice_a": "Switch",
      "choice_b": "NIC",
      "choice_c": "Server",
      "choice_d": "Router",
      "correct_choice": "D"
    }
  },
  {
    "model": "pramlearnapp.question",
    "pk": 27,
    "fields": {
      "quiz": 1,
      "text": "Sebuah jaringan LAN dengan 30 komputer yang menggunakan Hub terasa sangat lambat saat banyak pengguna aktif. Apakah penyebab yang paling mungkin dari masalah ini?",
      "choice_a": "Kabel UTP yang digunakan terlalu panjang",
      "choice_b": "Terlalu sering terjadi tabrakan data (collision) karena sifat Hub",
      "choice_c": "Server yang digunakan memiliki spesifikasi rendah",
      "choice_d": "Semua komputer terinfeksi virus yang sama",
      "correct_choice": "B"
    }
  },
  {
    "model": "pramlearnapp.question",
    "pk": 28,
    "fields": {
      "quiz": 1,
      "text": "Dibandingkan dengan kabel UTP, apakah keunggulan utama dari media transmisi Fiber Optic?",
      "choice_a": "Harga yang lebih murah dan instalasi yang mudah",
      "choice_b": "Fleksibilitas dan tidak memerlukan perangkat khusus",
      "choice_c": "Kecepatan transfer data yang jauh lebih tinggi dan tahan interferensi",
      "choice_d": "Ketersediaan yang lebih luas di pasaran",
      "correct_choice": "C"
    }
  },
  {
    "model": "pramlearnapp.question",
    "pk": 29,
    "fields": {
      "quiz": 1,
      "text": "Perhatikan pernyataan berikut:",
      "choice_a": "1 dan 2",
      "choice_b": "2 dan 3",
      "choice_c": "3 dan 4",
      "choice_d": "1 dan 4",
      "correct_choice": "C"
    }
  },
  {
    "model": "pramlearnapp.question",
    "pk": 30,
    "fields": {
      "quiz": 1,
      "text": "Untuk membangun jaringan Wi-Fi di rumah yang dapat terhubung ke internet, kombinasi perangkat minimal apakah yang harus dimiliki?",
      "choice_a": "Switch, Hub, dan Kabel UTP",
      "choice_b": "Modem, Router dengan fitur Wi-Fi/AP, dan NIC pada perangkat client",
      "choice_c": "Server, Client, dan Kabel Fiber Optic",
      "choice_d": "Repeater, Switch, dan Server",
      "correct_choice": "B"
    }
  },
  {
    "model": "pramlearnapp.question",
    "pk": 31,
    "fields": {
      "quiz": 1,
      "text": "Saat menggunakan jaringan Wi-Fi publik di kafe atau bandara, apakah risiko keamanan utama yang harus diwaspadai oleh pengguna?",
      "choice_a": "Kecepatan internet yang menjadi lambat",
      "choice_b": "Baterai perangkat menjadi cepat habis",
      "choice_c": "Potensi pencurian data pribadi oleh pihak ketiga (Man-in-the-Middle Attack)",
      "choice_d": "Perangkat menjadi panas karena terlalu banyak pengguna",
      "correct_choice": "C"
    }
  },
  {
    "model": "pramlearnapp.question",
    "pk": 32,
    "fields": {
      "quiz": 1,
      "text": "Apakah perbedaan mendasar antara MAC Address dan IP Address?",
      "choice_a": "MAC Address bisa diubah, IP Address tidak bisa",
      "choice_b": "MAC Address digunakan untuk identifikasi di internet, IP Address di LAN",
      "choice_c": "MAC Address adalah alamat fisik permanen, IP Address adalah alamat logika yang bisa berubah",
      "choice_d": "Keduanya adalah alamat yang sama, hanya beda nama",
      "correct_choice": "C"
    }
  },
  {
    "model": "pramlearnapp.question",
    "pk": 33,
    "fields": {
      "quiz": 1,
      "text": "Mengapa koneksi menggunakan Wi-Fi umumnya dianggap kurang stabil dibandingkan koneksi menggunakan kabel Ethernet?",
      "choice_a": "Karena Wi-Fi lebih mahal",
      "choice_b": "Karena sinyal Wi-Fi rentan terhadap interferensi dari perangkat lain dan halangan fisik",
      "choice_c": "Karena Wi-Fi memerlukan driver khusus yang sulit ditemukan",
      "choice_d": "Karena Wi-Fi mengonsumsi lebih banyak daya listrik",
      "correct_choice": "B"
    }
  },
  {
    "model": "pramlearnapp.question",
    "pk": 34,
    "fields": {
      "quiz": 1,
      "text": "Jika semua komputer di sebuah LAN bisa saling berkomunikasi tetapi tidak ada satupun yang bisa mengakses internet, di manakah kemungkinan besar letak masalahnya?",
      "choice_a": "Pada masing-masing NIC komputer",
      "choice_b": "Pada Switch yang menghubungkan komputer",
      "choice_c": "Pada kabel UTP setiap komputer",
      "choice_d": "Pada Router atau koneksi ke modem",
      "correct_choice": "D"
    }
  },
  {
    "model": "pramlearnapp.question",
    "pk": 35,
    "fields": {
      "quiz": 1,
      "text": "Dalam sebuah jaringan kantor, komputer-komputer karyawan terhubung ke sebuah Switch, dan Switch tersebut terhubung ke sebuah Router yang tersambung ke internet. Apakah fungsi utama Switch dalam skenario ini?",
      "choice_a": "Memberikan koneksi internet ke semua komputer",
      "choice_b": "Menjadi jembatan komunikasi antar komputer di dalam kantor",
      "choice_c": "Memberikan keamanan dari serangan virus",
      "choice_d": "Menyimpan semua file pekerjaan karyawan",
      "correct_choice": "B"
    }
  },
  {
    "model": "pramlearnapp.question",
    "pk": 36,
    "fields": {
      "quiz": 1,
      "text": "Menurut prinsip perancangan jaringan yang baik, langkah manakah yang paling krusial dan harus ditentukan pertama kali sebelum membeli perangkat?",
      "choice_a": "Memilih merek perangkat yang paling terkenal",
      "choice_b": "Menentukan skema pengalamatan IP Address",
      "choice_c": "Menganalisis kebutuhan bisnis dan teknis dari pengguna",
      "choice_d": "Menggambar topologi fisik jaringan secara detail",
      "correct_choice": "C"
    }
  },
  {
    "model": "pramlearnapp.question",
    "pk": 37,
    "fields": {
      "quiz": 1,
      "text": "Seorang teknisi menyarankan untuk menghubungkan server data penting perusahaan langsung ke internet tanpa pelindung seperti router atau firewall, dengan alasan agar mudah diakses. Mengapa saran ini sangat tidak direkomendasikan?",
      "choice_a": "Akan membuat koneksi server menjadi lambat",
      "choice_b": "Membuat server sangat rentan terhadap serangan langsung dari internet",
      "choice_c": "Akan menghabiskan biaya internet yang sangat mahal",
      "choice_d": "Akan menyulitkan karyawan untuk mengakses server",
      "correct_choice": "B"
    }
  },
  {
    "model": "pramlearnapp.question",
    "pk": 38,
    "fields": {
      "quiz": 1,
      "text": "Sebuah sekolah dengan anggaran terbatas ingin menyediakan koneksi internet untuk 30 komputer di lab. Pilihan media transmisi apakah yang paling realistis dari segi biaya dan kemudahan instalasi?",
      "choice_a": "Fiber Optic",
      "choice_b": "Kabel UTP",
      "choice_c": "Satelit",
      "choice_d": "Bluetooth",
      "correct_choice": "B"
    }
  },
  {
    "model": "pramlearnapp.question",
    "pk": 39,
    "fields": {
      "quiz": 1,
      "text": "Untuk sebuah turnamen e-sports yang menuntut koneksi paling stabil dan latensi (delay) terendah, mengapa penggunaan jaringan kabel (LAN) lebih direkomendasikan daripada Wi-Fi?",
      "choice_a": "Jaringan kabel lebih mudah dipasang daripada Wi-Fi",
      "choice_b": "Jaringan kabel memiliki jangkauan yang lebih luas",
      "choice_c": "Jaringan kabel lebih aman dari peretasan",
      "choice_d": "Jaringan kabel lebih stabil dan minim interferensi gelombang radio",
      "correct_choice": "D"
    }
  },
  {
    "model": "pramlearnapp.question",
    "pk": 40,
    "fields": {
      "quiz": 1,
      "text": "Seorang admin jaringan memutuskan untuk menggunakan Hub daripada Switch untuk jaringan kantor baru dengan 50 komputer dengan alasan harga Hub lebih murah. Dari sudut pandang performa, mengapa keputusan ini kurang tepat?",
      "choice_a": "Hub memerlukan konfigurasi yang lebih rumit",
      "choice_b": "Hub akan menyebabkan traffic jaringan menjadi padat dan lambat",
      "choice_c": "Hub mengonsumsi daya listrik yang lebih besar",
      "choice_d": "Hub tidak kompatibel dengan komputer modern",
      "correct_choice": "B"
    }
  },
  {
    "model": "pramlearnapp.question",
    "pk": 41,
    "fields": {
      "quiz": 1,
      "text": "Mengapa sebuah perusahaan besar lebih memilih menggunakan server fisik sendiri (on-premise) daripada hanya mengandalkan cloud storage untuk data yang sangat rahasia?",
      "choice_a": "Karena server sendiri lebih murah dalam segala aspek",
      "choice_b": "Untuk memiliki kendali penuh atas keamanan dan akses fisik terhadap data",
      "choice_c": "Karena cloud storage tidak bisa diakses dari Indonesia",
      "choice_d": "Karena server sendiri memiliki kapasitas tidak terbatas",
      "correct_choice": "B"
    }
  },
  {
    "model": "pramlearnapp.question",
    "pk": 42,
    "fields": {
      "quiz": 1,
      "text": "Dalam konteks jaringan nirkabel, mengapa penggunaan password yang kuat dan terenkripsi dianggap sebagai langkah keamanan yang fundamental?",
      "choice_a": "Agar koneksi menjadi lebih cepat",
      "choice_b": "Untuk mencegah pengguna tidak sah mengakses jaringan dan mencuri data",
      "choice_c": "Agar nama Wi-Fi (SSID) bisa disembunyikan",
      "choice_d": "Untuk meningkatkan jangkauan sinyal Wi-Fi",
      "correct_choice": "B"
    }
  },
  {
    "model": "pramlearnapp.question",
    "pk": 43,
    "fields": {
      "quiz": 1,
      "text": "Dua kantor kecil ingin berbagi satu koneksi internet. Kantor A menggunakan Hub, Kantor B menggunakan Switch. Jaringan kantor manakah yang akan memiliki performa lebih baik dan mengapa?",
      "choice_a": "Kantor A, karena Hub lebih sederhana",
      "choice_b": "Kantor B, karena Switch mengurangi tabrakan data",
      "choice_c": "Keduanya sama saja, karena kecepatan internetnya sama",
      "choice_d": "Kantor A, karena Hub bisa terhubung ke lebih banyak komputer",
      "correct_choice": "B"
    }
  },
  {
    "model": "pramlearnapp.question",
    "pk": 44,
    "fields": {
      "quiz": 1,
      "text": "Analogi yang menyatakan bahwa \"Router adalah polisi lalu lintas di perempatan jalan\" paling tepat menggambarkan fungsi router dalam hal apa?",
      "choice_a": "Kemampuannya untuk menghentikan semua data",
      "choice_b": "Kemampuannya untuk mencatat semua pelanggaran",
      "choice_c": "Kemampuannya untuk mengarahkan data ke jaringan tujuan yang benar",
      "choice_d": "Kemampuannya untuk mempercepat laju semua data",
      "correct_choice": "C"
    }
  },
  {
    "model": "pramlearnapp.question",
    "pk": 45,
    "fields": {
      "quiz": 1,
      "text": "Anda diminta merancang jaringan untuk acara live streaming di aula sekolah dengan kebutuhan koneksi stabil untuk 3 PC panitia dan koneksi nirkabel untuk tamu. Rancangan manakah yang paling efektif?",
      "choice_a": "Menghubungkan semua perangkat ke satu Hub besar",
      "choice_b": "Menggunakan satu Router Wi-Fi rumahan untuk semua perangkat",
      "choice_c": "Menghubungkan 3 PC panitia ke Switch via kabel, lalu Switch dihubungkan ke Router. Untuk tamu, dipasang Access Point yang juga terhubung ke Router.",
      "choice_d": "Hanya menyediakan koneksi Wi-Fi untuk semua perangkat agar lebih praktis",
      "correct_choice": "C"
    }
  },
  {
    "model": "pramlearnapp.question",
    "pk": 46,
    "fields": {
      "quiz": 1,
      "text": "Sebuah kafe ingin menyediakan Wi-Fi untuk pelanggan, namun ingin transaksi kasir menggunakan koneksi kabel yang lebih aman dan stabil. Desain manakah yang paling efektif?",
      "choice_a": "Menghubungkan kasir dan pelanggan ke satu Hub yang sama",
      "choice_b": "Menghubungkan kasir via kabel ke Switch, dan pelanggan via Wi-Fi ke AP, di mana Switch dan AP terhubung ke satu Router",
      "choice_c": "Hanya menyediakan koneksi kabel untuk semua perangkat",
      "choice_d": "Hanya menyediakan koneksi Wi-Fi untuk semua perangkat",
      "correct_choice": "B"
    }
  },
  {
    "model": "pramlearnapp.question",
    "pk": 47,
    "fields": {
      "quiz": 1,
      "text": "Jaringan di sebuah sekolah seringkali lambat pada jam istirahat karena banyak siswa mengakses video. Usulan teknis apakah yang paling logis untuk diajukan guna mengatasi masalah ini?",
      "choice_a": "Mengurangi jumlah komputer di sekolah",
      "choice_b": "Mematikan jaringan pada jam istirahat",
      "choice_c": "Meningkatkan paket bandwidth internet dan menerapkan aturan pembatasan akses video pada jam sibuk",
      "choice_d": "Mengganti semua komputer dengan laptop",
      "correct_choice": "C"
    }
  },
  {
    "model": "pramlearnapp.question",
    "pk": 48,
    "fields": {
      "quiz": 1,
      "text": "Untuk melindungi data penting pada file server di sebuah kantor kecil dari risiko kerusakan hard disk, strategi backup data paling dasar apakah yang bisa Anda usulkan?",
      "choice_a": "Menyimpan semua data hanya di server tanpa backup",
      "choice_b": "Meminta setiap karyawan menyimpan data di komputernya masing-masing",
      "choice_c": "Menjadwalkan backup otomatis setiap malam ke hard disk eksternal atau cloud storage",
      "choice_d": "Mencetak semua data penting setiap hari",
      "correct_choice": "C"
    }
  },
  {
    "model": "pramlearnapp.question",
    "pk": 49,
    "fields": {
      "quiz": 1,
      "text": "Anda diminta membuat 3 aturan kebijakan keamanan paling dasar untuk jaringan Wi-Fi di rumah. Kombinasi kebijakan manakah yang paling efektif?",
      "choice_a": "Membiarkan nama Wi-Fi default, tanpa password, dan menyala 24 jam",
      "choice_b": "Mengganti nama Wi-Fi (SSID) agar tidak mudah ditebak, menggunakan password yang kuat, dan tidak membagikannya secara sembarangan",
      "choice_c": "Memberitahu password Wi-Fi ke semua tetangga",
      "choice_d": "Menggunakan password yang mudah diingat seperti \"12345678\"",
      "correct_choice": "B"
    }
  },
  {
    "model": "pramlearnapp.question",
    "pk": 50,
    "fields": {
      "quiz": 1,
      "text": "Sebuah rumah bertingkat tiga ingin semua lantainya ter-cover sinyal Wi-Fi yang kuat dari satu sumber internet. Kombinasi perangkat apakah yang paling sesuai untuk menciptakan jaringan seperti ini?",
      "choice_a": "Satu Router di lantai 1, dan satu Access Point di lantai 2 dan 3",
      "choice_b": "Tiga modem internet terpisah untuk setiap lantai",
      "choice_c": "Tiga Hub di setiap lantai",
      "choice_d": "Satu Switch besar di lantai 1",
      "correct_choice": "A"
    }
  },
  {
    "model": "pramlearnapp.question",
    "pk": 51,
    "fields": {
      "quiz": 1,
      "text": "Jika Anda diminta merancang jaringan untuk sebuah perpustakaan baru, urutan langkah analisis kebutuhan manakah yang paling logis?",
      "choice_a": "Membeli router, menghitung pengguna, menentukan anggaran",
      "choice_b": "Menentukan anggaran, menghitung pengguna, menentukan jenis layanan",
      "choice_c": "Menghitung jumlah pengguna, menentukan jenis layanan yang dibutuhkan, menentukan anggaran",
      "choice_d": "Memasang kabel, membeli switch, menghitung pengguna",
      "correct_choice": "C"
    }
  },
  {
    "model": "pramlearnapp.question",
    "pk": 52,
    "fields": {
      "quiz": 1,
      "text": "Untuk sebuah kantor dengan 10 staf yang semuanya perlu akses cepat ke server file dan internet, desain koneksi manakah yang paling masuk akal?",
      "choice_a": "Semua staf terhubung ke Hub, lalu Hub ke internet",
      "choice_b": "Semua staf terhubung ke Router secara nirkabel",
      "choice_c": "Semua staf dan server terhubung ke satu Switch menggunakan kabel, lalu Switch terhubung ke Router untuk akses internet",
      "choice_d": "Setiap staf terhubung langsung ke modem internet",
      "correct_choice": "C"
    }
  },
  {
    "model": "pramlearnapp.question",
    "pk": 53,
    "fields": {
      "quiz": 1,
      "text": "Mengingat risiko kegagalan server pusat adalah salah satu kerugian jaringan, rencana mitigasi atau pencegahan apakah yang paling tepat untuk sebuah perusahaan?",
      "choice_a": "Mematikan server setiap malam untuk menghemat listrik",
      "choice_b": "Membuat jadwal backup data secara rutin ke lokasi yang berbeda",
      "choice_c": "Membatasi jumlah pengguna yang bisa mengakses server",
      "choice_d": "Tidak menyimpan data apapun di server",
      "correct_choice": "B"
    }
  },
  {
    "model": "pramlearnapp.question",
    "pk": 54,
    "fields": {
      "quiz": 1,
      "text": "Jenis jaringan komputer apakah yang memiliki skala jangkauan paling kecil untuk menghubungkan perangkat pribadi seperti smartphone dengan headset bluetooth?",
      "choice_a": "LAN",
      "choice_b": "MAN",
      "choice_c": "WAN",
      "choice_d": "PAN",
      "correct_choice": "D"
    }
  },
  {
    "model": "pramlearnapp.question",
    "pk": 55,
    "fields": {
      "quiz": 2,
      "text": "Mengapa sebuah perusahaan besar lebih memilih menggunakan server fisik sendiri (on-premise) daripada hanya mengandalkan cloud storage untuk data yang sangat rahasia?",
      "choice_a": "Karena server sendiri lebih murah dalam segala aspek",
      "choice_b": "Untuk memiliki kendali penuh atas keamanan dan akses fisik terhadap data",
      "choice_c": "Karena cloud storage tidak bisa diakses dari Indonesia",
      "choice_d": "Karena server sendiri memiliki kapasitas tidak terbatas",
      "correct_choice": "B"
    }
  },
  {
    "model": "pramlearnapp.question",
    "pk": 56,
    "fields": {
      "quiz": 2,
      "text": "Dalam konteks jaringan nirkabel, mengapa penggunaan password yang kuat dan terenkripsi dianggap sebagai langkah keamanan yang fundamental?",
      "choice_a": "Agar koneksi menjadi lebih cepat",
      "choice_b": "Untuk mencegah pengguna tidak sah mengakses jaringan dan mencuri data",
      "choice_c": "Agar nama Wi-Fi (SSID) bisa disembunyikan",
      "choice_d": "Untuk meningkatkan jangkauan sinyal Wi-Fi",
      "correct_choice": "B"
    }
  },
  {
    "model": "pramlearnapp.question",
    "pk": 57,
    "fields": {
      "quiz": 2,
      "text": "Dua kantor kecil ingin berbagi satu koneksi internet. Kantor A menggunakan Hub, Kantor B menggunakan Switch. Jaringan kantor manakah yang akan memiliki performa lebih baik dan mengapa?",
      "choice_a": "Kantor A, karena Hub lebih sederhana",
      "choice_b": "Kantor B, karena Switch mengurangi tabrakan data",
      "choice_c": "Keduanya sama saja, karena kecepatan internetnya sama",
      "choice_d": "Kantor A, karena Hub bisa terhubung ke lebih banyak komputer",
      "correct_choice": "B"
    }
  },
  {
    "model": "pramlearnapp.question",
    "pk": 58,
    "fields": {
      "quiz": 2,
      "text": "Analogi yang menyatakan bahwa \"Router adalah polisi lalu lintas di perempatan jalan\" paling tepat menggambarkan fungsi router dalam hal apa?",
      "choice_a": "Kemampuannya untuk menghentikan semua data",
      "choice_b": "Kemampuannya untuk mencatat semua pelanggaran",
      "choice_c": "Kemampuannya untuk mengarahkan data ke jaringan tujuan yang benar",
      "choice_d": "Kemampuannya untuk mempercepat laju semua data",
      "correct_choice": "C"
    }
  },
  {
    "model": "pramlearnapp.question",
    "pk": 59,
    "fields": {
      "quiz": 2,
      "text": "Anda diminta merancang jaringan untuk acara live streaming di aula sekolah dengan kebutuhan koneksi stabil untuk 3 PC panitia dan koneksi nirkabel untuk tamu. Rancangan manakah yang paling efektif?",
      "choice_a": "Menghubungkan semua perangkat ke satu Hub besar",
      "choice_b": "Menggunakan satu Router Wi-Fi rumahan untuk semua perangkat",
      "choice_c": "Menghubungkan 3 PC panitia ke Switch via kabel, lalu Switch dihubungkan ke Router. Untuk tamu, dipasang Access Point yang juga terhubung ke Router.",
      "choice_d": "Hanya menyediakan koneksi Wi-Fi untuk semua perangkat agar lebih praktis",
      "correct_choice": "C"
    }
  },
  {
    "model": "pramlearnapp.question",
    "pk": 60,
    "fields": {
      "quiz": 2,
      "text": "Sebuah kafe ingin menyediakan Wi-Fi untuk pelanggan, namun ingin transaksi kasir menggunakan koneksi kabel yang lebih aman dan stabil. Desain manakah yang paling efektif?",
      "choice_a": "Menghubungkan kasir dan pelanggan ke satu Hub yang sama",
      "choice_b": "Menghubungkan kasir via kabel ke Switch, dan pelanggan via Wi-Fi ke AP, di mana Switch dan AP terhubung ke satu Router",
      "choice_c": "Hanya menyediakan koneksi kabel untuk semua perangkat",
      "choice_d": "Hanya menyediakan koneksi Wi-Fi untuk semua perangkat",
      "correct_choice": "B"
    }
  },
  {
    "model": "pramlearnapp.question",
    "pk": 61,
    "fields": {
      "quiz": 2,
      "text": "Jaringan di sebuah sekolah seringkali lambat pada jam istirahat karena banyak siswa mengakses video. Usulan teknis apakah yang paling logis untuk diajukan guna mengatasi masalah ini?",
      "choice_a": "Mengurangi jumlah komputer di sekolah",
      "choice_b": "Mematikan jaringan pada jam istirahat",
      "choice_c": "Meningkatkan paket bandwidth internet dan menerapkan aturan pembatasan akses video pada jam sibuk",
      "choice_d": "Mengganti semua komputer dengan laptop",
      "correct_choice": "C"
    }
  },
  {
    "model": "pramlearnapp.question",
    "pk": 62,
    "fields": {
      "quiz": 2,
      "text": "Untuk melindungi data penting pada file server di sebuah kantor kecil dari risiko kerusakan hard disk, strategi backup data paling dasar apakah yang bisa Anda usulkan?",
      "choice_a": "Menyimpan semua data hanya di server tanpa backup",
      "choice_b": "Meminta setiap karyawan menyimpan data di komputernya masing-masing",
      "choice_c": "Menjadwalkan backup otomatis setiap malam ke hard disk eksternal atau cloud storage",
      "choice_d": "Mencetak semua data penting setiap hari",
      "correct_choice": "C"
    }
  },
  {
    "model": "pramlearnapp.question",
    "pk": 63,
    "fields": {
      "quiz": 2,
      "text": "Anda diminta membuat 3 aturan kebijakan keamanan paling dasar untuk jaringan Wi-Fi di rumah. Kombinasi kebijakan manakah yang paling efektif?",
      "choice_a": "Membiarkan nama Wi-Fi default, tanpa password, dan menyala 24 jam",
      "choice_b": "Mengganti nama Wi-Fi (SSID) agar tidak mudah ditebak, menggunakan password yang kuat, dan tidak membagikannya secara sembarangan",
      "choice_c": "Memberitahu password Wi-Fi ke semua tetangga",
      "choice_d": "Menggunakan password yang mudah diingat seperti \"12345678\"",
      "correct_choice": "B"
    }
  },
  {
    "model": "pramlearnapp.question",
    "pk": 64,
    "fields": {
      "quiz": 2,
      "text": "Sebuah rumah bertingkat tiga ingin semua lantainya ter-cover sinyal Wi-Fi yang kuat dari satu sumber internet. Kombinasi perangkat apakah yang paling sesuai untuk menciptakan jaringan seperti ini?",
      "choice_a": "Satu Router di lantai 1, dan satu Access Point di lantai 2 dan 3",
      "choice_b": "Tiga modem internet terpisah untuk setiap lantai",
      "choice_c": "Tiga Hub di setiap lantai",
      "choice_d": "Satu Switch besar di lantai 1",
      "correct_choice": "A"
    }
  },
  {
    "model": "pramlearnapp.question",
    "pk": 65,
    "fields": {
      "quiz": 3,
      "text": "Jika Anda diminta merancang jaringan untuk sebuah perpustakaan baru, urutan langkah analisis kebutuhan manakah yang paling logis?",
      "choice_a": "Membeli router, menghitung pengguna, menentukan anggaran",
      "choice_b": "Menentukan anggaran, menghitung pengguna, menentukan jenis layanan",
      "choice_c": "Menghitung jumlah pengguna, menentukan jenis layanan yang dibutuhkan, menentukan anggaran",
      "choice_d": "Memasang kabel, membeli switch, menghitung pengguna",
      "correct_choice": "C"
    }
  },
  {
    "model": "pramlearnapp.question",
    "pk": 66,
    "fields": {
      "quiz": 3,
      "text": "Untuk sebuah kantor dengan 10 staf yang semuanya perlu akses cepat ke server file dan internet, desain koneksi manakah yang paling masuk akal?",
      "choice_a": "Semua staf terhubung ke Hub, lalu Hub ke internet",
      "choice_b": "Semua staf terhubung ke Router secara nirkabel",
      "choice_c": "Semua staf dan server terhubung ke satu Switch menggunakan kabel, lalu Switch terhubung ke Router untuk akses internet",
      "choice_d": "Setiap staf terhubung langsung ke modem internet",
      "correct_choice": "C"
    }
  },
  {
    "model": "pramlearnapp.question",
    "pk": 67,
    "fields": {
      "quiz": 3,
      "text": "Mengingat risiko kegagalan server pusat adalah salah satu kerugian jaringan, rencana mitigasi atau pencegahan apakah yang paling tepat untuk sebuah perusahaan?",
      "choice_a": "Mematikan server setiap malam untuk menghemat listrik",
      "choice_b": "Membuat jadwal backup data secara rutin ke lokasi yang berbeda",
      "choice_c": "Membatasi jumlah pengguna yang bisa mengakses server",
      "choice_d": "Tidak menyimpan data apapun di server",
      "correct_choice": "B"
    }
  },
  {
    "model": "pramlearnapp.question",
    "pk": 68,
    "fields": {
      "quiz": 3,
      "text": "Jenis jaringan komputer apakah yang memiliki skala jangkauan paling kecil untuk menghubungkan perangkat pribadi seperti smartphone dengan headset bluetooth?",
      "choice_a": "LAN",
      "choice_b": "MAN",
      "choice_c": "WAN",
      "choice_d": "PAN",
      "correct_choice": "D"
    }
  },
  {
    "model": "pramlearnapp.question",
    "pk": 69,
    "fields": {
      "quiz": 3,
      "text": "Perangkat keras apakah yang berfungsi untuk menghubungkan dua atau lebih jaringan yang berbeda, seperti menghubungkan LAN ke internet?",
      "choice_a": "Switch",
      "choice_b": "Hub",
      "choice_c": "Router",
      "choice_d": "Repeater",
      "correct_choice": "C"
    }
  },
  {
    "model": "pramlearnapp.question",
    "pk": 70,
    "fields": {
      "quiz": 3,
      "text": "Apakah sebutan untuk alamat fisik unik yang tidak bisa diubah dan menjadi identitas pada setiap kartu jaringan (NIC)?",
      "choice_a": "IP Address",
      "choice_b": "Subnet Mask",
      "choice_c": "Gateway",
      "choice_d": "MAC Address",
      "correct_choice": "D"
    }
  },
  {
    "model": "pramlearnapp.question",
    "pk": 71,
    "fields": {
      "quiz": 3,
      "text": "Apakah nama kumpulan protokol yang menjadi aturan standar untuk komunikasi data di seluruh jaringan internet?",
      "choice_a": "HTTP/FTP",
      "choice_b": "TCP/IP",
      "choice_c": "POP3/SMTP",
      "choice_d": "LAN/WAN",
      "correct_choice": "B"
    }
  },
  {
    "model": "pramlearnapp.question",
    "pk": 72,
    "fields": {
      "quiz": 3,
      "text": "Dalam model client-server, apakah sebutan untuk komputer yang meminta atau mengakses layanan dari komputer lain?",
      "choice_a": "Server",
      "choice_b": "Host",
      "choice_c": "Client",
      "choice_d": "Node",
      "correct_choice": "C"
    }
  },
  {
    "model": "pramlearnapp.question",
    "pk": 73,
    "fields": {
      "quiz": 3,
      "text": "Manakah di bawah ini yang merupakan contoh dari media transmisi jaringan yang menggunakan kabel?",
      "choice_a": "Bluetooth",
      "choice_b": "Wi-Fi",
      "choice_c": "Infrared",
      "choice_d": "UTP dan Fiber Optic",
      "correct_choice": "D"
    }
  },
  {
    "model": "pramlearnapp.question",
    "pk": 74,
    "fields": {
      "quiz": 3,
      "text": "Apakah nama proyek penelitian di Amerika Serikat pada tahun 1960-an yang menjadi cikal bakal lahirnya internet?",
      "choice_a": "ETHERNET",
      "choice_b": "WWW",
      "choice_c": "ARPANET",
      "choice_d": "NSFNET",
      "correct_choice": "C"
    }
  },
  {
    "model": "pramlearnapp.assignment",
    "pk": 1,
    "fields": {
      "material": 1,
      "title": "Analisis Jaringan Dasar",
      "description": "Tugas analisis konsep dasar jaringan komputer dan implementasinya",
      "due_date": "2025-08-02T23:59:59Z",
      "created_at": "2025-07-01T13:00:00Z",
      "updated_at": "2025-07-01T13:00:00Z",
      "slug": "analisis-jaringan-dasar"
    }
  },
  {
    "model": "pramlearnapp.assignment",
    "pk": 2,
    "fields": {
      "material": 1,
      "title": "Perancangan Jaringan Sederhana",
      "description": "Tugas merancang topologi jaringan sederhana untuk kebutuhan spesifik",
      "due_date": "2025-08-02T23:59:59Z",
      "created_at": "2025-07-01T14:00:00Z",
      "updated_at": "2025-07-01T14:00:00Z",
      "slug": "perancangan-jaringan-sederhana"
    }
  },
  {
    "model": "pramlearnapp.assignmentquestion",
    "pk": 1,
    "fields": {
      "assignment": 1,
      "text": "Pertanyaan analisis jaringan dasar nomor 1. Jelaskan konsep dan implementasinya.",
      "explanation": "Penjelasan untuk soal nomor 1",
      "choice_a": "Opsi A untuk soal analisis 1",
      "choice_b": "Opsi B untuk soal analisis 1",
      "choice_c": "Opsi C untuk soal analisis 1",
      "choice_d": "Opsi D untuk soal analisis 1",
      "correct_choice": "A"
    }
  },
  {
    "model": "pramlearnapp.assignmentquestion",
    "pk": 2,
    "fields": {
      "assignment": 1,
      "text": "Pertanyaan analisis jaringan dasar nomor 2. Jelaskan konsep dan implementasinya.",
      "explanation": "Penjelasan untuk soal nomor 2",
      "choice_a": "Opsi A untuk soal analisis 2",
      "choice_b": "Opsi B untuk soal analisis 2",
      "choice_c": "Opsi C untuk soal analisis 2",
      "choice_d": "Opsi D untuk soal analisis 2",
      "correct_choice": "C"
    }
  },
  {
    "model": "pramlearnapp.assignmentquestion",
    "pk": 3,
    "fields": {
      "assignment": 1,
      "text": "Pertanyaan analisis jaringan dasar nomor 3. Jelaskan konsep dan implementasinya.",
      "explanation": "Penjelasan untuk soal nomor 3",
      "choice_a": "Opsi A untuk soal analisis 3",
      "choice_b": "Opsi B untuk soal analisis 3",
      "choice_c": "Opsi C untuk soal analisis 3",
      "choice_d": "Opsi D untuk soal analisis 3",
      "correct_choice": "A"
    }
  },
  {
    "model": "pramlearnapp.assignmentquestion",
    "pk": 4,
    "fields": {
      "assignment": 1,
      "text": "Pertanyaan analisis jaringan dasar nomor 4. Jelaskan konsep dan implementasinya.",
      "explanation": "Penjelasan untuk soal nomor 4",
      "choice_a": "Opsi A untuk soal analisis 4",
      "choice_b": "Opsi B untuk soal analisis 4",
      "choice_c": "Opsi C untuk soal analisis 4",
      "choice_d": "Opsi D untuk soal analisis 4",
      "correct_choice": "C"
    }
  },
  {
    "model": "pramlearnapp.assignmentquestion",
    "pk": 5,
    "fields": {
      "assignment": 1,
      "text": "Pertanyaan analisis jaringan dasar nomor 5. Jelaskan konsep dan implementasinya.",
      "explanation": "Penjelasan untuk soal nomor 5",
      "choice_a": "Opsi A untuk soal analisis 5",
      "choice_b": "Opsi B untuk soal analisis 5",
      "choice_c": "Opsi C untuk soal analisis 5",
      "choice_d": "Opsi D untuk soal analisis 5",
      "correct_choice": "B"
    }
  },
  {
    "model": "pramlearnapp.assignmentquestion",
    "pk": 6,
    "fields": {
      "assignment": 1,
      "text": "Pertanyaan analisis jaringan dasar nomor 6. Jelaskan konsep dan implementasinya.",
      "explanation": "Penjelasan untuk soal nomor 6",
      "choice_a": "Opsi A untuk soal analisis 6",
      "choice_b": "Opsi B untuk soal analisis 6",
      "choice_c": "Opsi C untuk soal analisis 6",
      "choice_d": "Opsi D untuk soal analisis 6",
      "correct_choice": "D"
    }
  },
  {
    "model": "pramlearnapp.assignmentquestion",
    "pk": 7,
    "fields": {
      "assignment": 1,
      "text": "Pertanyaan analisis jaringan dasar nomor 7. Jelaskan konsep dan implementasinya.",
      "explanation": "Penjelasan untuk soal nomor 7",
      "choice_a": "Opsi A untuk soal analisis 7",
      "choice_b": "Opsi B untuk soal analisis 7",
      "choice_c": "Opsi C untuk soal analisis 7",
      "choice_d": "Opsi D untuk soal analisis 7",
      "correct_choice": "B"
    }
  },
  {
    "model": "pramlearnapp.assignmentquestion",
    "pk": 8,
    "fields": {
      "assignment": 1,
      "text": "Pertanyaan analisis jaringan dasar nomor 8. Jelaskan konsep dan implementasinya.",
      "explanation": "Penjelasan untuk soal nomor 8",
      "choice_a": "Opsi A untuk soal analisis 8",
      "choice_b": "Opsi B untuk soal analisis 8",
      "choice_c": "Opsi C untuk soal analisis 8",
      "choice_d": "Opsi D untuk soal analisis 8",
      "correct_choice": "B"
    }
  },
  {
    "model": "pramlearnapp.assignmentquestion",
    "pk": 9,
    "fields": {
      "assignment": 1,
      "text": "Pertanyaan analisis jaringan dasar nomor 9. Jelaskan konsep dan implementasinya.",
      "explanation": "Penjelasan untuk soal nomor 9",
      "choice_a": "Opsi A untuk soal analisis 9",
      "choice_b": "Opsi B untuk soal analisis 9",
      "choice_c": "Opsi C untuk soal analisis 9",
      "choice_d": "Opsi D untuk soal analisis 9",
      "correct_choice": "C"
    }
  },
  {
    "model": "pramlearnapp.assignmentquestion",
    "pk": 10,
    "fields": {
      "assignment": 1,
      "text": "Pertanyaan analisis jaringan dasar nomor 10. Jelaskan konsep dan implementasinya.",
      "explanation": "Penjelasan untuk soal nomor 10",
      "choice_a": "Opsi A untuk soal analisis 10",
      "choice_b": "Opsi B untuk soal analisis 10",
      "choice_c": "Opsi C untuk soal analisis 10",
      "choice_d": "Opsi D untuk soal analisis 10",
      "correct_choice": "C"
    }
  },
  {
    "model": "pramlearnapp.assignmentquestion",
    "pk": 11,
    "fields": {
      "assignment": 2,
      "text": "Pertanyaan perancangan jaringan nomor 1. Bagaimana merancang solusi yang tepat?",
      "explanation": "Penjelasan untuk soal perancangan 1",
      "choice_a": "Opsi A untuk soal perancangan 1",
      "choice_b": "Opsi B untuk soal perancangan 1",
      "choice_c": "Opsi C untuk soal perancangan 1",
      "choice_d": "Opsi D untuk soal perancangan 1",
      "correct_choice": "C"
    }
  },
  {
    "model": "pramlearnapp.assignmentquestion",
    "pk": 12,
    "fields": {
      "assignment": 2,
      "text": "Pertanyaan perancangan jaringan nomor 2. Bagaimana merancang solusi yang tepat?",
      "explanation": "Penjelasan untuk soal perancangan 2",
      "choice_a": "Opsi A untuk soal perancangan 2",
      "choice_b": "Opsi B untuk soal perancangan 2",
      "choice_c": "Opsi C untuk soal perancangan 2",
      "choice_d": "Opsi D untuk soal perancangan 2",
      "correct_choice": "D"
    }
  },
  {
    "model": "pramlearnapp.assignmentquestion",
    "pk": 13,
    "fields": {
      "assignment": 2,
      "text": "Pertanyaan perancangan jaringan nomor 3. Bagaimana merancang solusi yang tepat?",
      "explanation": "Penjelasan untuk soal perancangan 3",
      "choice_a": "Opsi A untuk soal perancangan 3",
      "choice_b": "Opsi B untuk soal perancangan 3",
      "choice_c": "Opsi C untuk soal perancangan 3",
      "choice_d": "Opsi D untuk soal perancangan 3",
      "correct_choice": "A"
    }
  },
  {
    "model": "pramlearnapp.assignmentquestion",
    "pk": 14,
    "fields": {
      "assignment": 2,
      "text": "Pertanyaan perancangan jaringan nomor 4. Bagaimana merancang solusi yang tepat?",
      "explanation": "Penjelasan untuk soal perancangan 4",
      "choice_a": "Opsi A untuk soal perancangan 4",
      "choice_b": "Opsi B untuk soal perancangan 4",
      "choice_c": "Opsi C untuk soal perancangan 4",
      "choice_d": "Opsi D untuk soal perancangan 4",
      "correct_choice": "A"
    }
  },
  {
    "model": "pramlearnapp.assignmentquestion",
    "pk": 15,
    "fields": {
      "assignment": 2,
      "text": "Pertanyaan perancangan jaringan nomor 5. Bagaimana merancang solusi yang tepat?",
      "explanation": "Penjelasan untuk soal perancangan 5",
      "choice_a": "Opsi A untuk soal perancangan 5",
      "choice_b": "Opsi B untuk soal perancangan 5",
      "choice_c": "Opsi C untuk soal perancangan 5",
      "choice_d": "Opsi D untuk soal perancangan 5",
      "correct_choice": "C"
    }
  },
  {
    "model": "pramlearnapp.assignmentquestion",
    "pk": 16,
    "fields": {
      "assignment": 2,
      "text": "Pertanyaan perancangan jaringan nomor 6. Bagaimana merancang solusi yang tepat?",
      "explanation": "Penjelasan untuk soal perancangan 6",
      "choice_a": "Opsi A untuk soal perancangan 6",
      "choice_b": "Opsi B untuk soal perancangan 6",
      "choice_c": "Opsi C untuk soal perancangan 6",
      "choice_d": "Opsi D untuk soal perancangan 6",
      "correct_choice": "D"
    }
  },
  {
    "model": "pramlearnapp.assignmentquestion",
    "pk": 17,
    "fields": {
      "assignment": 2,
      "text": "Pertanyaan perancangan jaringan nomor 7. Bagaimana merancang solusi yang tepat?",
      "explanation": "Penjelasan untuk soal perancangan 7",
      "choice_a": "Opsi A untuk soal perancangan 7",
      "choice_b": "Opsi B untuk soal perancangan 7",
      "choice_c": "Opsi C untuk soal perancangan 7",
      "choice_d": "Opsi D untuk soal perancangan 7",
      "correct_choice": "C"
    }
  },
  {
    "model": "pramlearnapp.assignmentquestion",
    "pk": 18,
    "fields": {
      "assignment": 2,
      "text": "Pertanyaan perancangan jaringan nomor 8. Bagaimana merancang solusi yang tepat?",
      "explanation": "Penjelasan untuk soal perancangan 8",
      "choice_a": "Opsi A untuk soal perancangan 8",
      "choice_b": "Opsi B untuk soal perancangan 8",
      "choice_c": "Opsi C untuk soal perancangan 8",
      "choice_d": "Opsi D untuk soal perancangan 8",
      "correct_choice": "A"
    }
  },
  {
    "model": "pramlearnapp.assignmentquestion",
    "pk": 19,
    "fields": {
      "assignment": 2,
      "text": "Pertanyaan perancangan jaringan nomor 9. Bagaimana merancang solusi yang tepat?",
      "explanation": "Penjelasan untuk soal perancangan 9",
      "choice_a": "Opsi A untuk soal perancangan 9",
      "choice_b": "Opsi B untuk soal perancangan 9",
      "choice_c": "Opsi C untuk soal perancangan 9",
      "choice_d": "Opsi D untuk soal perancangan 9",
      "correct_choice": "D"
    }
  },
  {
    "model": "pramlearnapp.assignmentquestion",
    "pk": 20,
    "fields": {
      "assignment": 2,
      "text": "Pertanyaan perancangan jaringan nomor 10. Bagaimana merancang solusi yang tepat?",
      "explanation": "Penjelasan untuk soal perancangan 10",
      "choice_a": "Opsi A untuk soal perancangan 10",
      "choice_b": "Opsi B untuk soal perancangan 10",
      "choice_c": "Opsi C untuk soal perancangan 10",
      "choice_d": "Opsi D untuk soal perancangan 10",
      "correct_choice": "A"
    }
  },
  {
    "model": "pramlearnapp.arcsquestionnaire",
    "pk": 1,
    "fields": {
      "material": 1,
      "title": "Evaluasi Motivasi Pembelajaran",
      "description": "Kuesioner untuk mengukur tingkat motivasi siswa dalam pembelajaran jaringan komputer menggunakan model ARCS",
      "questionnaire_type": "pre",
      "is_active": true,
      "start_date": "2025-07-01T08:00:00Z",
      "end_date": "2025-08-02T23:59:59Z",
      "duration_minutes": 30,
      "created_by": 2,
      "created_at": "2025-07-01T08:00:00Z",
      "updated_at": "2025-07-01T08:00:00Z",
      "slug": "evaluasi-motivasi-pembelajaran-pre"
    }
  },
  {
    "model": "pramlearnapp.arcsquestion",
    "pk": 1,
    "fields": {
      "questionnaire": 1,
      "text": "Cara guru memulai pelajaran dan menyajikan materi ini menarik perhatian saya.",
      "dimension": "attention",
      "question_type": "likert_5",
      "order": 1,
      "is_required": true,
      "choice_a": null,
      "choice_b": null,
      "choice_c": null,
      "choice_d": null,
      "choice_e": null,
      "scale_min": 1,
      "scale_max": 5,
      "scale_label_min": "Sangat Tidak Setuju",
      "scale_label_max": "Sangat Setuju",
      "created_at": "2025-07-01T08:00:00Z",
      "updated_at": "2025-07-01T08:00:00Z"
    }
  },
  {
    "model": "pramlearnapp.arcsquestion",
    "pk": 2,
    "fields": {
      "questionnaire": 1,
      "text": "Penggunaan analogi dan contoh-contoh (seperti restoran atau lalu lintas) membuat saya lebih tertarik untuk memahami materi jaringan.",
      "dimension": "attention",
      "question_type": "likert_5",
      "order": 2,
      "is_required": true,
      "choice_a": null,
      "choice_b": null,
      "choice_c": null,
      "choice_d": null,
      "choice_e": null,
      "scale_min": 1,
      "scale_max": 5,
      "scale_label_min": "Sangat Tidak Setuju",
      "scale_label_max": "Sangat Setuju",
      "created_at": "2025-07-01T08:00:00Z",
      "updated_at": "2025-07-01T08:00:00Z"
    }
  },
  {
    "model": "pramlearnapp.arcsquestion",
    "pk": 3,
    "fields": {
      "questionnaire": 1,
      "text": "Variasi kegiatan belajar (penjelasan guru, diskusi tim, dan kuis di LMS) membuat saya tidak merasa bosan.",
      "dimension": "attention",
      "question_type": "likert_5",
      "order": 3,
      "is_required": true,
      "choice_a": null,
      "choice_b": null,
      "choice_c": null,
      "choice_d": null,
      "choice_e": null,
      "scale_min": 1,
      "scale_max": 5,
      "scale_label_min": "Sangat Tidak Setuju",
      "scale_label_max": "Sangat Setuju",
      "created_at": "2025-07-01T08:00:00Z",
      "updated_at": "2025-07-01T08:00:00Z"
    }
  },
  {
    "model": "pramlearnapp.arcsquestion",
    "pk": 4,
    "fields": {
      "questionnaire": 1,
      "text": "Topik tentang cara kerja jaringan komputer adalah sesuatu yang baru dan membuat saya penasaran.",
      "dimension": "attention",
      "question_type": "likert_5",
      "order": 4,
      "is_required": true,
      "choice_a": null,
      "choice_b": null,
      "choice_c": null,
      "choice_d": null,
      "choice_e": null,
      "scale_min": 1,
      "scale_max": 5,
      "scale_label_min": "Sangat Tidak Setuju",
      "scale_label_max": "Sangat Setuju",
      "created_at": "2025-07-01T08:00:00Z",
      "updated_at": "2025-07-01T08:00:00Z"
    }
  },
  {
    "model": "pramlearnapp.arcsquestion",
    "pk": 5,
    "fields": {
      "questionnaire": 1,
      "text": "Secara keseluruhan, pembelajaran ini disajikan dengan cara yang tidak monoton dan mampu menjaga fokus saya.",
      "dimension": "attention",
      "question_type": "likert_5",
      "order": 5,
      "is_required": true,
      "choice_a": null,
      "choice_b": null,
      "choice_c": null,
      "choice_d": null,
      "choice_e": null,
      "scale_min": 1,
      "scale_max": 5,
      "scale_label_min": "Sangat Tidak Setuju",
      "scale_label_max": "Sangat Setuju",
      "created_at": "2025-07-01T08:00:00Z",
      "updated_at": "2025-07-01T08:00:00Z"
    }
  },
  {
    "model": "pramlearnapp.arcsquestion",
    "pk": 6,
    "fields": {
      "questionnaire": 1,
      "text": "Materi tentang jaringan komputer ini terasa bermanfaat karena berhubungan langsung dengan cara saya menggunakan internet setiap hari.",
      "dimension": "relevance",
      "question_type": "likert_5",
      "order": 6,
      "is_required": true,
      "choice_a": null,
      "choice_b": null,
      "choice_c": null,
      "choice_d": null,
      "choice_e": null,
      "scale_min": 1,
      "scale_max": 5,
      "scale_label_min": "Sangat Tidak Setuju",
      "scale_label_max": "Sangat Setuju",
      "created_at": "2025-07-01T08:00:00Z",
      "updated_at": "2025-07-01T08:00:00Z"
    }
  },
  {
    "model": "pramlearnapp.arcsquestion",
    "pk": 7,
    "fields": {
      "questionnaire": 1,
      "text": "Saya merasa bahwa mempelajari konsep dasar jaringan ini sangat penting untuk karir saya di bidang TKJ di masa depan.",
      "dimension": "relevance",
      "question_type": "likert_5",
      "order": 7,
      "is_required": true,
      "choice_a": null,
      "choice_b": null,
      "choice_c": null,
      "choice_d": null,
      "choice_e": null,
      "scale_min": 1,
      "scale_max": 5,
      "scale_label_min": "Sangat Tidak Setuju",
      "scale_label_max": "Sangat Setuju",
      "created_at": "2025-07-01T08:00:00Z",
      "updated_at": "2025-07-01T08:00:00Z"
    }
  },
  {
    "model": "pramlearnapp.arcsquestion",
    "pk": 8,
    "fields": {
      "questionnaire": 1,
      "text": "Saya bisa melihat hubungan antara materi yang diajarkan dengan hobi atau minat saya (misalnya, bermain game online).",
      "dimension": "relevance",
      "question_type": "likert_5",
      "order": 8,
      "is_required": true,
      "choice_a": null,
      "choice_b": null,
      "choice_c": null,
      "choice_d": null,
      "choice_e": null,
      "scale_min": 1,
      "scale_max": 5,
      "scale_label_min": "Sangat Tidak Setuju",
      "scale_label_max": "Sangat Setuju",
      "created_at": "2025-07-01T08:00:00Z",
      "updated_at": "2025-07-01T08:00:00Z"
    }
  },
  {
    "model": "pramlearnapp.arcsquestion",
    "pk": 9,
    "fields": {
      "questionnaire": 1,
      "text": "Tujuan pembelajaran yang disampaikan di awal pelajaran terasa sesuai dengan apa yang ingin saya ketahui.",
      "dimension": "relevance",
      "question_type": "likert_5",
      "order": 9,
      "is_required": true,
      "choice_a": null,
      "choice_b": null,
      "choice_c": null,
      "choice_d": null,
      "choice_e": null,
      "scale_min": 1,
      "scale_max": 5,
      "scale_label_min": "Sangat Tidak Setuju",
      "scale_label_max": "Sangat Setuju",
      "created_at": "2025-07-01T08:00:00Z",
      "updated_at": "2025-07-01T08:00:00Z"
    }
  },
  {
    "model": "pramlearnapp.arcsquestion",
    "pk": 10,
    "fields": {
      "questionnaire": 1,
      "text": "Keterampilan dalam merancang jaringan dasar yang diajarkan adalah keterampilan yang berguna dan bisa saya pakai nantinya.",
      "dimension": "relevance",
      "question_type": "likert_5",
      "order": 10,
      "is_required": true,
      "choice_a": null,
      "choice_b": null,
      "choice_c": null,
      "choice_d": null,
      "choice_e": null,
      "scale_min": 1,
      "scale_max": 5,
      "scale_label_min": "Sangat Tidak Setuju",
      "scale_label_max": "Sangat Setuju",
      "created_at": "2025-07-01T08:00:00Z",
      "updated_at": "2025-07-01T08:00:00Z"
    }
  },
  {
    "model": "pramlearnapp.arcsquestion",
    "pk": 11,
    "fields": {
      "questionnaire": 1,
      "text": "Saya merasa tujuan pembelajaran yang harus dicapai dalam pertemuan ini cukup jelas dan saya tahu apa yang diharapkan dari saya.",
      "dimension": "confidence",
      "question_type": "likert_5",
      "order": 11,
      "is_required": true,
      "choice_a": null,
      "choice_b": null,
      "choice_c": null,
      "choice_d": null,
      "choice_e": null,
      "scale_min": 1,
      "scale_max": 5,
      "scale_label_min": "Sangat Tidak Setuju",
      "scale_label_max": "Sangat Setuju",
      "created_at": "2025-07-01T08:00:00Z",
      "updated_at": "2025-07-01T08:00:00Z"
    }
  },
  {
    "model": "pramlearnapp.arcsquestion",
    "pk": 12,
    "fields": {
      "questionnaire": 1,
      "text": "Meskipun materinya teknis, penjelasan yang diberikan membuat saya merasa yakin bisa memahaminya.",
      "dimension": "confidence",
      "question_type": "likert_5",
      "order": 12,
      "is_required": true,
      "choice_a": null,
      "choice_b": null,
      "choice_c": null,
      "choice_d": null,
      "choice_e": null,
      "scale_min": 1,
      "scale_max": 5,
      "scale_label_min": "Sangat Tidak Setuju",
      "scale_label_max": "Sangat Setuju",
      "created_at": "2025-07-01T08:00:00Z",
      "updated_at": "2025-07-01T08:00:00Z"
    }
  },
  {
    "model": "pramlearnapp.arcsquestion",
    "pk": 13,
    "fields": {
      "questionnaire": 1,
      "text": "Saya percaya bahwa tim saya dan saya bisa mengerjakan kuis kolaboratif di LMS dengan baik setelah mempelajari materi.",
      "dimension": "confidence",
      "question_type": "likert_5",
      "order": 13,
      "is_required": true,
      "choice_a": null,
      "choice_b": null,
      "choice_c": null,
      "choice_d": null,
      "choice_e": null,
      "scale_min": 1,
      "scale_max": 5,
      "scale_label_min": "Sangat Tidak Setuju",
      "scale_label_max": "Sangat Setuju",
      "created_at": "2025-07-01T08:00:00Z",
      "updated_at": "2025-07-01T08:00:00Z"
    }
  },
  {
    "model": "pramlearnapp.arcsquestion",
    "pk": 14,
    "fields": {
      "questionnaire": 1,
      "text": "Tingkat kesulitan materi dan soal-soal yang ada terasa pas, tidak terlalu mudah dan tidak terlalu sulit.",
      "dimension": "confidence",
      "question_type": "likert_5",
      "order": 14,
      "is_required": true,
      "choice_a": null,
      "choice_b": null,
      "choice_c": null,
      "choice_d": null,
      "choice_e": null,
      "scale_min": 1,
      "scale_max": 5,
      "scale_label_min": "Sangat Tidak Setuju",
      "scale_label_max": "Sangat Setuju",
      "created_at": "2025-07-01T08:00:00Z",
      "updated_at": "2025-07-01T08:00:00Z"
    }
  },
  {
    "model": "pramlearnapp.arcsquestion",
    "pk": 15,
    "fields": {
      "questionnaire": 1,
      "text": "Setelah berdiskusi dengan tim, saya merasa lebih percaya diri dengan pemahaman saya tentang materi ini.",
      "dimension": "confidence",
      "question_type": "likert_5",
      "order": 15,
      "is_required": true,
      "choice_a": null,
      "choice_b": null,
      "choice_c": null,
      "choice_d": null,
      "choice_e": null,
      "scale_min": 1,
      "scale_max": 5,
      "scale_label_min": "Sangat Tidak Setuju",
      "scale_label_max": "Sangat Setuju",
      "created_at": "2025-07-01T08:00:00Z",
      "updated_at": "2025-07-01T08:00:00Z"
    }
  },
  {
    "model": "pramlearnapp.arcsquestion",
    "pk": 16,
    "fields": {
      "questionnaire": 1,
      "text": "Saya merasa senang dan puas ketika saya berhasil memahami sebuah konsep yang sulit, seperti perbedaan antara Switch dan Router.",
      "dimension": "satisfaction",
      "question_type": "likert_5",
      "order": 16,
      "is_required": true,
      "choice_a": null,
      "choice_b": null,
      "choice_c": null,
      "choice_d": null,
      "choice_e": null,
      "scale_min": 1,
      "scale_max": 5,
      "scale_label_min": "Sangat Tidak Setuju",
      "scale_label_max": "Sangat Setuju",
      "created_at": "2025-07-01T08:00:00Z",
      "updated_at": "2025-07-01T08:00:00Z"
    }
  },
  {
    "model": "pramlearnapp.arcsquestion",
    "pk": 17,
    "fields": {
      "questionnaire": 1,
      "text": "Saya merasa usaha yang saya dan tim saya lakukan selama diskusi dan belajar sepadan dengan hasil yang kami dapatkan.",
      "dimension": "satisfaction",
      "question_type": "likert_5",
      "order": 17,
      "is_required": true,
      "choice_a": null,
      "choice_b": null,
      "choice_c": null,
      "choice_d": null,
      "choice_e": null,
      "scale_min": 1,
      "scale_max": 5,
      "scale_label_min": "Sangat Tidak Setuju",
      "scale_label_max": "Sangat Setuju",
      "created_at": "2025-07-01T08:00:00Z",
      "updated_at": "2025-07-01T08:00:00Z"
    }
  },
  {
    "model": "pramlearnapp.arcsquestion",
    "pk": 18,
    "fields": {
      "questionnaire": 1,
      "text": "Bekerja sama dengan teman satu tim untuk menjawab kuis adalah pengalaman belajar yang menyenangkan.",
      "dimension": "satisfaction",
      "question_type": "likert_5",
      "order": 18,
      "is_required": true,
      "choice_a": null,
      "choice_b": null,
      "choice_c": null,
      "choice_d": null,
      "choice_e": null,
      "scale_min": 1,
      "scale_max": 5,
      "scale_label_min": "Sangat Tidak Setuju",
      "scale_label_max": "Sangat Setuju",
      "created_at": "2025-07-01T08:00:00Z",
      "updated_at": "2025-07-01T08:00:00Z"
    }
  },
  {
    "model": "pramlearnapp.arcsquestion",
    "pk": 19,
    "fields": {
      "questionnaire": 1,
      "text": "Saya merasa penilaian melalui kuis kelompok ini adil karena mencerminkan pemahaman bersama tim kami.",
      "dimension": "satisfaction",
      "question_type": "likert_5",
      "order": 19,
      "is_required": true,
      "choice_a": null,
      "choice_b": null,
      "choice_c": null,
      "choice_d": null,
      "choice_e": null,
      "scale_min": 1,
      "scale_max": 5,
      "scale_label_min": "Sangat Tidak Setuju",
      "scale_label_max": "Sangat Setuju",
      "created_at": "2025-07-01T08:00:00Z",
      "updated_at": "2025-07-01T08:00:00Z"
    }
  },
  {
    "model": "pramlearnapp.arcsquestion",
    "pk": 20,
    "fields": {
      "questionnaire": 1,
      "text": "Secara keseluruhan, saya puas dengan pengetahuan dan keterampilan yang saya peroleh dari sesi pembelajaran ini.",
      "dimension": "satisfaction",
      "question_type": "likert_5",
      "order": 20,
      "is_required": true,
      "choice_a": null,
      "choice_b": null,
      "choice_c": null,
      "choice_d": null,
      "choice_e": null,
      "scale_min": 1,
      "scale_max": 5,
      "scale_label_min": "Sangat Tidak Setuju",
      "scale_label_max": "Sangat Setuju",
      "created_at": "2025-07-01T08:00:00Z",
      "updated_at": "2025-07-01T08:00:00Z"
    }
  }
]