[
    {
        "model": "pramlearnapp.role",
        "pk": 1,
        "fields": {
            "name": "Admin",
            "description": "Administrator with full access"
        }
    },
    {
        "model": "pramlearnapp.role",
        "pk": 2,
        "fields": {
            "name": "Teacher",
            "description": "Teacher with limited access"
        }
    },
    {
        "model": "pramlearnapp.role",
        "pk": 3,
        "fields": {
            "name": "Student",
            "description": "Student with view access"
        }
    },
    {
        "model": "pramlearnapp.customuser",
        "pk": 1,
        "fields": {
            "username": "admin1",
            "password": "pbkdf2_sha256$600000$dummy$dummy",
            "email": "admin1@pramlearn.com",
            "first_name": "Admin1",
            "last_name": "User",
            "role": 1,
            "is_staff": true,
            "is_superuser": true,
            "is_active": true,
            "is_online": false,
            "last_activity": null
        }
    },
    {
        "model": "pramlearnapp.customuser",
        "pk": 2,
        "fields": {
            "username": "admin2",
            "password": "pbkdf2_sha256$600000$dummy$dummy",
            "email": "admin2@pramlearn.com",
            "first_name": "Admin2",
            "last_name": "User",
            "role": 1,
            "is_staff": true,
            "is_superuser": true,
            "is_active": true,
            "is_online": false,
            "last_activity": null
        }
    },
    {
        "model": "pramlearnapp.customuser",
        "pk": 3,
        "fields": {
            "username": "teacher1",
            "password": "pbkdf2_sha256$600000$dummy$dummy",
            "email": "teacher1@pramlearn.com",
            "first_name": "Nicholas",
            "last_name": "Martinez",
            "role": 2,
            "is_staff": false,
            "is_superuser": false,
            "is_active": true,
            "is_online": false,
            "last_activity": null
        }
    },
    {
        "model": "pramlearnapp.customuser",
        "pk": 4,
        "fields": {
            "username": "teacher2",
            "password": "pbkdf2_sha256$600000$dummy$dummy",
            "email": "teacher2@pramlearn.com",
            "first_name": "David",
            "last_name": "Choi",
            "role": 2,
            "is_staff": false,
            "is_superuser": false,
            "is_active": true,
            "is_online": false,
            "last_activity": null
        }
    },
    {
        "model": "pramlearnapp.customuser",
        "pk": 5,
        "fields": {
            "username": "teacher3",
            "password": "pbkdf2_sha256$600000$dummy$dummy",
            "email": "teacher3@pramlearn.com",
            "first_name": "Carol",
            "last_name": "Diaz",
            "role": 2,
            "is_staff": false,
            "is_superuser": false,
            "is_active": true,
            "is_online": false,
            "last_activity": null
        }
    },
    {
        "model": "pramlearnapp.customuser",
        "pk": 6,
        "fields": {
            "username": "teacher4",
            "password": "pbkdf2_sha256$600000$dummy$dummy",
            "email": "teacher4@pramlearn.com",
            "first_name": "Megan",
            "last_name": "Peters",
            "role": 2,
            "is_staff": false,
            "is_superuser": false,
            "is_active": true,
            "is_online": false,
            "last_activity": null
        }
    },
    {
        "model": "pramlearnapp.customuser",
        "pk": 7,
        "fields": {
            "username": "teacher5",
            "password": "pbkdf2_sha256$600000$dummy$dummy",
            "email": "teacher5@pramlearn.com",
            "first_name": "Cristina",
            "last_name": "Bates",
            "role": 2,
            "is_staff": false,
            "is_superuser": false,
            "is_active": true,
            "is_online": false,
            "last_activity": null
        }
    },
    {
        "model": "pramlearnapp.customuser",
        "pk": 8,
        "fields": {
            "username": "teacher6",
            "password": "pbkdf2_sha256$600000$dummy$dummy",
            "email": "teacher6@pramlearn.com",
            "first_name": "Maria",
            "last_name": "Goodman",
            "role": 2,
            "is_staff": false,
            "is_superuser": false,
            "is_active": true,
            "is_online": false,
            "last_activity": null
        }
    },
    {
        "model": "pramlearnapp.customuser",
        "pk": 9,
        "fields": {
            "username": "teacher7",
            "password": "pbkdf2_sha256$600000$dummy$dummy",
            "email": "teacher7@pramlearn.com",
            "first_name": "Jeffery",
            "last_name": "Perez",
            "role": 2,
            "is_staff": false,
            "is_superuser": false,
            "is_active": true,
            "is_online": false,
            "last_activity": null
        }
    },
    {
        "model": "pramlearnapp.customuser",
        "pk": 10,
        "fields": {
            "username": "teacher8",
            "password": "pbkdf2_sha256$600000$dummy$dummy",
            "email": "teacher8@pramlearn.com",
            "first_name": "Jessica",
            "last_name": "Parker",
            "role": 2,
            "is_staff": false,
            "is_superuser": false,
            "is_active": true,
            "is_online": false,
            "last_activity": null
        }
    },
    {
        "model": "pramlearnapp.customuser",
        "pk": 11,
        "fields": {
            "username": "teacher9",
            "password": "pbkdf2_sha256$600000$dummy$dummy",
            "email": "teacher9@pramlearn.com",
            "first_name": "Jacqueline",
            "last_name": "Reynolds",
            "role": 2,
            "is_staff": false,
            "is_superuser": false,
            "is_active": true,
            "is_online": false,
            "last_activity": null
        }
    },
    {
        "model": "pramlearnapp.customuser",
        "pk": 12,
        "fields": {
            "username": "teacher10",
            "password": "pbkdf2_sha256$600000$dummy$dummy",
            "email": "teacher10@pramlearn.com",
            "first_name": "Terri",
            "last_name": "Howard",
            "role": 2,
            "is_staff": false,
            "is_superuser": false,
            "is_active": true,
            "is_online": false,
            "last_activity": null
        }
    },
    {
        "model": "pramlearnapp.customuser",
        "pk": 13,
        "fields": {
            "username": "student1",
            "password": "pbkdf2_sha256$600000$dummy$dummy",
            "email": "student1@pramlearn.com",
            "first_name": "Jason",
            "last_name": "Alexander",
            "role": 3,
            "is_staff": false,
            "is_superuser": false,
            "is_active": true,
            "is_online": false,
            "last_activity": null
        }
    },
    {
        "model": "pramlearnapp.customuser",
        "pk": 14,
        "fields": {
            "username": "student2",
            "password": "pbkdf2_sha256$600000$dummy$dummy",
            "email": "student2@pramlearn.com",
            "first_name": "Ryan",
            "last_name": "Lee",
            "role": 3,
            "is_staff": false,
            "is_superuser": false,
            "is_active": true,
            "is_online": false,
            "last_activity": null
        }
    },
    {
        "model": "pramlearnapp.customuser",
        "pk": 15,
        "fields": {
            "username": "student3",
            "password": "pbkdf2_sha256$600000$dummy$dummy",
            "email": "student3@pramlearn.com",
            "first_name": "April",
            "last_name": "Cochran",
            "role": 3,
            "is_staff": false,
            "is_superuser": false,
            "is_active": true,
            "is_online": false,
            "last_activity": null
        }
    },
    {
        "model": "pramlearnapp.customuser",
        "pk": 16,
        "fields": {
            "username": "student4",
            "password": "pbkdf2_sha256$600000$dummy$dummy",
            "email": "student4@pramlearn.com",
            "first_name": "Ian",
            "last_name": "Harris",
            "role": 3,
            "is_staff": false,
            "is_superuser": false,
            "is_active": true,
            "is_online": false,
            "last_activity": null
        }
    },
    {
        "model": "pramlearnapp.customuser",
        "pk": 17,
        "fields": {
            "username": "student5",
            "password": "pbkdf2_sha256$600000$dummy$dummy",
            "email": "student5@pramlearn.com",
            "first_name": "Alexis",
            "last_name": "Ramsey",
            "role": 3,
            "is_staff": false,
            "is_superuser": false,
            "is_active": true,
            "is_online": false,
            "last_activity": null
        }
    },
    {
        "model": "pramlearnapp.customuser",
        "pk": 18,
        "fields": {
            "username": "student6",
            "password": "pbkdf2_sha256$600000$dummy$dummy",
            "email": "student6@pramlearn.com",
            "first_name": "Samantha",
            "last_name": "Lynn",
            "role": 3,
            "is_staff": false,
            "is_superuser": false,
            "is_active": true,
            "is_online": false,
            "last_activity": null
        }
    },
    {
        "model": "pramlearnapp.customuser",
        "pk": 19,
        "fields": {
            "username": "student7",
            "password": "pbkdf2_sha256$600000$dummy$dummy",
            "email": "student7@pramlearn.com",
            "first_name": "Javier",
            "last_name": "Garcia",
            "role": 3,
            "is_staff": false,
            "is_superuser": false,
            "is_active": true,
            "is_online": false,
            "last_activity": null
        }
    },
    {
        "model": "pramlearnapp.customuser",
        "pk": 20,
        "fields": {
            "username": "student8",
            "password": "pbkdf2_sha256$600000$dummy$dummy",
            "email": "student8@pramlearn.com",
            "first_name": "Joseph",
            "last_name": "Mendez",
            "role": 3,
            "is_staff": false,
            "is_superuser": false,
            "is_active": true,
            "is_online": false,
            "last_activity": null
        }
    },
    {
        "model": "pramlearnapp.customuser",
        "pk": 21,
        "fields": {
            "username": "student9",
            "password": "pbkdf2_sha256$600000$dummy$dummy",
            "email": "student9@pramlearn.com",
            "first_name": "James",
            "last_name": "White",
            "role": 3,
            "is_staff": false,
            "is_superuser": false,
            "is_active": true,
            "is_online": false,
            "last_activity": null
        }
    },
    {
        "model": "pramlearnapp.customuser",
        "pk": 22,
        "fields": {
            "username": "student10",
            "password": "pbkdf2_sha256$600000$dummy$dummy",
            "email": "student10@pramlearn.com",
            "first_name": "Christopher",
            "last_name": "Anderson",
            "role": 3,
            "is_staff": false,
            "is_superuser": false,
            "is_active": true,
            "is_online": false,
            "last_activity": null
        }
    },
    {
        "model": "pramlearnapp.customuser",
        "pk": 23,
        "fields": {
            "username": "student11",
            "password": "pbkdf2_sha256$600000$dummy$dummy",
            "email": "student11@pramlearn.com",
            "first_name": "Robyn",
            "last_name": "Dominguez",
            "role": 3,
            "is_staff": false,
            "is_superuser": false,
            "is_active": true,
            "is_online": false,
            "last_activity": null
        }
    },
    {
        "model": "pramlearnapp.customuser",
        "pk": 24,
        "fields": {
            "username": "student12",
            "password": "pbkdf2_sha256$600000$dummy$dummy",
            "email": "student12@pramlearn.com",
            "first_name": "Pamela",
            "last_name": "Mccall",
            "role": 3,
            "is_staff": false,
            "is_superuser": false,
            "is_active": true,
            "is_online": false,
            "last_activity": null
        }
    },
    {
        "model": "pramlearnapp.customuser",
        "pk": 25,
        "fields": {
            "username": "student13",
            "password": "pbkdf2_sha256$600000$dummy$dummy",
            "email": "student13@pramlearn.com",
            "first_name": "Timothy",
            "last_name": "Nichols",
            "role": 3,
            "is_staff": false,
            "is_superuser": false,
            "is_active": true,
            "is_online": false,
            "last_activity": null
        }
    },
    {
        "model": "pramlearnapp.customuser",
        "pk": 26,
        "fields": {
            "username": "student14",
            "password": "pbkdf2_sha256$600000$dummy$dummy",
            "email": "student14@pramlearn.com",
            "first_name": "Debbie",
            "last_name": "Quinn",
            "role": 3,
            "is_staff": false,
            "is_superuser": false,
            "is_active": true,
            "is_online": false,
            "last_activity": null
        }
    },
    {
        "model": "pramlearnapp.customuser",
        "pk": 27,
        "fields": {
            "username": "student15",
            "password": "pbkdf2_sha256$600000$dummy$dummy",
            "email": "student15@pramlearn.com",
            "first_name": "Alec",
            "last_name": "Houston",
            "role": 3,
            "is_staff": false,
            "is_superuser": false,
            "is_active": true,
            "is_online": false,
            "last_activity": null
        }
    },
    {
        "model": "pramlearnapp.customuser",
        "pk": 28,
        "fields": {
            "username": "student16",
            "password": "pbkdf2_sha256$600000$dummy$dummy",
            "email": "student16@pramlearn.com",
            "first_name": "Julie",
            "last_name": "Johnson",
            "role": 3,
            "is_staff": false,
            "is_superuser": false,
            "is_active": true,
            "is_online": false,
            "last_activity": null
        }
    },
    {
        "model": "pramlearnapp.customuser",
        "pk": 29,
        "fields": {
            "username": "student17",
            "password": "pbkdf2_sha256$600000$dummy$dummy",
            "email": "student17@pramlearn.com",
            "first_name": "Amy",
            "last_name": "Bennett",
            "role": 3,
            "is_staff": false,
            "is_superuser": false,
            "is_active": true,
            "is_online": false,
            "last_activity": null
        }
    },
    {
        "model": "pramlearnapp.customuser",
        "pk": 30,
        "fields": {
            "username": "student18",
            "password": "pbkdf2_sha256$600000$dummy$dummy",
            "email": "student18@pramlearn.com",
            "first_name": "Brittany",
            "last_name": "Reynolds",
            "role": 3,
            "is_staff": false,
            "is_superuser": false,
            "is_active": true,
            "is_online": false,
            "last_activity": null
        }
    },
    {
        "model": "pramlearnapp.customuser",
        "pk": 31,
        "fields": {
            "username": "student19",
            "password": "pbkdf2_sha256$600000$dummy$dummy",
            "email": "student19@pramlearn.com",
            "first_name": "Ashley",
            "last_name": "Hughes",
            "role": 3,
            "is_staff": false,
            "is_superuser": false,
            "is_active": true,
            "is_online": false,
            "last_activity": null
        }
    },
    {
        "model": "pramlearnapp.customuser",
        "pk": 32,
        "fields": {
            "username": "student20",
            "password": "pbkdf2_sha256$600000$dummy$dummy",
            "email": "student20@pramlearn.com",
            "first_name": "Ronald",
            "last_name": "Gregory",
            "role": 3,
            "is_staff": false,
            "is_superuser": false,
            "is_active": true,
            "is_online": false,
            "last_activity": null
        }
    },
    {
        "model": "pramlearnapp.customuser",
        "pk": 33,
        "fields": {
            "username": "student21",
            "password": "pbkdf2_sha256$600000$dummy$dummy",
            "email": "student21@pramlearn.com",
            "first_name": "Mary",
            "last_name": "Tucker",
            "role": 3,
            "is_staff": false,
            "is_superuser": false,
            "is_active": true,
            "is_online": false,
            "last_activity": null
        }
    },
    {
        "model": "pramlearnapp.customuser",
        "pk": 34,
        "fields": {
            "username": "student22",
            "password": "pbkdf2_sha256$600000$dummy$dummy",
            "email": "student22@pramlearn.com",
            "first_name": "Amanda",
            "last_name": "Ray",
            "role": 3,
            "is_staff": false,
            "is_superuser": false,
            "is_active": true,
            "is_online": false,
            "last_activity": null
        }
    },
    {
        "model": "pramlearnapp.customuser",
        "pk": 35,
        "fields": {
            "username": "student23",
            "password": "pbkdf2_sha256$600000$dummy$dummy",
            "email": "student23@pramlearn.com",
            "first_name": "Kathleen",
            "last_name": "Daniel",
            "role": 3,
            "is_staff": false,
            "is_superuser": false,
            "is_active": true,
            "is_online": false,
            "last_activity": null
        }
    },
    {
        "model": "pramlearnapp.customuser",
        "pk": 36,
        "fields": {
            "username": "student24",
            "password": "pbkdf2_sha256$600000$dummy$dummy",
            "email": "student24@pramlearn.com",
            "first_name": "Sean",
            "last_name": "Cain",
            "role": 3,
            "is_staff": false,
            "is_superuser": false,
            "is_active": true,
            "is_online": false,
            "last_activity": null
        }
    },
    {
        "model": "pramlearnapp.customuser",
        "pk": 37,
        "fields": {
            "username": "student25",
            "password": "pbkdf2_sha256$600000$dummy$dummy",
            "email": "student25@pramlearn.com",
            "first_name": "Dwayne",
            "last_name": "Hernandez",
            "role": 3,
            "is_staff": false,
            "is_superuser": false,
            "is_active": true,
            "is_online": false,
            "last_activity": null
        }
    },
    {
        "model": "pramlearnapp.customuser",
        "pk": 38,
        "fields": {
            "username": "student26",
            "password": "pbkdf2_sha256$600000$dummy$dummy",
            "email": "student26@pramlearn.com",
            "first_name": "Sara",
            "last_name": "Webster",
            "role": 3,
            "is_staff": false,
            "is_superuser": false,
            "is_active": true,
            "is_online": false,
            "last_activity": null
        }
    },
    {
        "model": "pramlearnapp.customuser",
        "pk": 39,
        "fields": {
            "username": "student27",
            "password": "pbkdf2_sha256$600000$dummy$dummy",
            "email": "student27@pramlearn.com",
            "first_name": "Mackenzie",
            "last_name": "Stewart",
            "role": 3,
            "is_staff": false,
            "is_superuser": false,
            "is_active": true,
            "is_online": false,
            "last_activity": null
        }
    },
    {
        "model": "pramlearnapp.customuser",
        "pk": 40,
        "fields": {
            "username": "student28",
            "password": "pbkdf2_sha256$600000$dummy$dummy",
            "email": "student28@pramlearn.com",
            "first_name": "Brianna",
            "last_name": "Brown",
            "role": 3,
            "is_staff": false,
            "is_superuser": false,
            "is_active": true,
            "is_online": false,
            "last_activity": null
        }
    },
    {
        "model": "pramlearnapp.customuser",
        "pk": 41,
        "fields": {
            "username": "student29",
            "password": "pbkdf2_sha256$600000$dummy$dummy",
            "email": "student29@pramlearn.com",
            "first_name": "Pamela",
            "last_name": "Flores",
            "role": 3,
            "is_staff": false,
            "is_superuser": false,
            "is_active": true,
            "is_online": false,
            "last_activity": null
        }
    },
    {
        "model": "pramlearnapp.customuser",
        "pk": 42,
        "fields": {
            "username": "student30",
            "password": "pbkdf2_sha256$600000$dummy$dummy",
            "email": "student30@pramlearn.com",
            "first_name": "Catherine",
            "last_name": "Callahan",
            "role": 3,
            "is_staff": false,
            "is_superuser": false,
            "is_active": true,
            "is_online": false,
            "last_activity": null
        }
    },
    {
        "model": "pramlearnapp.customuser",
        "pk": 43,
        "fields": {
            "username": "student31",
            "password": "pbkdf2_sha256$600000$dummy$dummy",
            "email": "student31@pramlearn.com",
            "first_name": "Clinton",
            "last_name": "Castro",
            "role": 3,
            "is_staff": false,
            "is_superuser": false,
            "is_active": true,
            "is_online": false,
            "last_activity": null
        }
    },
    {
        "model": "pramlearnapp.customuser",
        "pk": 44,
        "fields": {
            "username": "student32",
            "password": "pbkdf2_sha256$600000$dummy$dummy",
            "email": "student32@pramlearn.com",
            "first_name": "Stacy",
            "last_name": "Webb",
            "role": 3,
            "is_staff": false,
            "is_superuser": false,
            "is_active": true,
            "is_online": false,
            "last_activity": null
        }
    },
    {
        "model": "pramlearnapp.customuser",
        "pk": 45,
        "fields": {
            "username": "student33",
            "password": "pbkdf2_sha256$600000$dummy$dummy",
            "email": "student33@pramlearn.com",
            "first_name": "Kayla",
            "last_name": "King",
            "role": 3,
            "is_staff": false,
            "is_superuser": false,
            "is_active": true,
            "is_online": false,
            "last_activity": null
        }
    },
    {
        "model": "pramlearnapp.customuser",
        "pk": 46,
        "fields": {
            "username": "student34",
            "password": "pbkdf2_sha256$600000$dummy$dummy",
            "email": "student34@pramlearn.com",
            "first_name": "James",
            "last_name": "Figueroa",
            "role": 3,
            "is_staff": false,
            "is_superuser": false,
            "is_active": true,
            "is_online": false,
            "last_activity": null
        }
    },
    {
        "model": "pramlearnapp.customuser",
        "pk": 47,
        "fields": {
            "username": "student35",
            "password": "pbkdf2_sha256$600000$dummy$dummy",
            "email": "student35@pramlearn.com",
            "first_name": "Douglas",
            "last_name": "Burke",
            "role": 3,
            "is_staff": false,
            "is_superuser": false,
            "is_active": true,
            "is_online": false,
            "last_activity": null
        }
    },
    {
        "model": "pramlearnapp.customuser",
        "pk": 48,
        "fields": {
            "username": "student36",
            "password": "pbkdf2_sha256$600000$dummy$dummy",
            "email": "student36@pramlearn.com",
            "first_name": "Jesse",
            "last_name": "Rogers",
            "role": 3,
            "is_staff": false,
            "is_superuser": false,
            "is_active": true,
            "is_online": false,
            "last_activity": null
        }
    },
    {
        "model": "pramlearnapp.customuser",
        "pk": 49,
        "fields": {
            "username": "student37",
            "password": "pbkdf2_sha256$600000$dummy$dummy",
            "email": "student37@pramlearn.com",
            "first_name": "Victoria",
            "last_name": "Howell",
            "role": 3,
            "is_staff": false,
            "is_superuser": false,
            "is_active": true,
            "is_online": false,
            "last_activity": null
        }
    },
    {
        "model": "pramlearnapp.customuser",
        "pk": 50,
        "fields": {
            "username": "student38",
            "password": "pbkdf2_sha256$600000$dummy$dummy",
            "email": "student38@pramlearn.com",
            "first_name": "Matthew",
            "last_name": "Snyder",
            "role": 3,
            "is_staff": false,
            "is_superuser": false,
            "is_active": true,
            "is_online": false,
            "last_activity": null
        }
    },
    {
        "model": "pramlearnapp.customuser",
        "pk": 51,
        "fields": {
            "username": "student39",
            "password": "pbkdf2_sha256$600000$dummy$dummy",
            "email": "student39@pramlearn.com",
            "first_name": "Brooke",
            "last_name": "Perez",
            "role": 3,
            "is_staff": false,
            "is_superuser": false,
            "is_active": true,
            "is_online": false,
            "last_activity": null
        }
    },
    {
        "model": "pramlearnapp.customuser",
        "pk": 52,
        "fields": {
            "username": "student40",
            "password": "pbkdf2_sha256$600000$dummy$dummy",
            "email": "student40@pramlearn.com",
            "first_name": "Lindsay",
            "last_name": "Ingram",
            "role": 3,
            "is_staff": false,
            "is_superuser": false,
            "is_active": true,
            "is_online": false,
            "last_activity": null
        }
    },
    {
        "model": "pramlearnapp.customuser",
        "pk": 53,
        "fields": {
            "username": "student41",
            "password": "pbkdf2_sha256$600000$dummy$dummy",
            "email": "student41@pramlearn.com",
            "first_name": "Earl",
            "last_name": "Maddox",
            "role": 3,
            "is_staff": false,
            "is_superuser": false,
            "is_active": true,
            "is_online": false,
            "last_activity": null
        }
    },
    {
        "model": "pramlearnapp.customuser",
        "pk": 54,
        "fields": {
            "username": "student42",
            "password": "pbkdf2_sha256$600000$dummy$dummy",
            "email": "student42@pramlearn.com",
            "first_name": "Sarah",
            "last_name": "Stuart",
            "role": 3,
            "is_staff": false,
            "is_superuser": false,
            "is_active": true,
            "is_online": false,
            "last_activity": null
        }
    },
    {
        "model": "pramlearnapp.customuser",
        "pk": 55,
        "fields": {
            "username": "student43",
            "password": "pbkdf2_sha256$600000$dummy$dummy",
            "email": "student43@pramlearn.com",
            "first_name": "Julia",
            "last_name": "Doyle",
            "role": 3,
            "is_staff": false,
            "is_superuser": false,
            "is_active": true,
            "is_online": false,
            "last_activity": null
        }
    },
    {
        "model": "pramlearnapp.customuser",
        "pk": 56,
        "fields": {
            "username": "student44",
            "password": "pbkdf2_sha256$600000$dummy$dummy",
            "email": "student44@pramlearn.com",
            "first_name": "Michael",
            "last_name": "Waller",
            "role": 3,
            "is_staff": false,
            "is_superuser": false,
            "is_active": true,
            "is_online": false,
            "last_activity": null
        }
    },
    {
        "model": "pramlearnapp.customuser",
        "pk": 57,
        "fields": {
            "username": "student45",
            "password": "pbkdf2_sha256$600000$dummy$dummy",
            "email": "student45@pramlearn.com",
            "first_name": "Jeremy",
            "last_name": "Peterson",
            "role": 3,
            "is_staff": false,
            "is_superuser": false,
            "is_active": true,
            "is_online": false,
            "last_activity": null
        }
    },
    {
        "model": "pramlearnapp.customuser",
        "pk": 58,
        "fields": {
            "username": "student46",
            "password": "pbkdf2_sha256$600000$dummy$dummy",
            "email": "student46@pramlearn.com",
            "first_name": "Michelle",
            "last_name": "Stewart",
            "role": 3,
            "is_staff": false,
            "is_superuser": false,
            "is_active": true,
            "is_online": false,
            "last_activity": null
        }
    },
    {
        "model": "pramlearnapp.customuser",
        "pk": 59,
        "fields": {
            "username": "student47",
            "password": "pbkdf2_sha256$600000$dummy$dummy",
            "email": "student47@pramlearn.com",
            "first_name": "Patricia",
            "last_name": "Gonzalez",
            "role": 3,
            "is_staff": false,
            "is_superuser": false,
            "is_active": true,
            "is_online": false,
            "last_activity": null
        }
    },
    {
        "model": "pramlearnapp.customuser",
        "pk": 60,
        "fields": {
            "username": "student48",
            "password": "pbkdf2_sha256$600000$dummy$dummy",
            "email": "student48@pramlearn.com",
            "first_name": "Steven",
            "last_name": "Buck",
            "role": 3,
            "is_staff": false,
            "is_superuser": false,
            "is_active": true,
            "is_online": false,
            "last_activity": null
        }
    },
    {
        "model": "pramlearnapp.customuser",
        "pk": 61,
        "fields": {
            "username": "student49",
            "password": "pbkdf2_sha256$600000$dummy$dummy",
            "email": "student49@pramlearn.com",
            "first_name": "Lee",
            "last_name": "Kirk",
            "role": 3,
            "is_staff": false,
            "is_superuser": false,
            "is_active": true,
            "is_online": false,
            "last_activity": null
        }
    },
    {
        "model": "pramlearnapp.customuser",
        "pk": 62,
        "fields": {
            "username": "student50",
            "password": "pbkdf2_sha256$600000$dummy$dummy",
            "email": "student50@pramlearn.com",
            "first_name": "Tonya",
            "last_name": "Howard",
            "role": 3,
            "is_staff": false,
            "is_superuser": false,
            "is_active": true,
            "is_online": false,
            "last_activity": null
        }
    },
    {
        "model": "pramlearnapp.class",
        "pk": 1,
        "fields": {
            "name": "Kelas 1",
            "slug": "kelas-1"
        }
    },
    {
        "model": "pramlearnapp.class",
        "pk": 2,
        "fields": {
            "name": "Kelas 2",
            "slug": "kelas-2"
        }
    },
    {
        "model": "pramlearnapp.class",
        "pk": 3,
        "fields": {
            "name": "Kelas 3",
            "slug": "kelas-3"
        }
    },
    {
        "model": "pramlearnapp.class",
        "pk": 4,
        "fields": {
            "name": "Kelas 4",
            "slug": "kelas-4"
        }
    },
    {
        "model": "pramlearnapp.class",
        "pk": 5,
        "fields": {
            "name": "Kelas 5",
            "slug": "kelas-5"
        }
    },
    {
        "model": "pramlearnapp.class",
        "pk": 6,
        "fields": {
            "name": "Kelas 6",
            "slug": "kelas-6"
        }
    },
    {
        "model": "pramlearnapp.class",
        "pk": 7,
        "fields": {
            "name": "Kelas 7",
            "slug": "kelas-7"
        }
    },
    {
        "model": "pramlearnapp.class",
        "pk": 8,
        "fields": {
            "name": "Kelas 8",
            "slug": "kelas-8"
        }
    },
    {
        "model": "pramlearnapp.subject",
        "pk": 1,
        "fields": {
            "name": "Matematika",
            "slug": "matematika",
            "subject_class": null
        }
    },
    {
        "model": "pramlearnapp.subject",
        "pk": 2,
        "fields": {
            "name": "Bahasa Indonesia",
            "slug": "bahasa-indonesia",
            "subject_class": null
        }
    },
    {
        "model": "pramlearnapp.subject",
        "pk": 3,
        "fields": {
            "name": "Bahasa Inggris",
            "slug": "bahasa-inggris",
            "subject_class": null
        }
    },
    {
        "model": "pramlearnapp.subject",
        "pk": 4,
        "fields": {
            "name": "IPA",
            "slug": "ipa",
            "subject_class": null
        }
    },
    {
        "model": "pramlearnapp.subject",
        "pk": 5,
        "fields": {
            "name": "IPS",
            "slug": "ips",
            "subject_class": null
        }
    },
    {
        "model": "pramlearnapp.subject",
        "pk": 6,
        "fields": {
            "name": "Pendidikan Agama",
            "slug": "pendidikan-agama",
            "subject_class": null
        }
    },
    {
        "model": "pramlearnapp.subject",
        "pk": 7,
        "fields": {
            "name": "PPKN",
            "slug": "ppkn",
            "subject_class": null
        }
    },
    {
        "model": "pramlearnapp.subject",
        "pk": 8,
        "fields": {
            "name": "Seni Budaya",
            "slug": "seni-budaya",
            "subject_class": null
        }
    },
    {
        "model": "pramlearnapp.subject",
        "pk": 9,
        "fields": {
            "name": "Penjaskes",
            "slug": "penjaskes",
            "subject_class": null
        }
    },
    {
        "model": "pramlearnapp.subject",
        "pk": 10,
        "fields": {
            "name": "Prakarya",
            "slug": "prakarya",
            "subject_class": null
        }
    },
    {
        "model": "pramlearnapp.subject",
        "pk": 11,
        "fields": {
            "name": "Fisika",
            "slug": "fisika",
            "subject_class": null
        }
    },
    {
        "model": "pramlearnapp.subject",
        "pk": 12,
        "fields": {
            "name": "Kimia",
            "slug": "kimia",
            "subject_class": null
        }
    },
    {
        "model": "pramlearnapp.subject",
        "pk": 13,
        "fields": {
            "name": "Biologi",
            "slug": "biologi",
            "subject_class": null
        }
    },
    {
        "model": "pramlearnapp.subject",
        "pk": 14,
        "fields": {
            "name": "Sejarah",
            "slug": "sejarah",
            "subject_class": null
        }
    },
    {
        "model": "pramlearnapp.subject",
        "pk": 15,
        "fields": {
            "name": "Geografi",
            "slug": "geografi",
            "subject_class": null
        }
    },
    {
        "model": "pramlearnapp.subject",
        "pk": 16,
        "fields": {
            "name": "Ekonomi",
            "slug": "ekonomi",
            "subject_class": null
        }
    },
    {
        "model": "pramlearnapp.subject",
        "pk": 17,
        "fields": {
            "name": "Sosiologi",
            "slug": "sosiologi",
            "subject_class": null
        }
    },
    {
        "model": "pramlearnapp.subject",
        "pk": 18,
        "fields": {
            "name": "Antropologi",
            "slug": "antropologi",
            "subject_class": null
        }
    },
    {
        "model": "pramlearnapp.subject",
        "pk": 19,
        "fields": {
            "name": "Psikologi",
            "slug": "psikologi",
            "subject_class": null
        }
    },
    {
        "model": "pramlearnapp.subject",
        "pk": 20,
        "fields": {
            "name": "Informatika",
            "slug": "informatika",
            "subject_class": null
        }
    },
    {
        "model": "pramlearnapp.subjectclass",
        "pk": 1,
        "fields": {
            "teacher": 9,
            "class_id": 6,
            "subject": 6
        }
    },
    {
        "model": "pramlearnapp.subjectclass",
        "pk": 2,
        "fields": {
            "teacher": 7,
            "class_id": 1,
            "subject": 13
        }
    },
    {
        "model": "pramlearnapp.subjectclass",
        "pk": 3,
        "fields": {
            "teacher": 7,
            "class_id": 4,
            "subject": 9
        }
    },
    {
        "model": "pramlearnapp.subjectclass",
        "pk": 4,
        "fields": {
            "teacher": 15,
            "class_id": 6,
            "subject": 3
        }
    },
    {
        "model": "pramlearnapp.subjectclass",
        "pk": 5,
        "fields": {
            "teacher": 11,
            "class_id": 8,
            "subject": 4
        }
    },
    {
        "model": "pramlearnapp.subjectclass",
        "pk": 6,
        "fields": {
            "teacher": 14,
            "class_id": 3,
            "subject": 14
        }
    },
    {
        "model": "pramlearnapp.subjectclass",
        "pk": 7,
        "fields": {
            "teacher": 14,
            "class_id": 3,
            "subject": 6
        }
    },
    {
        "model": "pramlearnapp.subjectclass",
        "pk": 8,
        "fields": {
            "teacher": 11,
            "class_id": 7,
            "subject": 18
        }
    },
    {
        "model": "pramlearnapp.subjectclass",
        "pk": 9,
        "fields": {
            "teacher": 9,
            "class_id": 8,
            "subject": 11
        }
    },
    {
        "model": "pramlearnapp.subjectclass",
        "pk": 10,
        "fields": {
            "teacher": 13,
            "class_id": 2,
            "subject": 6
        }
    },
    {
        "model": "pramlearnapp.subjectclass",
        "pk": 11,
        "fields": {
            "teacher": 9,
            "class_id": 1,
            "subject": 16
        }
    },
    {
        "model": "pramlearnapp.subjectclass",
        "pk": 12,
        "fields": {
            "teacher": 7,
            "class_id": 2,
            "subject": 10
        }
    },
    {
        "model": "pramlearnapp.subjectclass",
        "pk": 13,
        "fields": {
            "teacher": 12,
            "class_id": 7,
            "subject": 13
        }
    },
    {
        "model": "pramlearnapp.subjectclass",
        "pk": 14,
        "fields": {
            "teacher": 14,
            "class_id": 7,
            "subject": 5
        }
    },
    {
        "model": "pramlearnapp.subjectclass",
        "pk": 15,
        "fields": {
            "teacher": 15,
            "class_id": 3,
            "subject": 14
        }
    },
    {
        "model": "pramlearnapp.classstudent",
        "pk": 1,
        "fields": {
            "student": 52,
            "class_id": 1
        }
    },
    {
        "model": "pramlearnapp.classstudent",
        "pk": 2,
        "fields": {
            "student": 51,
            "class_id": 5
        }
    },
    {
        "model": "pramlearnapp.classstudent",
        "pk": 3,
        "fields": {
            "student": 34,
            "class_id": 2
        }
    },
    {
        "model": "pramlearnapp.classstudent",
        "pk": 4,
        "fields": {
            "student": 30,
            "class_id": 6
        }
    },
    {
        "model": "pramlearnapp.classstudent",
        "pk": 5,
        "fields": {
            "student": 56,
            "class_id": 6
        }
    },
    {
        "model": "pramlearnapp.classstudent",
        "pk": 6,
        "fields": {
            "student": 38,
            "class_id": 3
        }
    },
    {
        "model": "pramlearnapp.classstudent",
        "pk": 7,
        "fields": {
            "student": 35,
            "class_id": 7
        }
    },
    {
        "model": "pramlearnapp.classstudent",
        "pk": 8,
        "fields": {
            "student": 27,
            "class_id": 1
        }
    },
    {
        "model": "pramlearnapp.classstudent",
        "pk": 9,
        "fields": {
            "student": 20,
            "class_id": 5
        }
    },
    {
        "model": "pramlearnapp.classstudent",
        "pk": 10,
        "fields": {
            "student": 41,
            "class_id": 8
        }
    },
    {
        "model": "pramlearnapp.classstudent",
        "pk": 11,
        "fields": {
            "student": 14,
            "class_id": 4
        }
    },
    {
        "model": "pramlearnapp.classstudent",
        "pk": 12,
        "fields": {
            "student": 60,
            "class_id": 5
        }
    },
    {
        "model": "pramlearnapp.classstudent",
        "pk": 13,
        "fields": {
            "student": 28,
            "class_id": 7
        }
    },
    {
        "model": "pramlearnapp.classstudent",
        "pk": 14,
        "fields": {
            "student": 18,
            "class_id": 8
        }
    },
    {
        "model": "pramlearnapp.classstudent",
        "pk": 15,
        "fields": {
            "student": 59,
            "class_id": 1
        }
    },
    {
        "model": "pramlearnapp.classstudent",
        "pk": 16,
        "fields": {
            "student": 53,
            "class_id": 1
        }
    },
    {
        "model": "pramlearnapp.classstudent",
        "pk": 17,
        "fields": {
            "student": 24,
            "class_id": 1
        }
    },
    {
        "model": "pramlearnapp.classstudent",
        "pk": 18,
        "fields": {
            "student": 31,
            "class_id": 5
        }
    },
    {
        "model": "pramlearnapp.classstudent",
        "pk": 19,
        "fields": {
            "student": 37,
            "class_id": 6
        }
    },
    {
        "model": "pramlearnapp.classstudent",
        "pk": 20,
        "fields": {
            "student": 39,
            "class_id": 5
        }
    },
    {
        "model": "pramlearnapp.classstudent",
        "pk": 21,
        "fields": {
            "student": 44,
            "class_id": 5
        }
    },
    {
        "model": "pramlearnapp.classstudent",
        "pk": 22,
        "fields": {
            "student": 47,
            "class_id": 2
        }
    },
    {
        "model": "pramlearnapp.classstudent",
        "pk": 23,
        "fields": {
            "student": 26,
            "class_id": 6
        }
    },
    {
        "model": "pramlearnapp.classstudent",
        "pk": 24,
        "fields": {
            "student": 54,
            "class_id": 4
        }
    },
    {
        "model": "pramlearnapp.classstudent",
        "pk": 25,
        "fields": {
            "student": 19,
            "class_id": 8
        }
    },
    {
        "model": "pramlearnapp.classstudent",
        "pk": 26,
        "fields": {
            "student": 46,
            "class_id": 2
        }
    },
    {
        "model": "pramlearnapp.classstudent",
        "pk": 27,
        "fields": {
            "student": 15,
            "class_id": 1
        }
    },
    {
        "model": "pramlearnapp.classstudent",
        "pk": 28,
        "fields": {
            "student": 29,
            "class_id": 2
        }
    },
    {
        "model": "pramlearnapp.classstudent",
        "pk": 29,
        "fields": {
            "student": 48,
            "class_id": 8
        }
    },
    {
        "model": "pramlearnapp.classstudent",
        "pk": 30,
        "fields": {
            "student": 62,
            "class_id": 1
        }
    },
    {
        "model": "pramlearnapp.classstudent",
        "pk": 31,
        "fields": {
            "student": 40,
            "class_id": 5
        }
    },
    {
        "model": "pramlearnapp.classstudent",
        "pk": 32,
        "fields": {
            "student": 13,
            "class_id": 1
        }
    },
    {
        "model": "pramlearnapp.classstudent",
        "pk": 33,
        "fields": {
            "student": 58,
            "class_id": 4
        }
    },
    {
        "model": "pramlearnapp.classstudent",
        "pk": 34,
        "fields": {
            "student": 16,
            "class_id": 4
        }
    },
    {
        "model": "pramlearnapp.classstudent",
        "pk": 35,
        "fields": {
            "student": 61,
            "class_id": 8
        }
    },
    {
        "model": "pramlearnapp.classstudent",
        "pk": 36,
        "fields": {
            "student": 32,
            "class_id": 5
        }
    },
    {
        "model": "pramlearnapp.classstudent",
        "pk": 37,
        "fields": {
            "student": 55,
            "class_id": 8
        }
    },
    {
        "model": "pramlearnapp.classstudent",
        "pk": 38,
        "fields": {
            "student": 22,
            "class_id": 4
        }
    },
    {
        "model": "pramlearnapp.classstudent",
        "pk": 39,
        "fields": {
            "student": 25,
            "class_id": 1
        }
    },
    {
        "model": "pramlearnapp.classstudent",
        "pk": 40,
        "fields": {
            "student": 57,
            "class_id": 4
        }
    },
    {
        "model": "pramlearnapp.classstudent",
        "pk": 41,
        "fields": {
            "student": 45,
            "class_id": 8
        }
    },
    {
        "model": "pramlearnapp.classstudent",
        "pk": 42,
        "fields": {
            "student": 49,
            "class_id": 8
        }
    },
    {
        "model": "pramlearnapp.classstudent",
        "pk": 43,
        "fields": {
            "student": 33,
            "class_id": 3
        }
    },
    {
        "model": "pramlearnapp.classstudent",
        "pk": 44,
        "fields": {
            "student": 42,
            "class_id": 2
        }
    },
    {
        "model": "pramlearnapp.classstudent",
        "pk": 45,
        "fields": {
            "student": 21,
            "class_id": 8
        }
    },
    {
        "model": "pramlearnapp.classstudent",
        "pk": 46,
        "fields": {
            "student": 23,
            "class_id": 8
        }
    },
    {
        "model": "pramlearnapp.classstudent",
        "pk": 47,
        "fields": {
            "student": 50,
            "class_id": 2
        }
    },
    {
        "model": "pramlearnapp.classstudent",
        "pk": 48,
        "fields": {
            "student": 17,
            "class_id": 7
        }
    },
    {
        "model": "pramlearnapp.classstudent",
        "pk": 49,
        "fields": {
            "student": 36,
            "class_id": 2
        }
    },
    {
        "model": "pramlearnapp.classstudent",
        "pk": 50,
        "fields": {
            "student": 43,
            "class_id": 7
        }
    }
]