[
  {
    "model": "pramlearnapp.role",
    "pk": 1,
    "fields": {
      "name": "Admin",
      "description": "Administrator with full access"
    }
  },
  {
    "model": "pramlearnapp.role",
    "pk": 2,
    "fields": {
      "name": "Teacher",
      "description": "Teacher with limited access"
    }
  },
  {
    "model": "pramlearnapp.role",
    "pk": 3,
    "fields": {
      "name": "Student",
      "description": "Student with view access"
    }
  },
  {
    "model": "pramlearnapp.customuser",
    "pk": 1,
    "fields": {
      "username": "admin1",
      "password": "pbkdf2_sha256$600000$dummy$dummy",
      "email": "admin@pramlearn.com",
      "first_name": "Administrator",
      "last_name": "System",
      "role": 1,
      "is_staff": true,
      "is_superuser": true,
      "is_active": true,
      "is_online": false,
      "last_activity": null
    }
  },
  {
    "model": "pramlearnapp.customuser",
    "pk": 2,
    "fields": {
      "username": "teacher1",
      "password": "pbkdf2_sha256$600000$dummy$dummy",
      "email": "teacher1@pramlearn.com",
      "first_name": "Budi",
      "last_name": "Santoso",
      "role": 2,
      "is_staff": false,
      "is_superuser": false,
      "is_active": true,
      "is_online": false,
      "last_activity": null
    }
  },
  {
    "model": "pramlearnapp.customuser",
    "pk": 3,
    "fields": {
      "username": "student1",
      "password": "pbkdf2_sha256$600000$dummy$dummy",
      "email": "student1@pramlearn.com",
      "first_name": "Ahmad",
      "last_name": "Rizki",
      "role": 3,
      "is_staff": false,
      "is_superuser": false,
      "is_active": true,
      "is_online": false,
      "last_activity": null
    }
  },
  {
    "model": "pramlearnapp.customuser",
    "pk": 4,
    "fields": {
      "username": "student2",
      "password": "pbkdf2_sha256$600000$dummy$dummy",
      "email": "student2@pramlearn.com",
      "first_name": "Siti",
      "last_name": "Nurhaliza",
      "role": 3,
      "is_staff": false,
      "is_superuser": false,
      "is_active": true,
      "is_online": false,
      "last_activity": null
    }
  },
  {
    "model": "pramlearnapp.customuser",
    "pk": 5,
    "fields": {
      "username": "student3",
      "password": "pbkdf2_sha256$600000$dummy$dummy",
      "email": "student3@pramlearn.com",
      "first_name": "Budi",
      "last_name": "Permana",
      "role": 3,
      "is_staff": false,
      "is_superuser": false,
      "is_active": true,
      "is_online": false,
      "last_activity": null
    }
  },
  {
    "model": "pramlearnapp.customuser",
    "pk": 6,
    "fields": {
      "username": "student4",
      "password": "pbkdf2_sha256$600000$dummy$dummy",
      "email": "student4@pramlearn.com",
      "first_name": "Dewi",
      "last_name": "Sartika",
      "role": 3,
      "is_staff": false,
      "is_superuser": false,
      "is_active": true,
      "is_online": false,
      "last_activity": null
    }
  },
  {
    "model": "pramlearnapp.customuser",
    "pk": 7,
    "fields": {
      "username": "student5",
      "password": "pbkdf2_sha256$600000$dummy$dummy",
      "email": "student5@pramlearn.com",
      "first_name": "Andi",
      "last_name": "Pratama",
      "role": 3,
      "is_staff": false,
      "is_superuser": false,
      "is_active": true,
      "is_online": false,
      "last_activity": null
    }
  },
  {
    "model": "pramlearnapp.customuser",
    "pk": 8,
    "fields": {
      "username": "student6",
      "password": "pbkdf2_sha256$600000$dummy$dummy",
      "email": "student6@pramlearn.com",
      "first_name": "Rina",
      "last_name": "Susanti",
      "role": 3,
      "is_staff": false,
      "is_superuser": false,
      "is_active": true,
      "is_online": false,
      "last_activity": null
    }
  },
  {
    "model": "pramlearnapp.customuser",
    "pk": 9,
    "fields": {
      "username": "student7",
      "password": "pbkdf2_sha256$600000$dummy$dummy",
      "email": "student7@pramlearn.com",
      "first_name": "Doni",
      "last_name": "Setiawan",
      "role": 3,
      "is_staff": false,
      "is_superuser": false,
      "is_active": true,
      "is_online": false,
      "last_activity": null
    }
  },
  {
    "model": "pramlearnapp.customuser",
    "pk": 10,
    "fields": {
      "username": "student8",
      "password": "pbkdf2_sha256$600000$dummy$dummy",
      "email": "student8@pramlearn.com",
      "first_name": "Maya",
      "last_name": "Putri",
      "role": 3,
      "is_staff": false,
      "is_superuser": false,
      "is_active": true,
      "is_online": false,
      "last_activity": null
    }
  },
  {
    "model": "pramlearnapp.customuser",
    "pk": 11,
    "fields": {
      "username": "student9",
      "password": "pbkdf2_sha256$600000$dummy$dummy",
      "email": "student9@pramlearn.com",
      "first_name": "Eko",
      "last_name": "Saputra",
      "role": 3,
      "is_staff": false,
      "is_superuser": false,
      "is_active": true,
      "is_online": false,
      "last_activity": null
    }
  },
  {
    "model": "pramlearnapp.customuser",
    "pk": 12,
    "fields": {
      "username": "student10",
      "password": "pbkdf2_sha256$600000$dummy$dummy",
      "email": "student10@pramlearn.com",
      "first_name": "Lina",
      "last_name": "Wati",
      "role": 3,
      "is_staff": false,
      "is_superuser": false,
      "is_active": true,
      "is_online": false,
      "last_activity": null
    }
  },
  {
    "model": "pramlearnapp.customuser",
    "pk": 13,
    "fields": {
      "username": "student11",
      "password": "pbkdf2_sha256$600000$dummy$dummy",
      "email": "student11@pramlearn.com",
      "first_name": "Rudi",
      "last_name": "Hartono",
      "role": 3,
      "is_staff": false,
      "is_superuser": false,
      "is_active": true,
      "is_online": false,
      "last_activity": null
    }
  },
  {
    "model": "pramlearnapp.customuser",
    "pk": 14,
    "fields": {
      "username": "student12",
      "password": "pbkdf2_sha256$600000$dummy$dummy",
      "email": "student12@pramlearn.com",
      "first_name": "Sari",
      "last_name": "Indah",
      "role": 3,
      "is_staff": false,
      "is_superuser": false,
      "is_active": true,
      "is_online": false,
      "last_activity": null
    }
  },
  {
    "model": "pramlearnapp.customuser",
    "pk": 15,
    "fields": {
      "username": "student13",
      "password": "pbkdf2_sha256$600000$dummy$dummy",
      "email": "student13@pramlearn.com",
      "first_name": "Joko",
      "last_name": "Widodo",
      "role": 3,
      "is_staff": false,
      "is_superuser": false,
      "is_active": true,
      "is_online": false,
      "last_activity": null
    }
  },
  {
    "model": "pramlearnapp.customuser",
    "pk": 16,
    "fields": {
      "username": "student14",
      "password": "pbkdf2_sha256$600000$dummy$dummy",
      "email": "student14@pramlearn.com",
      "first_name": "Fitri",
      "last_name": "Rahayu",
      "role": 3,
      "is_staff": false,
      "is_superuser": false,
      "is_active": true,
      "is_online": false,
      "last_activity": null
    }
  },
  {
    "model": "pramlearnapp.customuser",
    "pk": 17,
    "fields": {
      "username": "student15",
      "password": "pbkdf2_sha256$600000$dummy$dummy",
      "email": "student15@pramlearn.com",
      "first_name": "Agus",
      "last_name": "Salim",
      "role": 3,
      "is_staff": false,
      "is_superuser": false,
      "is_active": true,
      "is_online": false,
      "last_activity": null
    }
  },
  {
    "model": "pramlearnapp.customuser",
    "pk": 18,
    "fields": {
      "username": "student16",
      "password": "pbkdf2_sha256$600000$dummy$dummy",
      "email": "student16@pramlearn.com",
      "first_name": "Dian",
      "last_name": "Pertiwi",
      "role": 3,
      "is_staff": false,
      "is_superuser": false,
      "is_active": true,
      "is_online": false,
      "last_activity": null
    }
  },
  {
    "model": "pramlearnapp.customuser",
    "pk": 19,
    "fields": {
      "username": "student17",
      "password": "pbkdf2_sha256$600000$dummy$dummy",
      "email": "student17@pramlearn.com",
      "first_name": "Hendra",
      "last_name": "Gunawan",
      "role": 3,
      "is_staff": false,
      "is_superuser": false,
      "is_active": true,
      "is_online": false,
      "last_activity": null
    }
  },
  {
    "model": "pramlearnapp.customuser",
    "pk": 20,
    "fields": {
      "username": "student18",
      "password": "pbkdf2_sha256$600000$dummy$dummy",
      "email": "student18@pramlearn.com",
      "first_name": "Ratna",
      "last_name": "Sari",
      "role": 3,
      "is_staff": false,
      "is_superuser": false,
      "is_active": true,
      "is_online": false,
      "last_activity": null
    }
  },
  {
    "model": "pramlearnapp.customuser",
    "pk": 21,
    "fields": {
      "username": "student19",
      "password": "pbkdf2_sha256$600000$dummy$dummy",
      "email": "student19@pramlearn.com",
      "first_name": "Bambang",
      "last_name": "Sutrisno",
      "role": 3,
      "is_staff": false,
      "is_superuser": false,
      "is_active": true,
      "is_online": false,
      "last_activity": null
    }
  },
  {
    "model": "pramlearnapp.customuser",
    "pk": 22,
    "fields": {
      "username": "student20",
      "password": "pbkdf2_sha256$600000$dummy$dummy",
      "email": "student20@pramlearn.com",
      "first_name": "Yuni",
      "last_name": "Astuti",
      "role": 3,
      "is_staff": false,
      "is_superuser": false,
      "is_active": true,
      "is_online": false,
      "last_activity": null
    }
  },
  {
    "model": "pramlearnapp.customuser",
    "pk": 23,
    "fields": {
      "username": "student21",
      "password": "pbkdf2_sha256$600000$dummy$dummy",
      "email": "student21@pramlearn.com",
      "first_name": "Faisal",
      "last_name": "Rahman",
      "role": 3,
      "is_staff": false,
      "is_superuser": false,
      "is_active": true,
      "is_online": false,
      "last_activity": null
    }
  },
  {
    "model": "pramlearnapp.customuser",
    "pk": 24,
    "fields": {
      "username": "student22",
      "password": "pbkdf2_sha256$600000$dummy$dummy",
      "email": "student22@pramlearn.com",
      "first_name": "Endah",
      "last_name": "Lestari",
      "role": 3,
      "is_staff": false,
      "is_superuser": false,
      "is_active": true,
      "is_online": false,
      "last_activity": null
    }
  },
  {
    "model": "pramlearnapp.customuser",
    "pk": 25,
    "fields": {
      "username": "student23",
      "password": "pbkdf2_sha256$600000$dummy$dummy",
      "email": "student23@pramlearn.com",
      "first_name": "Wahyu",
      "last_name": "Prasetyo",
      "role": 3,
      "is_staff": false,
      "is_superuser": false,
      "is_active": true,
      "is_online": false,
      "last_activity": null
    }
  },
  {
    "model": "pramlearnapp.customuser",
    "pk": 26,
    "fields": {
      "username": "student24",
      "password": "pbkdf2_sha256$600000$dummy$dummy",
      "email": "student24@pramlearn.com",
      "first_name": "Novi",
      "last_name": "Handayani",
      "role": 3,
      "is_staff": false,
      "is_superuser": false,
      "is_active": true,
      "is_online": false,
      "last_activity": null
    }
  },
  {
    "model": "pramlearnapp.customuser",
    "pk": 27,
    "fields": {
      "username": "student25",
      "password": "pbkdf2_sha256$600000$dummy$dummy",
      "email": "student25@pramlearn.com",
      "first_name": "Rizal",
      "last_name": "Fauzi",
      "role": 3,
      "is_staff": false,
      "is_superuser": false,
      "is_active": true,
      "is_online": false,
      "last_activity": null
    }
  },
  {
    "model": "pramlearnapp.customuser",
    "pk": 28,
    "fields": {
      "username": "student26",
      "password": "pbkdf2_sha256$600000$dummy$dummy",
      "email": "student26@pramlearn.com",
      "first_name": "Tika",
      "last_name": "Damayanti",
      "role": 3,
      "is_staff": false,
      "is_superuser": false,
      "is_active": true,
      "is_online": false,
      "last_activity": null
    }
  },
  {
    "model": "pramlearnapp.customuser",
    "pk": 29,
    "fields": {
      "username": "student27",
      "password": "pbkdf2_sha256$600000$dummy$dummy",
      "email": "student27@pramlearn.com",
      "first_name": "Irwan",
      "last_name": "Setiadi",
      "role": 3,
      "is_staff": false,
      "is_superuser": false,
      "is_active": true,
      "is_online": false,
      "last_activity": null
    }
  },
  {
    "model": "pramlearnapp.customuser",
    "pk": 30,
    "fields": {
      "username": "student28",
      "password": "pbkdf2_sha256$600000$dummy$dummy",
      "email": "student28@pramlearn.com",
      "first_name": "Mega",
      "last_name": "Puspita",
      "role": 3,
      "is_staff": false,
      "is_superuser": false,
      "is_active": true,
      "is_online": false,
      "last_activity": null
    }
  },
  {
    "model": "pramlearnapp.customuser",
    "pk": 31,
    "fields": {
      "username": "student29",
      "password": "pbkdf2_sha256$600000$dummy$dummy",
      "email": "student29@pramlearn.com",
      "first_name": "Dedi",
      "last_name": "Kurniawan",
      "role": 3,
      "is_staff": false,
      "is_superuser": false,
      "is_active": true,
      "is_online": false,
      "last_activity": null
    }
  },
  {
    "model": "pramlearnapp.customuser",
    "pk": 32,
    "fields": {
      "username": "student30",
      "password": "pbkdf2_sha256$600000$dummy$dummy",
      "email": "student30@pramlearn.com",
      "first_name": "Sinta",
      "last_name": "Dewi",
      "role": 3,
      "is_staff": false,
      "is_superuser": false,
      "is_active": true,
      "is_online": false,
      "last_activity": null
    }
  },
  {
    "model": "pramlearnapp.customuser",
    "pk": 33,
    "fields": {
      "username": "student31",
      "password": "pbkdf2_sha256$600000$dummy$dummy",
      "email": "student31@pramlearn.com",
      "first_name": "Arif",
      "last_name": "Hidayat",
      "role": 3,
      "is_staff": false,
      "is_superuser": false,
      "is_active": true,
      "is_online": false,
      "last_activity": null
    }
  },
  {
    "model": "pramlearnapp.customuser",
    "pk": 34,
    "fields": {
      "username": "student32",
      "password": "pbkdf2_sha256$600000$dummy$dummy",
      "email": "student32@pramlearn.com",
      "first_name": "Lia",
      "last_name": "Permatasari",
      "role": 3,
      "is_staff": false,
      "is_superuser": false,
      "is_active": true,
      "is_online": false,
      "last_activity": null
    }
  },
  {
    "model": "pramlearnapp.customuser",
    "pk": 35,
    "fields": {
      "username": "student33",
      "password": "pbkdf2_sha256$600000$dummy$dummy",
      "email": "student33@pramlearn.com",
      "first_name": "Yoga",
      "last_name": "Pratama",
      "role": 3,
      "is_staff": false,
      "is_superuser": false,
      "is_active": true,
      "is_online": false,
      "last_activity": null
    }
  },
  {
    "model": "pramlearnapp.customuser",
    "pk": 36,
    "fields": {
      "username": "student34",
      "password": "pbkdf2_sha256$600000$dummy$dummy",
      "email": "student34@pramlearn.com",
      "first_name": "Indra",
      "last_name": "Wijaya",
      "role": 3,
      "is_staff": false,
      "is_superuser": false,
      "is_active": true,
      "is_online": false,
      "last_activity": null
    }
  },
  {
    "model": "pramlearnapp.class",
    "pk": 1,
    "fields": {
      "name": "XII RPL 1",
      "slug": "xii-rpl-1"
    }
  },
  {
    "model": "pramlearnapp.subject",
    "pk": 1,
    "fields": {
      "name": "Administrasi Sistem Jaringan",
      "slug": "administrasi-sistem-jaringan",
      "subject_class": 1
    }
  },
  {
    "model": "pramlearnapp.subjectclass",
    "pk": 1,
    "fields": {
      "teacher": 2,
      "class_id": 1,
      "subject": 1
    }
  },
  {
    "model": "pramlearnapp.classstudent",
    "pk": 1,
    "fields": {
      "student": 3,
      "class_id": 1
    }
  },
  {
    "model": "pramlearnapp.classstudent",
    "pk": 2,
    "fields": {
      "student": 4,
      "class_id": 1
    }
  },
  {
    "model": "pramlearnapp.classstudent",
    "pk": 3,
    "fields": {
      "student": 5,
      "class_id": 1
    }
  },
  {
    "model": "pramlearnapp.classstudent",
    "pk": 4,
    "fields": {
      "student": 6,
      "class_id": 1
    }
  },
  {
    "model": "pramlearnapp.classstudent",
    "pk": 5,
    "fields": {
      "student": 7,
      "class_id": 1
    }
  },
  {
    "model": "pramlearnapp.classstudent",
    "pk": 6,
    "fields": {
      "student": 8,
      "class_id": 1
    }
  },
  {
    "model": "pramlearnapp.classstudent",
    "pk": 7,
    "fields": {
      "student": 9,
      "class_id": 1
    }
  },
  {
    "model": "pramlearnapp.classstudent",
    "pk": 8,
    "fields": {
      "student": 10,
      "class_id": 1
    }
  },
  {
    "model": "pramlearnapp.classstudent",
    "pk": 9,
    "fields": {
      "student": 11,
      "class_id": 1
    }
  },
  {
    "model": "pramlearnapp.classstudent",
    "pk": 10,
    "fields": {
      "student": 12,
      "class_id": 1
    }
  },
  {
    "model": "pramlearnapp.classstudent",
    "pk": 11,
    "fields": {
      "student": 13,
      "class_id": 1
    }
  },
  {
    "model": "pramlearnapp.classstudent",
    "pk": 12,
    "fields": {
      "student": 14,
      "class_id": 1
    }
  },
  {
    "model": "pramlearnapp.classstudent",
    "pk": 13,
    "fields": {
      "student": 15,
      "class_id": 1
    }
  },
  {
    "model": "pramlearnapp.classstudent",
    "pk": 14,
    "fields": {
      "student": 16,
      "class_id": 1
    }
  },
  {
    "model": "pramlearnapp.classstudent",
    "pk": 15,
    "fields": {
      "student": 17,
      "class_id": 1
    }
  },
  {
    "model": "pramlearnapp.classstudent",
    "pk": 16,
    "fields": {
      "student": 18,
      "class_id": 1
    }
  },
  {
    "model": "pramlearnapp.classstudent",
    "pk": 17,
    "fields": {
      "student": 19,
      "class_id": 1
    }
  },
  {
    "model": "pramlearnapp.classstudent",
    "pk": 18,
    "fields": {
      "student": 20,
      "class_id": 1
    }
  },
  {
    "model": "pramlearnapp.classstudent",
    "pk": 19,
    "fields": {
      "student": 21,
      "class_id": 1
    }
  },
  {
    "model": "pramlearnapp.classstudent",
    "pk": 20,
    "fields": {
      "student": 22,
      "class_id": 1
    }
  },
  {
    "model": "pramlearnapp.classstudent",
    "pk": 21,
    "fields": {
      "student": 23,
      "class_id": 1
    }
  },
  {
    "model": "pramlearnapp.classstudent",
    "pk": 22,
    "fields": {
      "student": 24,
      "class_id": 1
    }
  },
  {
    "model": "pramlearnapp.classstudent",
    "pk": 23,
    "fields": {
      "student": 25,
      "class_id": 1
    }
  },
  {
    "model": "pramlearnapp.classstudent",
    "pk": 24,
    "fields": {
      "student": 26,
      "class_id": 1
    }
  },
  {
    "model": "pramlearnapp.classstudent",
    "pk": 25,
    "fields": {
      "student": 27,
      "class_id": 1
    }
  },
  {
    "model": "pramlearnapp.classstudent",
    "pk": 26,
    "fields": {
      "student": 28,
      "class_id": 1
    }
  },
  {
    "model": "pramlearnapp.classstudent",
    "pk": 27,
    "fields": {
      "student": 29,
      "class_id": 1
    }
  },
  {
    "model": "pramlearnapp.classstudent",
    "pk": 28,
    "fields": {
      "student": 30,
      "class_id": 1
    }
  },
  {
    "model": "pramlearnapp.classstudent",
    "pk": 29,
    "fields": {
      "student": 31,
      "class_id": 1
    }
  },
  {
    "model": "pramlearnapp.classstudent",
    "pk": 30,
    "fields": {
      "student": 32,
      "class_id": 1
    }
  },
  {
    "model": "pramlearnapp.classstudent",
    "pk": 31,
    "fields": {
      "student": 33,
      "class_id": 1
    }
  },
  {
    "model": "pramlearnapp.classstudent",
    "pk": 32,
    "fields": {
      "student": 34,
      "class_id": 1
    }
  },
  {
    "model": "pramlearnapp.classstudent",
    "pk": 33,
    "fields": {
      "student": 35,
      "class_id": 1
    }
  },
  {
    "model": "pramlearnapp.classstudent",
    "pk": 34,
    "fields": {
      "student": 36,
      "class_id": 1
    }
  },
  {
    "model": "pramlearnapp.material",
    "pk": 1,
    "fields": {
      "title": "Pengenalan Jaringan Komputer",
      "slug": "pengenalan-jaringan-komputer",
      "subject": 1,
      "created_at": "2024-01-15T08:00:00Z",
      "updated_at": "2024-01-15T08:00:00Z"
    }
  },
  {
    "model": "pramlearnapp.file",
    "pk": 1,
    "fields": {
      "file": "materials/pengenalan_jaringan_komputer.pdf",
      "uploaded_at": "2024-01-15T08:00:00Z"
    }
  },
  {
    "model": "pramlearnapp.materialyoutubevideo",
    "pk": 1,
    "fields": {
      "material": 1,
      "url": "https://www.youtube.com/watch?v=QXfmzVWMkaM"
    }
  },
  {
    "model": "pramlearnapp.materialyoutubevideo",
    "pk": 2,
    "fields": {
      "material": 1,
      "url": "https://www.youtube.com/watch?v=k-ORWq281c4"
    }
  },
  {
    "model": "pramlearnapp.quiz",
    "pk": 1,
    "fields": {
      "title": "Quiz 1",
      "content": "Quiz tentang pengenalan jaringan komputer",
      "material": 1,
      "is_active": true,
      "duration": 30,
      "created_at": "2024-01-15T09:00:00Z"
    }
  },
  {
    "model": "pramlearnapp.question",
    "pk": 1,
    "fields": {
      "quiz": 1,
      "text": "Apa yang dimaksud dengan jaringan komputer?",
      "choice_a": "Kumpulan komputer yang terhubung untuk berbagi data",
      "choice_b": "Program untuk mengakses internet",
      "choice_c": "Perangkat keras komputer",
      "choice_d": "Sistem operasi komputer",
      "correct_choice": "A"
    }
  },
  {
    "model": "pramlearnapp.question",
    "pk": 2,
    "fields": {
      "quiz": 1,
      "text": "Protokol yang digunakan untuk transfer file adalah?",
      "choice_a": "HTTP",
      "choice_b": "FTP",
      "choice_c": "SMTP",
      "choice_d": "DNS",
      "correct_choice": "B"
    }
  },
  {
    "model": "pramlearnapp.question",
    "pk": 3,
    "fields": {
      "quiz": 1,
      "text": "Topologi jaringan yang membentuk lingkaran adalah?",
      "choice_a": "Star",
      "choice_b": "Bus",
      "choice_c": "Ring",
      "choice_d": "Mesh",
      "correct_choice": "C"
    }
  },
  {
    "model": "pramlearnapp.question",
    "pk": 4,
    "fields": {
      "quiz": 1,
      "text": "Perangkat yang berfungsi menghubungkan jaringan adalah?",
      "choice_a": "Hub",
      "choice_b": "Switch",
      "choice_c": "Router",
      "choice_d": "Semua benar",
      "correct_choice": "D"
    }
  },
  {
    "model": "pramlearnapp.question",
    "pk": 5,
    "fields": {
      "quiz": 1,
      "text": "IP Address 192.168.1.1 termasuk kelas?",
      "choice_a": "Kelas A",
      "choice_b": "Kelas B",
      "choice_c": "Kelas C",
      "choice_d": "Kelas D",
      "correct_choice": "C"
    }
  },
  {
    "model": "pramlearnapp.assignment",
    "pk": 1,
    "fields": {
      "title": "Test 1",
      "material": 1,
      "created_at": "2024-01-15T10:00:00Z",
      "updated_at": "2024-01-15T10:00:00Z",
      "due_date": "2024-01-22T23:59:59Z"
    }
  },
  {
    "model": "pramlearnapp.assignmentquestion",
    "pk": 1,
    "fields": {
      "assignment": 1,
      "text": "Jelaskan perbedaan antara LAN, MAN, dan WAN beserta contohnya!",
      "choice_a": null,
      "choice_b": null,
      "choice_c": null,
      "choice_d": null,
      "correct_choice": null
    }
  },
  {
    "model": "pramlearnapp.assignmentquestion",
    "pk": 2,
    "fields": {
      "assignment": 1,
      "text": "Buatlah diagram topologi jaringan star dengan 8 komputer klien!",
      "choice_a": null,
      "choice_b": null,
      "choice_c": null,
      "choice_d": null,
      "correct_choice": null
    }
  },
  {
    "model": "pramlearnapp.assignmentquestion",
    "pk": 3,
    "fields": {
      "assignment": 1,
      "text": "Model referensi OSI memiliki berapa layer?",
      "choice_a": "5 layer",
      "choice_b": "6 layer",
      "choice_c": "7 layer",
      "choice_d": "8 layer",
      "correct_choice": "C"
    }
  },
  {
    "model": "pramlearnapp.arcsquestionnaire",
    "pk": 1,
    "fields": {
      "title": "Kuesioner ARCS Sebelum Pembelajaran",
      "slug": "arcs-sebelum-pembelajaran",
      "description": "Kuesioner untuk mengukur motivasi belajar siswa sebelum pembelajaran dimulai",
      "material": 1,
      "questionnaire_type": "pre",
      "is_active": true,
      "duration_minutes": 15,
      "start_date": "2024-01-15T07:00:00Z",
      "end_date": "2024-01-15T23:59:59Z",
      "created_at": "2024-01-15T06:00:00Z",
      "updated_at": "2024-01-15T06:00:00Z",
      "created_by": 2
    }
  },
  {
    "model": "pramlearnapp.arcsquestionnaire",
    "pk": 2,
    "fields": {
      "title": "Kuesioner ARCS Sesudah Pembelajaran",
      "slug": "arcs-sesudah-pembelajaran",
      "description": "Kuesioner untuk mengukur motivasi belajar siswa setelah pembelajaran selesai",
      "material": 1,
      "questionnaire_type": "post",
      "is_active": true,
      "duration_minutes": 15,
      "start_date": "2024-01-22T07:00:00Z",
      "end_date": "2024-01-22T23:59:59Z",
      "created_at": "2024-01-15T06:00:00Z",
      "updated_at": "2024-01-15T06:00:00Z",
      "created_by": 2
    }
  },
  {
    "model": "pramlearnapp.arcsquestion",
    "pk": 1,
    "fields": {
      "questionnaire": 1,
      "text": "Saya merasa tertarik untuk mempelajari materi jaringan komputer",
      "dimension": "attention",
      "question_type": "likert_5",
      "order": 1,
      "is_required": true,
      "scale_min": 1,
      "scale_max": 5,
      "scale_label_min": "Sangat Tidak Setuju",
      "scale_label_max": "Sangat Setuju",
      "created_at": "2024-01-15T06:00:00Z",
      "updated_at": "2024-01-15T06:00:00Z"
    }
  },
  {
    "model": "pramlearnapp.arcsquestion",
    "pk": 2,
    "fields": {
      "questionnaire": 1,
      "text": "Materi jaringan komputer tampak menarik bagi saya",
      "dimension": "attention",
      "question_type": "likert_5",
      "order": 2,
      "is_required": true,
      "scale_min": 1,
      "scale_max": 5,
      "scale_label_min": "Sangat Tidak Setuju",
      "scale_label_max": "Sangat Setuju",
      "created_at": "2024-01-15T06:00:00Z",
      "updated_at": "2024-01-15T06:00:00Z"
    }
  },
  {
    "model": "pramlearnapp.arcsquestion",
    "pk": 3,
    "fields": {
      "questionnaire": 1,
      "text": "Saya penasaran dengan konsep-konsep dalam jaringan komputer",
      "dimension": "attention",
      "question_type": "likert_5",
      "order": 3,
      "is_required": true,
      "scale_min": 1,
      "scale_max": 5,
      "scale_label_min": "Sangat Tidak Setuju",
      "scale_label_max": "Sangat Setuju",
      "created_at": "2024-01-15T06:00:00Z",
      "updated_at": "2024-01-15T06:00:00Z"
    }
  },
  {
    "model": "pramlearnapp.arcsquestion",
    "pk": 4,
    "fields": {
      "questionnaire": 1,
      "text": "Saya mudah fokus saat belajar tentang jaringan komputer",
      "dimension": "attention",
      "question_type": "likert_5",
      "order": 4,
      "is_required": true,
      "scale_min": 1,
      "scale_max": 5,
      "scale_label_min": "Sangat Tidak Setuju",
      "scale_label_max": "Sangat Setuju",
      "created_at": "2024-01-15T06:00:00Z",
      "updated_at": "2024-01-15T06:00:00Z"
    }
  },
  {
    "model": "pramlearnapp.arcsquestion",
    "pk": 5,
    "fields": {
      "questionnaire": 1,
      "text": "Topik jaringan komputer memicu rasa ingin tahu saya",
      "dimension": "attention",
      "question_type": "likert_5",
      "order": 5,
      "is_required": true,
      "scale_min": 1,
      "scale_max": 5,
      "scale_label_min": "Sangat Tidak Setuju",
      "scale_label_max": "Sangat Setuju",
      "created_at": "2024-01-15T06:00:00Z",
      "updated_at": "2024-01-15T06:00:00Z"
    }
  },
  {
    "model": "pramlearnapp.arcsquestion",
    "pk": 6,
    "fields": {
      "questionnaire": 1,
      "text": "Materi jaringan komputer berguna untuk masa depan saya",
      "dimension": "relevance",
      "question_type": "likert_5",
      "order": 6,
      "is_required": true,
      "scale_min": 1,
      "scale_max": 5,
      "scale_label_min": "Sangat Tidak Setuju",
      "scale_label_max": "Sangat Setuju",
      "created_at": "2024-01-15T06:00:00Z",
      "updated_at": "2024-01-15T06:00:00Z"
    }
  },
  {
    "model": "pramlearnapp.arcsquestion",
    "pk": 7,
    "fields": {
      "questionnaire": 1,
      "text": "Saya dapat menghubungkan materi ini dengan pengalaman sehari-hari",
      "dimension": "relevance",
      "question_type": "likert_5",
      "order": 7,
      "is_required": true,
      "scale_min": 1,
      "scale_max": 5,
      "scale_label_min": "Sangat Tidak Setuju",
      "scale_label_max": "Sangat Setuju",
      "created_at": "2024-01-15T06:00:00Z",
      "updated_at": "2024-01-15T06:00:00Z"
    }
  },
  {
    "model": "pramlearnapp.arcsquestion",
    "pk": 8,
    "fields": {
      "questionnaire": 1,
      "text": "Pembelajaran jaringan komputer sesuai dengan minat saya",
      "dimension": "relevance",
      "question_type": "likert_5",
      "order": 8,
      "is_required": true,
      "scale_min": 1,
      "scale_max": 5,
      "scale_label_min": "Sangat Tidak Setuju",
      "scale_label_max": "Sangat Setuju",
      "created_at": "2024-01-15T06:00:00Z",
      "updated_at": "2024-01-15T06:00:00Z"
    }
  },
  {
    "model": "pramlearnapp.arcsquestion",
    "pk": 9,
    "fields": {
      "questionnaire": 1,
      "text": "Materi ini akan membantu saya dalam karir di bidang IT",
      "dimension": "relevance",
      "question_type": "likert_5",
      "order": 9,
      "is_required": true,
      "scale_min": 1,
      "scale_max": 5,
      "scale_label_min": "Sangat Tidak Setuju",
      "scale_label_max": "Sangat Setuju",
      "created_at": "2024-01-15T06:00:00Z",
      "updated_at": "2024-01-15T06:00:00Z"
    }
  },
  {
    "model": "pramlearnapp.arcsquestion",
    "pk": 10,
    "fields": {
      "questionnaire": 1,
      "text": "Saya membutuhkan pengetahuan jaringan komputer",
      "dimension": "relevance",
      "question_type": "likert_5",
      "order": 10,
      "is_required": true,
      "scale_min": 1,
      "scale_max": 5,
      "scale_label_min": "Sangat Tidak Setuju",
      "scale_label_max": "Sangat Setuju",
      "created_at": "2024-01-15T06:00:00Z",
      "updated_at": "2024-01-15T06:00:00Z"
    }
  },
  {
    "model": "pramlearnapp.arcsquestion",
    "pk": 11,
    "fields": {
      "questionnaire": 1,
      "text": "Saya yakin dapat memahami materi jaringan komputer dengan baik",
      "dimension": "confidence",
      "question_type": "likert_5",
      "order": 11,
      "is_required": true,
      "scale_min": 1,
      "scale_max": 5,
      "scale_label_min": "Sangat Tidak Setuju",
      "scale_label_max": "Sangat Setuju",
      "created_at": "2024-01-15T06:00:00Z",
      "updated_at": "2024-01-15T06:00:00Z"
    }
  },
  {
    "model": "pramlearnapp.arcsquestion",
    "pk": 12,
    "fields": {
      "questionnaire": 1,
      "text": "Saya merasa mampu menyelesaikan tugas-tugas jaringan komputer",
      "dimension": "confidence",
      "question_type": "likert_5",
      "order": 12,
      "is_required": true,
      "scale_min": 1,
      "scale_max": 5,
      "scale_label_min": "Sangat Tidak Setuju",
      "scale_label_max": "Sangat Setuju",
      "created_at": "2024-01-15T06:00:00Z",
      "updated_at": "2024-01-15T06:00:00Z"
    }
  },
  {
    "model": "pramlearnapp.arcsquestion",
    "pk": 13,
    "fields": {
      "questionnaire": 1,
      "text": "Saya percaya diri dengan kemampuan belajar saya",
      "dimension": "confidence",
      "question_type": "likert_5",
      "order": 13,
      "is_required": true,
      "scale_min": 1,
      "scale_max": 5,
      "scale_label_min": "Sangat Tidak Setuju",
      "scale_label_max": "Sangat Setuju",
      "created_at": "2024-01-15T06:00:00Z",
      "updated_at": "2024-01-15T06:00:00Z"
    }
  },
  {
    "model": "pramlearnapp.arcsquestion",
    "pk": 14,
    "fields": {
      "questionnaire": 1,
      "text": "Materi jaringan komputer tidak terlalu sulit bagi saya",
      "dimension": "confidence",
      "question_type": "likert_5",
      "order": 14,
      "is_required": true,
      "scale_min": 1,
      "scale_max": 5,
      "scale_label_min": "Sangat Tidak Setuju",
      "scale_label_max": "Sangat Setuju",
      "created_at": "2024-01-15T06:00:00Z",
      "updated_at": "2024-01-15T06:00:00Z"
    }
  },
  {
    "model": "pramlearnapp.arcsquestion",
    "pk": 15,
    "fields": {
      "questionnaire": 1,
      "text": "Saya optimis akan berhasil dalam pembelajaran ini",
      "dimension": "confidence",
      "question_type": "likert_5",
      "order": 15,
      "is_required": true,
      "scale_min": 1,
      "scale_max": 5,
      "scale_label_min": "Sangat Tidak Setuju",
      "scale_label_max": "Sangat Setuju",
      "created_at": "2024-01-15T06:00:00Z",
      "updated_at": "2024-01-15T06:00:00Z"
    }
  },
  {
    "model": "pramlearnapp.arcsquestion",
    "pk": 16,
    "fields": {
      "questionnaire": 1,
      "text": "Saya merasa puas dengan cara pembelajaran jaringan komputer",
      "dimension": "satisfaction",
      "question_type": "likert_5",
      "order": 16,
      "is_required": true,
      "scale_min": 1,
      "scale_max": 5,
      "scale_label_min": "Sangat Tidak Setuju",
      "scale_label_max": "Sangat Setuju",
      "created_at": "2024-01-15T06:00:00Z",
      "updated_at": "2024-01-15T06:00:00Z"
    }
  },
  {
    "model": "pramlearnapp.arcsquestion",
    "pk": 17,
    "fields": {
      "questionnaire": 1,
      "text": "Pembelajaran ini membuat saya senang",
      "dimension": "satisfaction",
      "question_type": "likert_5",
      "order": 17,
      "is_required": true,
      "scale_min": 1,
      "scale_max": 5,
      "scale_label_min": "Sangat Tidak Setuju",
      "scale_label_max": "Sangat Setuju",
      "created_at": "2024-01-15T06:00:00Z",
      "updated_at": "2024-01-15T06:00:00Z"
    }
  },
  {
    "model": "pramlearnapp.arcsquestion",
    "pk": 18,
    "fields": {
      "questionnaire": 1,
      "text": "Saya mendapat kepuasan dari belajar jaringan komputer",
      "dimension": "satisfaction",
      "question_type": "likert_5",
      "order": 18,
      "is_required": true,
      "scale_min": 1,
      "scale_max": 5,
      "scale_label_min": "Sangat Tidak Setuju",
      "scale_label_max": "Sangat Setuju",
      "created_at": "2024-01-15T06:00:00Z",
      "updated_at": "2024-01-15T06:00:00Z"
    }
  },
  {
    "model": "pramlearnapp.arcsquestion",
    "pk": 19,
    "fields": {
      "questionnaire": 1,
      "text": "Aktivitas pembelajaran ini menyenangkan",
      "dimension": "satisfaction",
      "question_type": "likert_5",
      "order": 19,
      "is_required": true,
      "scale_min": 1,
      "scale_max": 5,
      "scale_label_min": "Sangat Tidak Setuju",
      "scale_label_max": "Sangat Setuju",
      "created_at": "2024-01-15T06:00:00Z",
      "updated_at": "2024-01-15T06:00:00Z"
    }
  },
  {
    "model": "pramlearnapp.arcsquestion",
    "pk": 20,
    "fields": {
      "questionnaire": 1,
      "text": "Saya merasa bangga ketika memahami konsep jaringan komputer",
      "dimension": "satisfaction",
      "question_type": "likert_5",
      "order": 20,
      "is_required": true,
      "scale_min": 1,
      "scale_max": 5,
      "scale_label_min": "Sangat Tidak Setuju",
      "scale_label_max": "Sangat Setuju",
      "created_at": "2024-01-15T06:00:00Z",
      "updated_at": "2024-01-15T06:00:00Z"
    }
  },
  {
    "model": "pramlearnapp.arcsquestion",
    "pk": 21,
    "fields": {
      "questionnaire": 2,
      "text": "Saya merasa tertarik untuk mempelajari materi jaringan komputer",
      "dimension": "attention",
      "question_type": "likert_5",
      "order": 1,
      "is_required": true,
      "scale_min": 1,
      "scale_max": 5,
      "scale_label_min": "Sangat Tidak Setuju",
      "scale_label_max": "Sangat Setuju",
      "created_at": "2024-01-15T06:00:00Z",
      "updated_at": "2024-01-15T06:00:00Z"
    }
  },
  {
    "model": "pramlearnapp.arcsquestion",
    "pk": 22,
    "fields": {
      "questionnaire": 2,
      "text": "Materi jaringan komputer tampak menarik bagi saya",
      "dimension": "attention",
      "question_type": "likert_5",
      "order": 2,
      "is_required": true,
      "scale_min": 1,
      "scale_max": 5,
      "scale_label_min": "Sangat Tidak Setuju",
      "scale_label_max": "Sangat Setuju",
      "created_at": "2024-01-15T06:00:00Z",
      "updated_at": "2024-01-15T06:00:00Z"
    }
  },
  {
    "model": "pramlearnapp.arcsquestion",
    "pk": 23,
    "fields": {
      "questionnaire": 2,
      "text": "Saya penasaran dengan konsep-konsep dalam jaringan komputer",
      "dimension": "attention",
      "question_type": "likert_5",
      "order": 3,
      "is_required": true,
      "scale_min": 1,
      "scale_max": 5,
      "scale_label_min": "Sangat Tidak Setuju",
      "scale_label_max": "Sangat Setuju",
      "created_at": "2024-01-15T06:00:00Z",
      "updated_at": "2024-01-15T06:00:00Z"
    }
  },
  {
    "model": "pramlearnapp.arcsquestion",
    "pk": 24,
    "fields": {
      "questionnaire": 2,
      "text": "Saya mudah fokus saat belajar tentang jaringan komputer",
      "dimension": "attention",
      "question_type": "likert_5",
      "order": 4,
      "is_required": true,
      "scale_min": 1,
      "scale_max": 5,
      "scale_label_min": "Sangat Tidak Setuju",
      "scale_label_max": "Sangat Setuju",
      "created_at": "2024-01-15T06:00:00Z",
      "updated_at": "2024-01-15T06:00:00Z"
    }
  },
  {
    "model": "pramlearnapp.arcsquestion",
    "pk": 25,
    "fields": {
      "questionnaire": 2,
      "text": "Topik jaringan komputer memicu rasa ingin tahu saya",
      "dimension": "attention",
      "question_type": "likert_5",
      "order": 5,
      "is_required": true,
      "scale_min": 1,
      "scale_max": 5,
      "scale_label_min": "Sangat Tidak Setuju",
      "scale_label_max": "Sangat Setuju",
      "created_at": "2024-01-15T06:00:00Z",
      "updated_at": "2024-01-15T06:00:00Z"
    }
  },
  {
    "model": "pramlearnapp.arcsquestion",
    "pk": 26,
    "fields": {
      "questionnaire": 2,
      "text": "Materi jaringan komputer berguna untuk masa depan saya",
      "dimension": "relevance",
      "question_type": "likert_5",
      "order": 6,
      "is_required": true,
      "scale_min": 1,
      "scale_max": 5,
      "scale_label_min": "Sangat Tidak Setuju",
      "scale_label_max": "Sangat Setuju",
      "created_at": "2024-01-15T06:00:00Z",
      "updated_at": "2024-01-15T06:00:00Z"
    }
  },
  {
    "model": "pramlearnapp.arcsquestion",
    "pk": 27,
    "fields": {
      "questionnaire": 2,
      "text": "Saya dapat menghubungkan materi ini dengan pengalaman sehari-hari",
      "dimension": "relevance",
      "question_type": "likert_5",
      "order": 7,
      "is_required": true,
      "scale_min": 1,
      "scale_max": 5,
      "scale_label_min": "Sangat Tidak Setuju",
      "scale_label_max": "Sangat Setuju",
      "created_at": "2024-01-15T06:00:00Z",
      "updated_at": "2024-01-15T06:00:00Z"
    }
  },
  {
    "model": "pramlearnapp.arcsquestion",
    "pk": 28,
    "fields": {
      "questionnaire": 2,
      "text": "Pembelajaran jaringan komputer sesuai dengan minat saya",
      "dimension": "relevance",
      "question_type": "likert_5",
      "order": 8,
      "is_required": true,
      "scale_min": 1,
      "scale_max": 5,
      "scale_label_min": "Sangat Tidak Setuju",
      "scale_label_max": "Sangat Setuju",
      "created_at": "2024-01-15T06:00:00Z",
      "updated_at": "2024-01-15T06:00:00Z"
    }
  },
  {
    "model": "pramlearnapp.arcsquestion",
    "pk": 29,
    "fields": {
      "questionnaire": 2,
      "text": "Materi ini akan membantu saya dalam karir di bidang IT",
      "dimension": "relevance",
      "question_type": "likert_5",
      "order": 9,
      "is_required": true,
      "scale_min": 1,
      "scale_max": 5,
      "scale_label_min": "Sangat Tidak Setuju",
      "scale_label_max": "Sangat Setuju",
      "created_at": "2024-01-15T06:00:00Z",
      "updated_at": "2024-01-15T06:00:00Z"
    }
  },
  {
    "model": "pramlearnapp.arcsquestion",
    "pk": 30,
    "fields": {
      "questionnaire": 2,
      "text": "Saya membutuhkan pengetahuan jaringan komputer",
      "dimension": "relevance",
      "question_type": "likert_5",
      "order": 10,
      "is_required": true,
      "scale_min": 1,
      "scale_max": 5,
      "scale_label_min": "Sangat Tidak Setuju",
      "scale_label_max": "Sangat Setuju",
      "created_at": "2024-01-15T06:00:00Z",
      "updated_at": "2024-01-15T06:00:00Z"
    }
  },
  {
    "model": "pramlearnapp.arcsquestion",
    "pk": 31,
    "fields": {
      "questionnaire": 2,
      "text": "Saya yakin dapat memahami materi jaringan komputer dengan baik",
      "dimension": "confidence",
      "question_type": "likert_5",
      "order": 11,
      "is_required": true,
      "scale_min": 1,
      "scale_max": 5,
      "scale_label_min": "Sangat Tidak Setuju",
      "scale_label_max": "Sangat Setuju",
      "created_at": "2024-01-15T06:00:00Z",
      "updated_at": "2024-01-15T06:00:00Z"
    }
  },
  {
    "model": "pramlearnapp.arcsquestion",
    "pk": 32,
    "fields": {
      "questionnaire": 2,
      "text": "Saya merasa mampu menyelesaikan tugas-tugas jaringan komputer",
      "dimension": "confidence",
      "question_type": "likert_5",
      "order": 12,
      "is_required": true,
      "scale_min": 1,
      "scale_max": 5,
      "scale_label_min": "Sangat Tidak Setuju",
      "scale_label_max": "Sangat Setuju",
      "created_at": "2024-01-15T06:00:00Z",
      "updated_at": "2024-01-15T06:00:00Z"
    }
  },
  {
    "model": "pramlearnapp.arcsquestion",
    "pk": 33,
    "fields": {
      "questionnaire": 2,
      "text": "Saya percaya diri dengan kemampuan belajar saya",
      "dimension": "confidence",
      "question_type": "likert_5",
      "order": 13,
      "is_required": true,
      "scale_min": 1,
      "scale_max": 5,
      "scale_label_min": "Sangat Tidak Setuju",
      "scale_label_max": "Sangat Setuju",
      "created_at": "2024-01-15T06:00:00Z",
      "updated_at": "2024-01-15T06:00:00Z"
    }
  },
  {
    "model": "pramlearnapp.arcsquestion",
    "pk": 34,
    "fields": {
      "questionnaire": 2,
      "text": "Materi jaringan komputer tidak terlalu sulit bagi saya",
      "dimension": "confidence",
      "question_type": "likert_5",
      "order": 14,
      "is_required": true,
      "scale_min": 1,
      "scale_max": 5,
      "scale_label_min": "Sangat Tidak Setuju",
      "scale_label_max": "Sangat Setuju",
      "created_at": "2024-01-15T06:00:00Z",
      "updated_at": "2024-01-15T06:00:00Z"
    }
  },
  {
    "model": "pramlearnapp.arcsquestion",
    "pk": 35,
    "fields": {
      "questionnaire": 2,
      "text": "Saya optimis akan berhasil dalam pembelajaran ini",
      "dimension": "confidence",
      "question_type": "likert_5",
      "order": 15,
      "is_required": true,
      "scale_min": 1,
      "scale_max": 5,
      "scale_label_min": "Sangat Tidak Setuju",
      "scale_label_max": "Sangat Setuju",
      "created_at": "2024-01-15T06:00:00Z",
      "updated_at": "2024-01-15T06:00:00Z"
    }
  },
  {
    "model": "pramlearnapp.arcsquestion",
    "pk": 36,
    "fields": {
      "questionnaire": 2,
      "text": "Saya merasa puas dengan cara pembelajaran jaringan komputer",
      "dimension": "satisfaction",
      "question_type": "likert_5",
      "order": 16,
      "is_required": true,
      "scale_min": 1,
      "scale_max": 5,
      "scale_label_min": "Sangat Tidak Setuju",
      "scale_label_max": "Sangat Setuju",
      "created_at": "2024-01-15T06:00:00Z",
      "updated_at": "2024-01-15T06:00:00Z"
    }
  },
  {
    "model": "pramlearnapp.arcsquestion",
    "pk": 37,
    "fields": {
      "questionnaire": 2,
      "text": "Pembelajaran ini membuat saya senang",
      "dimension": "satisfaction",
      "question_type": "likert_5",
      "order": 17,
      "is_required": true,
      "scale_min": 1,
      "scale_max": 5,
      "scale_label_min": "Sangat Tidak Setuju",
      "scale_label_max": "Sangat Setuju",
      "created_at": "2024-01-15T06:00:00Z",
      "updated_at": "2024-01-15T06:00:00Z"
    }
  },
  {
    "model": "pramlearnapp.arcsquestion",
    "pk": 38,
    "fields": {
      "questionnaire": 2,
      "text": "Saya mendapat kepuasan dari belajar jaringan komputer",
      "dimension": "satisfaction",
      "question_type": "likert_5",
      "order": 18,
      "is_required": true,
      "scale_min": 1,
      "scale_max": 5,
      "scale_label_min": "Sangat Tidak Setuju",
      "scale_label_max": "Sangat Setuju",
      "created_at": "2024-01-15T06:00:00Z",
      "updated_at": "2024-01-15T06:00:00Z"
    }
  },
  {
    "model": "pramlearnapp.arcsquestion",
    "pk": 39,
    "fields": {
      "questionnaire": 2,
      "text": "Aktivitas pembelajaran ini menyenangkan",
      "dimension": "satisfaction",
      "question_type": "likert_5",
      "order": 19,
      "is_required": true,
      "scale_min": 1,
      "scale_max": 5,
      "scale_label_min": "Sangat Tidak Setuju",
      "scale_label_max": "Sangat Setuju",
      "created_at": "2024-01-15T06:00:00Z",
      "updated_at": "2024-01-15T06:00:00Z"
    }
  },
  {
    "model": "pramlearnapp.arcsquestion",
    "pk": 40,
    "fields": {
      "questionnaire": 2,
      "text": "Saya merasa bangga ketika memahami konsep jaringan komputer",
      "dimension": "satisfaction",
      "question_type": "likert_5",
      "order": 20,
      "is_required": true,
      "scale_min": 1,
      "scale_max": 5,
      "scale_label_min": "Sangat Tidak Setuju",
      "scale_label_max": "Sangat Setuju",
      "created_at": "2024-01-15T06:00:00Z",
      "updated_at": "2024-01-15T06:00:00Z"
    }
  },
  {
    "model": "pramlearnapp.arcsresponse",
    "pk": 1,
    "fields": {
      "questionnaire": 1,
      "student": 3,
      "submitted_at": "2024-01-15T08:30:00Z",
      "completed_at": "2024-01-15T08:45:00Z",
      "is_completed": true
    }
  },
  {
    "model": "pramlearnapp.arcsresponse",
    "pk": 2,
    "fields": {
      "questionnaire": 1,
      "student": 4,
      "submitted_at": "2024-01-15T08:30:00Z",
      "completed_at": "2024-01-15T08:45:00Z",
      "is_completed": true
    }
  },
  {
    "model": "pramlearnapp.arcsresponse",
    "pk": 3,
    "fields": {
      "questionnaire": 1,
      "student": 5,
      "submitted_at": "2024-01-15T08:30:00Z",
      "completed_at": "2024-01-15T08:45:00Z",
      "is_completed": true
    }
  },
  {
    "model": "pramlearnapp.arcsresponse",
    "pk": 4,
    "fields": {
      "questionnaire": 1,
      "student": 6,
      "submitted_at": "2024-01-15T08:30:00Z",
      "completed_at": "2024-01-15T08:45:00Z",
      "is_completed": true
    }
  },
  {
    "model": "pramlearnapp.arcsresponse",
    "pk": 5,
    "fields": {
      "questionnaire": 1,
      "student": 7,
      "submitted_at": "2024-01-15T08:30:00Z",
      "completed_at": "2024-01-15T08:45:00Z",
      "is_completed": true
    }
  },
  {
    "model": "pramlearnapp.arcsresponse",
    "pk": 6,
    "fields": {
      "questionnaire": 1,
      "student": 8,
      "submitted_at": "2024-01-15T08:30:00Z",
      "completed_at": "2024-01-15T08:45:00Z",
      "is_completed": true
    }
  },
  {
    "model": "pramlearnapp.arcsresponse",
    "pk": 7,
    "fields": {
      "questionnaire": 1,
      "student": 9,
      "submitted_at": "2024-01-15T08:30:00Z",
      "completed_at": "2024-01-15T08:45:00Z",
      "is_completed": true
    }
  },
  {
    "model": "pramlearnapp.arcsresponse",
    "pk": 8,
    "fields": {
      "questionnaire": 1,
      "student": 10,
      "submitted_at": "2024-01-15T08:30:00Z",
      "completed_at": "2024-01-15T08:45:00Z",
      "is_completed": true
    }
  },
  {
    "model": "pramlearnapp.arcsresponse",
    "pk": 9,
    "fields": {
      "questionnaire": 1,
      "student": 11,
      "submitted_at": "2024-01-15T08:30:00Z",
      "completed_at": "2024-01-15T08:45:00Z",
      "is_completed": true
    }
  },
  {
    "model": "pramlearnapp.arcsresponse",
    "pk": 10,
    "fields": {
      "questionnaire": 1,
      "student": 12,
      "submitted_at": "2024-01-15T08:30:00Z",
      "completed_at": "2024-01-15T08:45:00Z",
      "is_completed": true
    }
  },
  {
    "model": "pramlearnapp.arcsresponse",
    "pk": 11,
    "fields": {
      "questionnaire": 1,
      "student": 13,
      "submitted_at": "2024-01-15T08:30:00Z",
      "completed_at": "2024-01-15T08:45:00Z",
      "is_completed": true
    }
  },
  {
    "model": "pramlearnapp.arcsresponse",
    "pk": 12,
    "fields": {
      "questionnaire": 1,
      "student": 14,
      "submitted_at": "2024-01-15T08:30:00Z",
      "completed_at": "2024-01-15T08:45:00Z",
      "is_completed": true
    }
  },
  {
    "model": "pramlearnapp.arcsresponse",
    "pk": 13,
    "fields": {
      "questionnaire": 1,
      "student": 15,
      "submitted_at": "2024-01-15T08:30:00Z",
      "completed_at": "2024-01-15T08:45:00Z",
      "is_completed": true
    }
  },
  {
    "model": "pramlearnapp.arcsresponse",
    "pk": 14,
    "fields": {
      "questionnaire": 1,
      "student": 16,
      "submitted_at": "2024-01-15T08:30:00Z",
      "completed_at": "2024-01-15T08:45:00Z",
      "is_completed": true
    }
  },
  {
    "model": "pramlearnapp.arcsresponse",
    "pk": 15,
    "fields": {
      "questionnaire": 1,
      "student": 17,
      "submitted_at": "2024-01-15T08:30:00Z",
      "completed_at": "2024-01-15T08:45:00Z",
      "is_completed": true
    }
  },
  {
    "model": "pramlearnapp.arcsresponse",
    "pk": 16,
    "fields": {
      "questionnaire": 1,
      "student": 18,
      "submitted_at": "2024-01-15T08:30:00Z",
      "completed_at": "2024-01-15T08:45:00Z",
      "is_completed": true
    }
  },
  {
    "model": "pramlearnapp.arcsresponse",
    "pk": 17,
    "fields": {
      "questionnaire": 1,
      "student": 19,
      "submitted_at": "2024-01-15T08:30:00Z",
      "completed_at": "2024-01-15T08:45:00Z",
      "is_completed": true
    }
  },
  {
    "model": "pramlearnapp.arcsresponse",
    "pk": 18,
    "fields": {
      "questionnaire": 1,
      "student": 20,
      "submitted_at": "2024-01-15T08:30:00Z",
      "completed_at": "2024-01-15T08:45:00Z",
      "is_completed": true
    }
  },
  {
    "model": "pramlearnapp.arcsresponse",
    "pk": 19,
    "fields": {
      "questionnaire": 1,
      "student": 21,
      "submitted_at": "2024-01-15T08:30:00Z",
      "completed_at": "2024-01-15T08:45:00Z",
      "is_completed": true
    }
  },
  {
    "model": "pramlearnapp.arcsresponse",
    "pk": 20,
    "fields": {
      "questionnaire": 1,
      "student": 22,
      "submitted_at": "2024-01-15T08:30:00Z",
      "completed_at": "2024-01-15T08:45:00Z",
      "is_completed": true
    }
  },
  {
    "model": "pramlearnapp.arcsresponse",
    "pk": 21,
    "fields": {
      "questionnaire": 1,
      "student": 23,
      "submitted_at": "2024-01-15T08:30:00Z",
      "completed_at": "2024-01-15T08:45:00Z",
      "is_completed": true
    }
  },
  {
    "model": "pramlearnapp.arcsresponse",
    "pk": 22,
    "fields": {
      "questionnaire": 1,
      "student": 24,
      "submitted_at": "2024-01-15T08:30:00Z",
      "completed_at": "2024-01-15T08:45:00Z",
      "is_completed": true
    }
  },
  {
    "model": "pramlearnapp.arcsresponse",
    "pk": 23,
    "fields": {
      "questionnaire": 1,
      "student": 25,
      "submitted_at": "2024-01-15T08:30:00Z",
      "completed_at": "2024-01-15T08:45:00Z",
      "is_completed": true
    }
  },
  {
    "model": "pramlearnapp.arcsresponse",
    "pk": 24,
    "fields": {
      "questionnaire": 1,
      "student": 26,
      "submitted_at": "2024-01-15T08:30:00Z",
      "completed_at": "2024-01-15T08:45:00Z",
      "is_completed": true
    }
  },
  {
    "model": "pramlearnapp.arcsresponse",
    "pk": 25,
    "fields": {
      "questionnaire": 1,
      "student": 27,
      "submitted_at": "2024-01-15T08:30:00Z",
      "completed_at": "2024-01-15T08:45:00Z",
      "is_completed": true
    }
  },
  {
    "model": "pramlearnapp.arcsresponse",
    "pk": 26,
    "fields": {
      "questionnaire": 1,
      "student": 28,
      "submitted_at": "2024-01-15T08:30:00Z",
      "completed_at": "2024-01-15T08:45:00Z",
      "is_completed": true
    }
  },
  {
    "model": "pramlearnapp.arcsresponse",
    "pk": 27,
    "fields": {
      "questionnaire": 1,
      "student": 29,
      "submitted_at": "2024-01-15T08:30:00Z",
      "completed_at": "2024-01-15T08:45:00Z",
      "is_completed": true
    }
  },
  {
    "model": "pramlearnapp.arcsresponse",
    "pk": 28,
    "fields": {
      "questionnaire": 1,
      "student": 30,
      "submitted_at": "2024-01-15T08:30:00Z",
      "completed_at": "2024-01-15T08:45:00Z",
      "is_completed": true
    }
  },
  {
    "model": "pramlearnapp.arcsresponse",
    "pk": 29,
    "fields": {
      "questionnaire": 1,
      "student": 31,
      "submitted_at": "2024-01-15T08:30:00Z",
      "completed_at": "2024-01-15T08:45:00Z",
      "is_completed": true
    }
  },
  {
    "model": "pramlearnapp.arcsresponse",
    "pk": 30,
    "fields": {
      "questionnaire": 1,
      "student": 32,
      "submitted_at": "2024-01-15T08:30:00Z",
      "completed_at": "2024-01-15T08:45:00Z",
      "is_completed": true
    }
  },
  {
    "model": "pramlearnapp.arcsresponse",
    "pk": 31,
    "fields": {
      "questionnaire": 1,
      "student": 33,
      "submitted_at": "2024-01-15T08:30:00Z",
      "completed_at": "2024-01-15T08:45:00Z",
      "is_completed": true
    }
  },
  {
    "model": "pramlearnapp.arcsresponse",
    "pk": 32,
    "fields": {
      "questionnaire": 1,
      "student": 34,
      "submitted_at": "2024-01-15T08:30:00Z",
      "completed_at": "2024-01-15T08:45:00Z",
      "is_completed": true
    }
  },
  {
    "model": "pramlearnapp.arcsresponse",
    "pk": 33,
    "fields": {
      "questionnaire": 1,
      "student": 35,
      "submitted_at": "2024-01-15T08:30:00Z",
      "completed_at": "2024-01-15T08:45:00Z",
      "is_completed": true
    }
  },
  {
    "model": "pramlearnapp.arcsresponse",
    "pk": 34,
    "fields": {
      "questionnaire": 1,
      "student": 36,
      "submitted_at": "2024-01-15T08:30:00Z",
      "completed_at": "2024-01-15T08:45:00Z",
      "is_completed": true
    }
  },
  {
    "model": "pramlearnapp.arcsanswer",
    "pk": 1,
    "fields": {
      "response": 1,
      "question": 1,
      "likert_value": 2,
      "choice_value": null,
      "text_value": null,
      "answered_at": "2024-01-15T08:35:00Z"
    }
  },
  {
    "model": "pramlearnapp.arcsanswer",
    "pk": 2,
    "fields": {
      "response": 1,
      "question": 2,
      "likert_value": 3,
      "choice_value": null,
      "text_value": null,
      "answered_at": "2024-01-15T08:35:00Z"
    }
  },
  {
    "model": "pramlearnapp.arcsanswer",
    "pk": 3,
    "fields": {
      "response": 1,
      "question": 3,
      "likert_value": 3,
      "choice_value": null,
      "text_value": null,
      "answered_at": "2024-01-15T08:35:00Z"
    }
  },
  {
    "model": "pramlearnapp.arcsanswer",
    "pk": 4,
    "fields": {
      "response": 1,
      "question": 4,
      "likert_value": 3,
      "choice_value": null,
      "text_value": null,
      "answered_at": "2024-01-15T08:35:00Z"
    }
  },
  {
    "model": "pramlearnapp.arcsanswer",
    "pk": 5,
    "fields": {
      "response": 1,
      "question": 5,
      "likert_value": 3,
      "choice_value": null,
      "text_value": null,
      "answered_at": "2024-01-15T08:35:00Z"
    }
  },
  {
    "model": "pramlearnapp.arcsanswer",
    "pk": 6,
    "fields": {
      "response": 1,
      "question": 6,
      "likert_value": 5,
      "choice_value": null,
      "text_value": null,
      "answered_at": "2024-01-15T08:35:00Z"
    }
  },
  {
    "model": "pramlearnapp.arcsanswer",
    "pk": 7,
    "fields": {
      "response": 1,
      "question": 7,
      "likert_value": 3,
      "choice_value": null,
      "text_value": null,
      "answered_at": "2024-01-15T08:35:00Z"
    }
  },
  {
    "model": "pramlearnapp.arcsanswer",
    "pk": 8,
    "fields": {
      "response": 1,
      "question": 8,
      "likert_value": 4,
      "choice_value": null,
      "text_value": null,
      "answered_at": "2024-01-15T08:35:00Z"
    }
  },
  {
    "model": "pramlearnapp.arcsanswer",
    "pk": 9,
    "fields": {
      "response": 1,
      "question": 9,
      "likert_value": 4,
      "choice_value": null,
      "text_value": null,
      "answered_at": "2024-01-15T08:35:00Z"
    }
  },
  {
    "model": "pramlearnapp.arcsanswer",
    "pk": 10,
    "fields": {
      "response": 1,
      "question": 10,
      "likert_value": 2,
      "choice_value": null,
      "text_value": null,
      "answered_at": "2024-01-15T08:35:00Z"
    }
  },
  {
    "model": "pramlearnapp.arcsanswer",
    "pk": 11,
    "fields": {
      "response": 1,
      "question": 11,
      "likert_value": 3,
      "choice_value": null,
      "text_value": null,
      "answered_at": "2024-01-15T08:35:00Z"
    }
  },
  {
    "model": "pramlearnapp.arcsanswer",
    "pk": 12,
    "fields": {
      "response": 1,
      "question": 12,
      "likert_value": 4,
      "choice_value": null,
      "text_value": null,
      "answered_at": "2024-01-15T08:35:00Z"
    }
  },
  {
    "model": "pramlearnapp.arcsanswer",
    "pk": 13,
    "fields": {
      "response": 1,
      "question": 13,
      "likert_value": 3,
      "choice_value": null,
      "text_value": null,
      "answered_at": "2024-01-15T08:35:00Z"
    }
  },
  {
    "model": "pramlearnapp.arcsanswer",
    "pk": 14,
    "fields": {
      "response": 1,
      "question": 14,
      "likert_value": 3,
      "choice_value": null,
      "text_value": null,
      "answered_at": "2024-01-15T08:35:00Z"
    }
  },
  {
    "model": "pramlearnapp.arcsanswer",
    "pk": 15,
    "fields": {
      "response": 1,
      "question": 15,
      "likert_value": 5,
      "choice_value": null,
      "text_value": null,
      "answered_at": "2024-01-15T08:35:00Z"
    }
  },
  {
    "model": "pramlearnapp.arcsanswer",
    "pk": 16,
    "fields": {
      "response": 1,
      "question": 16,
      "likert_value": 4,
      "choice_value": null,
      "text_value": null,
      "answered_at": "2024-01-15T08:35:00Z"
    }
  },
  {
    "model": "pramlearnapp.arcsanswer",
    "pk": 17,
    "fields": {
      "response": 1,
      "question": 17,
      "likert_value": 4,
      "choice_value": null,
      "text_value": null,
      "answered_at": "2024-01-15T08:35:00Z"
    }
  },
  {
    "model": "pramlearnapp.arcsanswer",
    "pk": 18,
    "fields": {
      "response": 1,
      "question": 18,
      "likert_value": 5,
      "choice_value": null,
      "text_value": null,
      "answered_at": "2024-01-15T08:35:00Z"
    }
  },
  {
    "model": "pramlearnapp.arcsanswer",
    "pk": 19,
    "fields": {
      "response": 1,
      "question": 19,
      "likert_value": 3,
      "choice_value": null,
      "text_value": null,
      "answered_at": "2024-01-15T08:35:00Z"
    }
  },
  {
    "model": "pramlearnapp.arcsanswer",
    "pk": 20,
    "fields": {
      "response": 1,
      "question": 20,
      "likert_value": 5,
      "choice_value": null,
      "text_value": null,
      "answered_at": "2024-01-15T08:35:00Z"
    }
  },
  {
    "model": "pramlearnapp.arcsanswer",
    "pk": 21,
    "fields": {
      "response": 2,
      "question": 1,
      "likert_value": 3,
      "choice_value": null,
      "text_value": null,
      "answered_at": "2024-01-15T08:35:00Z"
    }
  },
  {
    "model": "pramlearnapp.arcsanswer",
    "pk": 22,
    "fields": {
      "response": 2,
      "question": 2,
      "likert_value": 4,
      "choice_value": null,
      "text_value": null,
      "answered_at": "2024-01-15T08:35:00Z"
    }
  },
  {
    "model": "pramlearnapp.arcsanswer",
    "pk": 23,
    "fields": {
      "response": 2,
      "question": 3,
      "likert_value": 4,
      "choice_value": null,
      "text_value": null,
      "answered_at": "2024-01-15T08:35:00Z"
    }
  },
  {
    "model": "pramlearnapp.arcsanswer",
    "pk": 24,
    "fields": {
      "response": 2,
      "question": 4,
      "likert_value": 3,
      "choice_value": null,
      "text_value": null,
      "answered_at": "2024-01-15T08:35:00Z"
    }
  },
  {
    "model": "pramlearnapp.arcsanswer",
    "pk": 25,
    "fields": {
      "response": 2,
      "question": 5,
      "likert_value": 2,
      "choice_value": null,
      "text_value": null,
      "answered_at": "2024-01-15T08:35:00Z"
    }
  },
  {
    "model": "pramlearnapp.arcsanswer",
    "pk": 26,
    "fields": {
      "response": 2,
      "question": 6,
      "likert_value": 3,
      "choice_value": null,
      "text_value": null,
      "answered_at": "2024-01-15T08:35:00Z"
    }
  },
  {
    "model": "pramlearnapp.arcsanswer",
    "pk": 27,
    "fields": {
      "response": 2,
      "question": 7,
      "likert_value": 5,
      "choice_value": null,
      "text_value": null,
      "answered_at": "2024-01-15T08:35:00Z"
    }
  },
  {
    "model": "pramlearnapp.arcsanswer",
    "pk": 28,
    "fields": {
      "response": 2,
      "question": 8,
      "likert_value": 4,
      "choice_value": null,
      "text_value": null,
      "answered_at": "2024-01-15T08:35:00Z"
    }
  },
  {
    "model": "pramlearnapp.arcsanswer",
    "pk": 29,
    "fields": {
      "response": 2,
      "question": 9,
      "likert_value": 2,
      "choice_value": null,
      "text_value": null,
      "answered_at": "2024-01-15T08:35:00Z"
    }
  },
  {
    "model": "pramlearnapp.arcsanswer",
    "pk": 30,
    "fields": {
      "response": 2,
      "question": 10,
      "likert_value": 5,
      "choice_value": null,
      "text_value": null,
      "answered_at": "2024-01-15T08:35:00Z"
    }
  },
  {
    "model": "pramlearnapp.arcsanswer",
    "pk": 31,
    "fields": {
      "response": 2,
      "question": 11,
      "likert_value": 4,
      "choice_value": null,
      "text_value": null,
      "answered_at": "2024-01-15T08:35:00Z"
    }
  },
  {
    "model": "pramlearnapp.arcsanswer",
    "pk": 32,
    "fields": {
      "response": 2,
      "question": 12,
      "likert_value": 3,
      "choice_value": null,
      "text_value": null,
      "answered_at": "2024-01-15T08:35:00Z"
    }
  },
  {
    "model": "pramlearnapp.arcsanswer",
    "pk": 33,
    "fields": {
      "response": 2,
      "question": 13,
      "likert_value": 5,
      "choice_value": null,
      "text_value": null,
      "answered_at": "2024-01-15T08:35:00Z"
    }
  },
  {
    "model": "pramlearnapp.arcsanswer",
    "pk": 34,
    "fields": {
      "response": 2,
      "question": 14,
      "likert_value": 3,
      "choice_value": null,
      "text_value": null,
      "answered_at": "2024-01-15T08:35:00Z"
    }
  },
  {
    "model": "pramlearnapp.arcsanswer",
    "pk": 35,
    "fields": {
      "response": 2,
      "question": 15,
      "likert_value": 4,
      "choice_value": null,
      "text_value": null,
      "answered_at": "2024-01-15T08:35:00Z"
    }
  },
  {
    "model": "pramlearnapp.arcsanswer",
    "pk": 36,
    "fields": {
      "response": 2,
      "question": 16,
      "likert_value": 4,
      "choice_value": null,
      "text_value": null,
      "answered_at": "2024-01-15T08:35:00Z"
    }
  },
  {
    "model": "pramlearnapp.arcsanswer",
    "pk": 37,
    "fields": {
      "response": 2,
      "question": 17,
      "likert_value": 4,
      "choice_value": null,
      "text_value": null,
      "answered_at": "2024-01-15T08:35:00Z"
    }
  },
  {
    "model": "pramlearnapp.arcsanswer",
    "pk": 38,
    "fields": {
      "response": 2,
      "question": 18,
      "likert_value": 4,
      "choice_value": null,
      "text_value": null,
      "answered_at": "2024-01-15T08:35:00Z"
    }
  },
  {
    "model": "pramlearnapp.arcsanswer",
    "pk": 39,
    "fields": {
      "response": 2,
      "question": 19,
      "likert_value": 5,
      "choice_value": null,
      "text_value": null,
      "answered_at": "2024-01-15T08:35:00Z"
    }
  },
  {
    "model": "pramlearnapp.arcsanswer",
    "pk": 40,
    "fields": {
      "response": 2,
      "question": 20,
      "likert_value": 5,
      "choice_value": null,
      "text_value": null,
      "answered_at": "2024-01-15T08:35:00Z"
    }
  },
  {
    "model": "pramlearnapp.arcsanswer",
    "pk": 41,
    "fields": {
      "response": 3,
      "question": 1,
      "likert_value": 4,
      "choice_value": null,
      "text_value": null,
      "answered_at": "2024-01-15T08:35:00Z"
    }
  },
  {
    "model": "pramlearnapp.arcsanswer",
    "pk": 42,
    "fields": {
      "response": 3,
      "question": 2,
      "likert_value": 5,
      "choice_value": null,
      "text_value": null,
      "answered_at": "2024-01-15T08:35:00Z"
    }
  },
  {
    "model": "pramlearnapp.arcsanswer",
    "pk": 43,
    "fields": {
      "response": 3,
      "question": 3,
      "likert_value": 3,
      "choice_value": null,
      "text_value": null,
      "answered_at": "2024-01-15T08:35:00Z"
    }
  },
  {
    "model": "pramlearnapp.arcsanswer",
    "pk": 44,
    "fields": {
      "response": 3,
      "question": 4,
      "likert_value": 3,
      "choice_value": null,
      "text_value": null,
      "answered_at": "2024-01-15T08:35:00Z"
    }
  },
  {
    "model": "pramlearnapp.arcsanswer",
    "pk": 45,
    "fields": {
      "response": 3,
      "question": 5,
      "likert_value": 3,
      "choice_value": null,
      "text_value": null,
      "answered_at": "2024-01-15T08:35:00Z"
    }
  },
  {
    "model": "pramlearnapp.arcsanswer",
    "pk": 46,
    "fields": {
      "response": 3,
      "question": 6,
      "likert_value": 3,
      "choice_value": null,
      "text_value": null,
      "answered_at": "2024-01-15T08:35:00Z"
    }
  },
  {
    "model": "pramlearnapp.arcsanswer",
    "pk": 47,
    "fields": {
      "response": 3,
      "question": 7,
      "likert_value": 4,
      "choice_value": null,
      "text_value": null,
      "answered_at": "2024-01-15T08:35:00Z"
    }
  },
  {
    "model": "pramlearnapp.arcsanswer",
    "pk": 48,
    "fields": {
      "response": 3,
      "question": 8,
      "likert_value": 3,
      "choice_value": null,
      "text_value": null,
      "answered_at": "2024-01-15T08:35:00Z"
    }
  },
  {
    "model": "pramlearnapp.arcsanswer",
    "pk": 49,
    "fields": {
      "response": 3,
      "question": 9,
      "likert_value": 4,
      "choice_value": null,
      "text_value": null,
      "answered_at": "2024-01-15T08:35:00Z"
    }
  },
  {
    "model": "pramlearnapp.arcsanswer",
    "pk": 50,
    "fields": {
      "response": 3,
      "question": 10,
      "likert_value": 4,
      "choice_value": null,
      "text_value": null,
      "answered_at": "2024-01-15T08:35:00Z"
    }
  },
  {
    "model": "pramlearnapp.arcsanswer",
    "pk": 51,
    "fields": {
      "response": 3,
      "question": 11,
      "likert_value": 5,
      "choice_value": null,
      "text_value": null,
      "answered_at": "2024-01-15T08:35:00Z"
    }
  },
  {
    "model": "pramlearnapp.arcsanswer",
    "pk": 52,
    "fields": {
      "response": 3,
      "question": 12,
      "likert_value": 5,
      "choice_value": null,
      "text_value": null,
      "answered_at": "2024-01-15T08:35:00Z"
    }
  },
  {
    "model": "pramlearnapp.arcsanswer",
    "pk": 53,
    "fields": {
      "response": 3,
      "question": 13,
      "likert_value": 3,
      "choice_value": null,
      "text_value": null,
      "answered_at": "2024-01-15T08:35:00Z"
    }
  },
  {
    "model": "pramlearnapp.arcsanswer",
    "pk": 54,
    "fields": {
      "response": 3,
      "question": 14,
      "likert_value": 5,
      "choice_value": null,
      "text_value": null,
      "answered_at": "2024-01-15T08:35:00Z"
    }
  },
  {
    "model": "pramlearnapp.arcsanswer",
    "pk": 55,
    "fields": {
      "response": 3,
      "question": 15,
      "likert_value": 3,
      "choice_value": null,
      "text_value": null,
      "answered_at": "2024-01-15T08:35:00Z"
    }
  },
  {
    "model": "pramlearnapp.arcsanswer",
    "pk": 56,
    "fields": {
      "response": 3,
      "question": 16,
      "likert_value": 4,
      "choice_value": null,
      "text_value": null,
      "answered_at": "2024-01-15T08:35:00Z"
    }
  },
  {
    "model": "pramlearnapp.arcsanswer",
    "pk": 57,
    "fields": {
      "response": 3,
      "question": 17,
      "likert_value": 3,
      "choice_value": null,
      "text_value": null,
      "answered_at": "2024-01-15T08:35:00Z"
    }
  },
  {
    "model": "pramlearnapp.arcsanswer",
    "pk": 58,
    "fields": {
      "response": 3,
      "question": 18,
      "likert_value": 3,
      "choice_value": null,
      "text_value": null,
      "answered_at": "2024-01-15T08:35:00Z"
    }
  },
  {
    "model": "pramlearnapp.arcsanswer",
    "pk": 59,
    "fields": {
      "response": 3,
      "question": 19,
      "likert_value": 4,
      "choice_value": null,
      "text_value": null,
      "answered_at": "2024-01-15T08:35:00Z"
    }
  },
  {
    "model": "pramlearnapp.arcsanswer",
    "pk": 60,
    "fields": {
      "response": 3,
      "question": 20,
      "likert_value": 3,
      "choice_value": null,
      "text_value": null,
      "answered_at": "2024-01-15T08:35:00Z"
    }
  },
  {
    "model": "pramlearnapp.arcsanswer",
    "pk": 61,
    "fields": {
      "response": 4,
      "question": 1,
      "likert_value": 5,
      "choice_value": null,
      "text_value": null,
      "answered_at": "2024-01-15T08:35:00Z"
    }
  },
  {
    "model": "pramlearnapp.arcsanswer",
    "pk": 62,
    "fields": {
      "response": 4,
      "question": 2,
      "likert_value": 3,
      "choice_value": null,
      "text_value": null,
      "answered_at": "2024-01-15T08:35:00Z"
    }
  },
  {
    "model": "pramlearnapp.arcsanswer",
    "pk": 63,
    "fields": {
      "response": 4,
      "question": 3,
      "likert_value": 3,
      "choice_value": null,
      "text_value": null,
      "answered_at": "2024-01-15T08:35:00Z"
    }
  },
  {
    "model": "pramlearnapp.arcsanswer",
    "pk": 64,
    "fields": {
      "response": 4,
      "question": 4,
      "likert_value": 2,
      "choice_value": null,
      "text_value": null,
      "answered_at": "2024-01-15T08:35:00Z"
    }
  },
  {
    "model": "pramlearnapp.arcsanswer",
    "pk": 65,
    "fields": {
      "response": 4,
      "question": 5,
      "likert_value": 4,
      "choice_value": null,
      "text_value": null,
      "answered_at": "2024-01-15T08:35:00Z"
    }
  },
  {
    "model": "pramlearnapp.arcsanswer",
    "pk": 66,
    "fields": {
      "response": 4,
      "question": 6,
      "likert_value": 5,
      "choice_value": null,
      "text_value": null,
      "answered_at": "2024-01-15T08:35:00Z"
    }
  },
  {
    "model": "pramlearnapp.arcsanswer",
    "pk": 67,
    "fields": {
      "response": 4,
      "question": 7,
      "likert_value": 3,
      "choice_value": null,
      "text_value": null,
      "answered_at": "2024-01-15T08:35:00Z"
    }
  },
  {
    "model": "pramlearnapp.arcsanswer",
    "pk": 68,
    "fields": {
      "response": 4,
      "question": 8,
      "likert_value": 5,
      "choice_value": null,
      "text_value": null,
      "answered_at": "2024-01-15T08:35:00Z"
    }
  },
  {
    "model": "pramlearnapp.arcsanswer",
    "pk": 69,
    "fields": {
      "response": 4,
      "question": 9,
      "likert_value": 5,
      "choice_value": null,
      "text_value": null,
      "answered_at": "2024-01-15T08:35:00Z"
    }
  },
  {
    "model": "pramlearnapp.arcsanswer",
    "pk": 70,
    "fields": {
      "response": 4,
      "question": 10,
      "likert_value": 4,
      "choice_value": null,
      "text_value": null,
      "answered_at": "2024-01-15T08:35:00Z"
    }
  },
  {
    "model": "pramlearnapp.arcsanswer",
    "pk": 71,
    "fields": {
      "response": 4,
      "question": 11,
      "likert_value": 4,
      "choice_value": null,
      "text_value": null,
      "answered_at": "2024-01-15T08:35:00Z"
    }
  },
  {
    "model": "pramlearnapp.arcsanswer",
    "pk": 72,
    "fields": {
      "response": 4,
      "question": 12,
      "likert_value": 2,
      "choice_value": null,
      "text_value": null,
      "answered_at": "2024-01-15T08:35:00Z"
    }
  },
  {
    "model": "pramlearnapp.arcsanswer",
    "pk": 73,
    "fields": {
      "response": 4,
      "question": 13,
      "likert_value": 3,
      "choice_value": null,
      "text_value": null,
      "answered_at": "2024-01-15T08:35:00Z"
    }
  },
  {
    "model": "pramlearnapp.arcsanswer",
    "pk": 74,
    "fields": {
      "response": 4,
      "question": 14,
      "likert_value": 3,
      "choice_value": null,
      "text_value": null,
      "answered_at": "2024-01-15T08:35:00Z"
    }
  },
  {
    "model": "pramlearnapp.arcsanswer",
    "pk": 75,
    "fields": {
      "response": 4,
      "question": 15,
      "likert_value": 4,
      "choice_value": null,
      "text_value": null,
      "answered_at": "2024-01-15T08:35:00Z"
    }
  },
  {
    "model": "pramlearnapp.arcsanswer",
    "pk": 76,
    "fields": {
      "response": 4,
      "question": 16,
      "likert_value": 4,
      "choice_value": null,
      "text_value": null,
      "answered_at": "2024-01-15T08:35:00Z"
    }
  },
  {
    "model": "pramlearnapp.arcsanswer",
    "pk": 77,
    "fields": {
      "response": 4,
      "question": 17,
      "likert_value": 4,
      "choice_value": null,
      "text_value": null,
      "answered_at": "2024-01-15T08:35:00Z"
    }
  },
  {
    "model": "pramlearnapp.arcsanswer",
    "pk": 78,
    "fields": {
      "response": 4,
      "question": 18,
      "likert_value": 4,
      "choice_value": null,
      "text_value": null,
      "answered_at": "2024-01-15T08:35:00Z"
    }
  },
  {
    "model": "pramlearnapp.arcsanswer",
    "pk": 79,
    "fields": {
      "response": 4,
      "question": 19,
      "likert_value": 4,
      "choice_value": null,
      "text_value": null,
      "answered_at": "2024-01-15T08:35:00Z"
    }
  },
  {
    "model": "pramlearnapp.arcsanswer",
    "pk": 80,
    "fields": {
      "response": 4,
      "question": 20,
      "likert_value": 5,
      "choice_value": null,
      "text_value": null,
      "answered_at": "2024-01-15T08:35:00Z"
    }
  },
  {
    "model": "pramlearnapp.arcsanswer",
    "pk": 81,
    "fields": {
      "response": 5,
      "question": 1,
      "likert_value": 4,
      "choice_value": null,
      "text_value": null,
      "answered_at": "2024-01-15T08:35:00Z"
    }
  },
  {
    "model": "pramlearnapp.arcsanswer",
    "pk": 82,
    "fields": {
      "response": 5,
      "question": 2,
      "likert_value": 5,
      "choice_value": null,
      "text_value": null,
      "answered_at": "2024-01-15T08:35:00Z"
    }
  },
  {
    "model": "pramlearnapp.arcsanswer",
    "pk": 83,
    "fields": {
      "response": 5,
      "question": 3,
      "likert_value": 5,
      "choice_value": null,
      "text_value": null,
      "answered_at": "2024-01-15T08:35:00Z"
    }
  },
  {
    "model": "pramlearnapp.arcsanswer",
    "pk": 84,
    "fields": {
      "response": 5,
      "question": 4,
      "likert_value": 3,
      "choice_value": null,
      "text_value": null,
      "answered_at": "2024-01-15T08:35:00Z"
    }
  },
  {
    "model": "pramlearnapp.arcsanswer",
    "pk": 85,
    "fields": {
      "response": 5,
      "question": 5,
      "likert_value": 4,
      "choice_value": null,
      "text_value": null,
      "answered_at": "2024-01-15T08:35:00Z"
    }
  },
  {
    "model": "pramlearnapp.arcsanswer",
    "pk": 86,
    "fields": {
      "response": 5,
      "question": 6,
      "likert_value": 3,
      "choice_value": null,
      "text_value": null,
      "answered_at": "2024-01-15T08:35:00Z"
    }
  },
  {
    "model": "pramlearnapp.arcsanswer",
    "pk": 87,
    "fields": {
      "response": 5,
      "question": 7,
      "likert_value": 4,
      "choice_value": null,
      "text_value": null,
      "answered_at": "2024-01-15T08:35:00Z"
    }
  },
  {
    "model": "pramlearnapp.arcsanswer",
    "pk": 88,
    "fields": {
      "response": 5,
      "question": 8,
      "likert_value": 3,
      "choice_value": null,
      "text_value": null,
      "answered_at": "2024-01-15T08:35:00Z"
    }
  },
  {
    "model": "pramlearnapp.arcsanswer",
    "pk": 89,
    "fields": {
      "response": 5,
      "question": 9,
      "likert_value": 4,
      "choice_value": null,
      "text_value": null,
      "answered_at": "2024-01-15T08:35:00Z"
    }
  },
  {
    "model": "pramlearnapp.arcsanswer",
    "pk": 90,
    "fields": {
      "response": 5,
      "question": 10,
      "likert_value": 2,
      "choice_value": null,
      "text_value": null,
      "answered_at": "2024-01-15T08:35:00Z"
    }
  },
  {
    "model": "pramlearnapp.arcsanswer",
    "pk": 91,
    "fields": {
      "response": 5,
      "question": 11,
      "likert_value": 5,
      "choice_value": null,
      "text_value": null,
      "answered_at": "2024-01-15T08:35:00Z"
    }
  },
  {
    "model": "pramlearnapp.arcsanswer",
    "pk": 92,
    "fields": {
      "response": 5,
      "question": 12,
      "likert_value": 5,
      "choice_value": null,
      "text_value": null,
      "answered_at": "2024-01-15T08:35:00Z"
    }
  },
  {
    "model": "pramlearnapp.arcsanswer",
    "pk": 93,
    "fields": {
      "response": 5,
      "question": 13,
      "likert_value": 5,
      "choice_value": null,
      "text_value": null,
      "answered_at": "2024-01-15T08:35:00Z"
    }
  },
  {
    "model": "pramlearnapp.arcsanswer",
    "pk": 94,
    "fields": {
      "response": 5,
      "question": 14,
      "likert_value": 4,
      "choice_value": null,
      "text_value": null,
      "answered_at": "2024-01-15T08:35:00Z"
    }
  },
  {
    "model": "pramlearnapp.arcsanswer",
    "pk": 95,
    "fields": {
      "response": 5,
      "question": 15,
      "likert_value": 3,
      "choice_value": null,
      "text_value": null,
      "answered_at": "2024-01-15T08:35:00Z"
    }
  },
  {
    "model": "pramlearnapp.arcsanswer",
    "pk": 96,
    "fields": {
      "response": 5,
      "question": 16,
      "likert_value": 4,
      "choice_value": null,
      "text_value": null,
      "answered_at": "2024-01-15T08:35:00Z"
    }
  },
  {
    "model": "pramlearnapp.arcsanswer",
    "pk": 97,
    "fields": {
      "response": 5,
      "question": 17,
      "likert_value": 3,
      "choice_value": null,
      "text_value": null,
      "answered_at": "2024-01-15T08:35:00Z"
    }
  },
  {
    "model": "pramlearnapp.arcsanswer",
    "pk": 98,
    "fields": {
      "response": 5,
      "question": 18,
      "likert_value": 4,
      "choice_value": null,
      "text_value": null,
      "answered_at": "2024-01-15T08:35:00Z"
    }
  },
  {
    "model": "pramlearnapp.arcsanswer",
    "pk": 99,
    "fields": {
      "response": 5,
      "question": 19,
      "likert_value": 4,
      "choice_value": null,
      "text_value": null,
      "answered_at": "2024-01-15T08:35:00Z"
    }
  },
  {
    "model": "pramlearnapp.arcsanswer",
    "pk": 100,
    "fields": {
      "response": 5,
      "question": 20,
      "likert_value": 4,
      "choice_value": null,
      "text_value": null,
      "answered_at": "2024-01-15T08:35:00Z"
    }
  },
  {
    "model": "pramlearnapp.arcsanswer",
    "pk": 101,
    "fields": {
      "response": 6,
      "question": 1,
      "likert_value": 3,
      "choice_value": null,
      "text_value": null,
      "answered_at": "2024-01-15T08:35:00Z"
    }
  },
  {
    "model": "pramlearnapp.arcsanswer",
    "pk": 102,
    "fields": {
      "response": 6,
      "question": 2,
      "likert_value": 3,
      "choice_value": null,
      "text_value": null,
      "answered_at": "2024-01-15T08:35:00Z"
    }
  },
  {
    "model": "pramlearnapp.arcsanswer",
    "pk": 103,
    "fields": {
      "response": 6,
      "question": 3,
      "likert_value": 4,
      "choice_value": null,
      "text_value": null,
      "answered_at": "2024-01-15T08:35:00Z"
    }
  },
  {
    "model": "pramlearnapp.arcsanswer",
    "pk": 104,
    "fields": {
      "response": 6,
      "question": 4,
      "likert_value": 4,
      "choice_value": null,
      "text_value": null,
      "answered_at": "2024-01-15T08:35:00Z"
    }
  },
  {
    "model": "pramlearnapp.arcsanswer",
    "pk": 105,
    "fields": {
      "response": 6,
      "question": 5,
      "likert_value": 4,
      "choice_value": null,
      "text_value": null,
      "answered_at": "2024-01-15T08:35:00Z"
    }
  },
  {
    "model": "pramlearnapp.arcsanswer",
    "pk": 106,
    "fields": {
      "response": 6,
      "question": 6,
      "likert_value": 4,
      "choice_value": null,
      "text_value": null,
      "answered_at": "2024-01-15T08:35:00Z"
    }
  },
  {
    "model": "pramlearnapp.arcsanswer",
    "pk": 107,
    "fields": {
      "response": 6,
      "question": 7,
      "likert_value": 4,
      "choice_value": null,
      "text_value": null,
      "answered_at": "2024-01-15T08:35:00Z"
    }
  },
  {
    "model": "pramlearnapp.arcsanswer",
    "pk": 108,
    "fields": {
      "response": 6,
      "question": 8,
      "likert_value": 4,
      "choice_value": null,
      "text_value": null,
      "answered_at": "2024-01-15T08:35:00Z"
    }
  },
  {
    "model": "pramlearnapp.arcsanswer",
    "pk": 109,
    "fields": {
      "response": 6,
      "question": 9,
      "likert_value": 4,
      "choice_value": null,
      "text_value": null,
      "answered_at": "2024-01-15T08:35:00Z"
    }
  },
  {
    "model": "pramlearnapp.arcsanswer",
    "pk": 110,
    "fields": {
      "response": 6,
      "question": 10,
      "likert_value": 4,
      "choice_value": null,
      "text_value": null,
      "answered_at": "2024-01-15T08:35:00Z"
    }
  },
  {
    "model": "pramlearnapp.arcsanswer",
    "pk": 111,
    "fields": {
      "response": 6,
      "question": 11,
      "likert_value": 4,
      "choice_value": null,
      "text_value": null,
      "answered_at": "2024-01-15T08:35:00Z"
    }
  },
  {
    "model": "pramlearnapp.arcsanswer",
    "pk": 112,
    "fields": {
      "response": 6,
      "question": 12,
      "likert_value": 5,
      "choice_value": null,
      "text_value": null,
      "answered_at": "2024-01-15T08:35:00Z"
    }
  },
  {
    "model": "pramlearnapp.arcsanswer",
    "pk": 113,
    "fields": {
      "response": 6,
      "question": 13,
      "likert_value": 4,
      "choice_value": null,
      "text_value": null,
      "answered_at": "2024-01-15T08:35:00Z"
    }
  },
  {
    "model": "pramlearnapp.arcsanswer",
    "pk": 114,
    "fields": {
      "response": 6,
      "question": 14,
      "likert_value": 4,
      "choice_value": null,
      "text_value": null,
      "answered_at": "2024-01-15T08:35:00Z"
    }
  },
  {
    "model": "pramlearnapp.arcsanswer",
    "pk": 115,
    "fields": {
      "response": 6,
      "question": 15,
      "likert_value": 2,
      "choice_value": null,
      "text_value": null,
      "answered_at": "2024-01-15T08:35:00Z"
    }
  },
  {
    "model": "pramlearnapp.arcsanswer",
    "pk": 116,
    "fields": {
      "response": 6,
      "question": 16,
      "likert_value": 4,
      "choice_value": null,
      "text_value": null,
      "answered_at": "2024-01-15T08:35:00Z"
    }
  },
  {
    "model": "pramlearnapp.arcsanswer",
    "pk": 117,
    "fields": {
      "response": 6,
      "question": 17,
      "likert_value": 4,
      "choice_value": null,
      "text_value": null,
      "answered_at": "2024-01-15T08:35:00Z"
    }
  },
  {
    "model": "pramlearnapp.arcsanswer",
    "pk": 118,
    "fields": {
      "response": 6,
      "question": 18,
      "likert_value": 4,
      "choice_value": null,
      "text_value": null,
      "answered_at": "2024-01-15T08:35:00Z"
    }
  },
  {
    "model": "pramlearnapp.arcsanswer",
    "pk": 119,
    "fields": {
      "response": 6,
      "question": 19,
      "likert_value": 5,
      "choice_value": null,
      "text_value": null,
      "answered_at": "2024-01-15T08:35:00Z"
    }
  },
  {
    "model": "pramlearnapp.arcsanswer",
    "pk": 120,
    "fields": {
      "response": 6,
      "question": 20,
      "likert_value": 4,
      "choice_value": null,
      "text_value": null,
      "answered_at": "2024-01-15T08:35:00Z"
    }
  },
  {
    "model": "pramlearnapp.arcsanswer",
    "pk": 121,
    "fields": {
      "response": 7,
      "question": 1,
      "likert_value": 3,
      "choice_value": null,
      "text_value": null,
      "answered_at": "2024-01-15T08:35:00Z"
    }
  },
  {
    "model": "pramlearnapp.arcsanswer",
    "pk": 122,
    "fields": {
      "response": 7,
      "question": 2,
      "likert_value": 4,
      "choice_value": null,
      "text_value": null,
      "answered_at": "2024-01-15T08:35:00Z"
    }
  },
  {
    "model": "pramlearnapp.arcsanswer",
    "pk": 123,
    "fields": {
      "response": 7,
      "question": 3,
      "likert_value": 3,
      "choice_value": null,
      "text_value": null,
      "answered_at": "2024-01-15T08:35:00Z"
    }
  },
  {
    "model": "pramlearnapp.arcsanswer",
    "pk": 124,
    "fields": {
      "response": 7,
      "question": 4,
      "likert_value": 3,
      "choice_value": null,
      "text_value": null,
      "answered_at": "2024-01-15T08:35:00Z"
    }
  },
  {
    "model": "pramlearnapp.arcsanswer",
    "pk": 125,
    "fields": {
      "response": 7,
      "question": 5,
      "likert_value": 4,
      "choice_value": null,
      "text_value": null,
      "answered_at": "2024-01-15T08:35:00Z"
    }
  },
  {
    "model": "pramlearnapp.arcsanswer",
    "pk": 126,
    "fields": {
      "response": 7,
      "question": 6,
      "likert_value": 4,
      "choice_value": null,
      "text_value": null,
      "answered_at": "2024-01-15T08:35:00Z"
    }
  },
  {
    "model": "pramlearnapp.arcsanswer",
    "pk": 127,
    "fields": {
      "response": 7,
      "question": 7,
      "likert_value": 3,
      "choice_value": null,
      "text_value": null,
      "answered_at": "2024-01-15T08:35:00Z"
    }
  },
  {
    "model": "pramlearnapp.arcsanswer",
    "pk": 128,
    "fields": {
      "response": 7,
      "question": 8,
      "likert_value": 4,
      "choice_value": null,
      "text_value": null,
      "answered_at": "2024-01-15T08:35:00Z"
    }
  },
  {
    "model": "pramlearnapp.arcsanswer",
    "pk": 129,
    "fields": {
      "response": 7,
      "question": 9,
      "likert_value": 4,
      "choice_value": null,
      "text_value": null,
      "answered_at": "2024-01-15T08:35:00Z"
    }
  },
  {
    "model": "pramlearnapp.arcsanswer",
    "pk": 130,
    "fields": {
      "response": 7,
      "question": 10,
      "likert_value": 5,
      "choice_value": null,
      "text_value": null,
      "answered_at": "2024-01-15T08:35:00Z"
    }
  },
  {
    "model": "pramlearnapp.arcsanswer",
    "pk": 131,
    "fields": {
      "response": 7,
      "question": 11,
      "likert_value": 3,
      "choice_value": null,
      "text_value": null,
      "answered_at": "2024-01-15T08:35:00Z"
    }
  },
  {
    "model": "pramlearnapp.arcsanswer",
    "pk": 132,
    "fields": {
      "response": 7,
      "question": 12,
      "likert_value": 3,
      "choice_value": null,
      "text_value": null,
      "answered_at": "2024-01-15T08:35:00Z"
    }
  },
  {
    "model": "pramlearnapp.arcsanswer",
    "pk": 133,
    "fields": {
      "response": 7,
      "question": 13,
      "likert_value": 5,
      "choice_value": null,
      "text_value": null,
      "answered_at": "2024-01-15T08:35:00Z"
    }
  },
  {
    "model": "pramlearnapp.arcsanswer",
    "pk": 134,
    "fields": {
      "response": 7,
      "question": 14,
      "likert_value": 5,
      "choice_value": null,
      "text_value": null,
      "answered_at": "2024-01-15T08:35:00Z"
    }
  },
  {
    "model": "pramlearnapp.arcsanswer",
    "pk": 135,
    "fields": {
      "response": 7,
      "question": 15,
      "likert_value": 4,
      "choice_value": null,
      "text_value": null,
      "answered_at": "2024-01-15T08:35:00Z"
    }
  },
  {
    "model": "pramlearnapp.arcsanswer",
    "pk": 136,
    "fields": {
      "response": 7,
      "question": 16,
      "likert_value": 5,
      "choice_value": null,
      "text_value": null,
      "answered_at": "2024-01-15T08:35:00Z"
    }
  },
  {
    "model": "pramlearnapp.arcsanswer",
    "pk": 137,
    "fields": {
      "response": 7,
      "question": 17,
      "likert_value": 5,
      "choice_value": null,
      "text_value": null,
      "answered_at": "2024-01-15T08:35:00Z"
    }
  },
  {
    "model": "pramlearnapp.arcsanswer",
    "pk": 138,
    "fields": {
      "response": 7,
      "question": 18,
      "likert_value": 4,
      "choice_value": null,
      "text_value": null,
      "answered_at": "2024-01-15T08:35:00Z"
    }
  },
  {
    "model": "pramlearnapp.arcsanswer",
    "pk": 139,
    "fields": {
      "response": 7,
      "question": 19,
      "likert_value": 2,
      "choice_value": null,
      "text_value": null,
      "answered_at": "2024-01-15T08:35:00Z"
    }
  },
  {
    "model": "pramlearnapp.arcsanswer",
    "pk": 140,
    "fields": {
      "response": 7,
      "question": 20,
      "likert_value": 4,
      "choice_value": null,
      "text_value": null,
      "answered_at": "2024-01-15T08:35:00Z"
    }
  },
  {
    "model": "pramlearnapp.arcsanswer",
    "pk": 141,
    "fields": {
      "response": 8,
      "question": 1,
      "likert_value": 5,
      "choice_value": null,
      "text_value": null,
      "answered_at": "2024-01-15T08:35:00Z"
    }
  },
  {
    "model": "pramlearnapp.arcsanswer",
    "pk": 142,
    "fields": {
      "response": 8,
      "question": 2,
      "likert_value": 5,
      "choice_value": null,
      "text_value": null,
      "answered_at": "2024-01-15T08:35:00Z"
    }
  },
  {
    "model": "pramlearnapp.arcsanswer",
    "pk": 143,
    "fields": {
      "response": 8,
      "question": 3,
      "likert_value": 4,
      "choice_value": null,
      "text_value": null,
      "answered_at": "2024-01-15T08:35:00Z"
    }
  },
  {
    "model": "pramlearnapp.arcsanswer",
    "pk": 144,
    "fields": {
      "response": 8,
      "question": 4,
      "likert_value": 5,
      "choice_value": null,
      "text_value": null,
      "answered_at": "2024-01-15T08:35:00Z"
    }
  },
  {
    "model": "pramlearnapp.arcsanswer",
    "pk": 145,
    "fields": {
      "response": 8,
      "question": 5,
      "likert_value": 5,
      "choice_value": null,
      "text_value": null,
      "answered_at": "2024-01-15T08:35:00Z"
    }
  },
  {
    "model": "pramlearnapp.arcsanswer",
    "pk": 146,
    "fields": {
      "response": 8,
      "question": 6,
      "likert_value": 3,
      "choice_value": null,
      "text_value": null,
      "answered_at": "2024-01-15T08:35:00Z"
    }
  },
  {
    "model": "pramlearnapp.arcsanswer",
    "pk": 147,
    "fields": {
      "response": 8,
      "question": 7,
      "likert_value": 5,
      "choice_value": null,
      "text_value": null,
      "answered_at": "2024-01-15T08:35:00Z"
    }
  },
  {
    "model": "pramlearnapp.arcsanswer",
    "pk": 148,
    "fields": {
      "response": 8,
      "question": 8,
      "likert_value": 3,
      "choice_value": null,
      "text_value": null,
      "answered_at": "2024-01-15T08:35:00Z"
    }
  },
  {
    "model": "pramlearnapp.arcsanswer",
    "pk": 149,
    "fields": {
      "response": 8,
      "question": 9,
      "likert_value": 5,
      "choice_value": null,
      "text_value": null,
      "answered_at": "2024-01-15T08:35:00Z"
    }
  },
  {
    "model": "pramlearnapp.arcsanswer",
    "pk": 150,
    "fields": {
      "response": 8,
      "question": 10,
      "likert_value": 4,
      "choice_value": null,
      "text_value": null,
      "answered_at": "2024-01-15T08:35:00Z"
    }
  },
  {
    "model": "pramlearnapp.arcsanswer",
    "pk": 151,
    "fields": {
      "response": 8,
      "question": 11,
      "likert_value": 3,
      "choice_value": null,
      "text_value": null,
      "answered_at": "2024-01-15T08:35:00Z"
    }
  },
  {
    "model": "pramlearnapp.arcsanswer",
    "pk": 152,
    "fields": {
      "response": 8,
      "question": 12,
      "likert_value": 2,
      "choice_value": null,
      "text_value": null,
      "answered_at": "2024-01-15T08:35:00Z"
    }
  },
  {
    "model": "pramlearnapp.arcsanswer",
    "pk": 153,
    "fields": {
      "response": 8,
      "question": 13,
      "likert_value": 3,
      "choice_value": null,
      "text_value": null,
      "answered_at": "2024-01-15T08:35:00Z"
    }
  },
  {
    "model": "pramlearnapp.arcsanswer",
    "pk": 154,
    "fields": {
      "response": 8,
      "question": 14,
      "likert_value": 4,
      "choice_value": null,
      "text_value": null,
      "answered_at": "2024-01-15T08:35:00Z"
    }
  },
  {
    "model": "pramlearnapp.arcsanswer",
    "pk": 155,
    "fields": {
      "response": 8,
      "question": 15,
      "likert_value": 2,
      "choice_value": null,
      "text_value": null,
      "answered_at": "2024-01-15T08:35:00Z"
    }
  },
  {
    "model": "pramlearnapp.arcsanswer",
    "pk": 156,
    "fields": {
      "response": 8,
      "question": 16,
      "likert_value": 4,
      "choice_value": null,
      "text_value": null,
      "answered_at": "2024-01-15T08:35:00Z"
    }
  },
  {
    "model": "pramlearnapp.arcsanswer",
    "pk": 157,
    "fields": {
      "response": 8,
      "question": 17,
      "likert_value": 4,
      "choice_value": null,
      "text_value": null,
      "answered_at": "2024-01-15T08:35:00Z"
    }
  },
  {
    "model": "pramlearnapp.arcsanswer",
    "pk": 158,
    "fields": {
      "response": 8,
      "question": 18,
      "likert_value": 4,
      "choice_value": null,
      "text_value": null,
      "answered_at": "2024-01-15T08:35:00Z"
    }
  },
  {
    "model": "pramlearnapp.arcsanswer",
    "pk": 159,
    "fields": {
      "response": 8,
      "question": 19,
      "likert_value": 4,
      "choice_value": null,
      "text_value": null,
      "answered_at": "2024-01-15T08:35:00Z"
    }
  },
  {
    "model": "pramlearnapp.arcsanswer",
    "pk": 160,
    "fields": {
      "response": 8,
      "question": 20,
      "likert_value": 2,
      "choice_value": null,
      "text_value": null,
      "answered_at": "2024-01-15T08:35:00Z"
    }
  },
  {
    "model": "pramlearnapp.arcsanswer",
    "pk": 161,
    "fields": {
      "response": 9,
      "question": 1,
      "likert_value": 4,
      "choice_value": null,
      "text_value": null,
      "answered_at": "2024-01-15T08:35:00Z"
    }
  },
  {
    "model": "pramlearnapp.arcsanswer",
    "pk": 162,
    "fields": {
      "response": 9,
      "question": 2,
      "likert_value": 2,
      "choice_value": null,
      "text_value": null,
      "answered_at": "2024-01-15T08:35:00Z"
    }
  },
  {
    "model": "pramlearnapp.arcsanswer",
    "pk": 163,
    "fields": {
      "response": 9,
      "question": 3,
      "likert_value": 3,
      "choice_value": null,
      "text_value": null,
      "answered_at": "2024-01-15T08:35:00Z"
    }
  },
  {
    "model": "pramlearnapp.arcsanswer",
    "pk": 164,
    "fields": {
      "response": 9,
      "question": 4,
      "likert_value": 4,
      "choice_value": null,
      "text_value": null,
      "answered_at": "2024-01-15T08:35:00Z"
    }
  },
  {
    "model": "pramlearnapp.arcsanswer",
    "pk": 165,
    "fields": {
      "response": 9,
      "question": 5,
      "likert_value": 3,
      "choice_value": null,
      "text_value": null,
      "answered_at": "2024-01-15T08:35:00Z"
    }
  },
  {
    "model": "pramlearnapp.arcsanswer",
    "pk": 166,
    "fields": {
      "response": 9,
      "question": 6,
      "likert_value": 4,
      "choice_value": null,
      "text_value": null,
      "answered_at": "2024-01-15T08:35:00Z"
    }
  },
  {
    "model": "pramlearnapp.arcsanswer",
    "pk": 167,
    "fields": {
      "response": 9,
      "question": 7,
      "likert_value": 3,
      "choice_value": null,
      "text_value": null,
      "answered_at": "2024-01-15T08:35:00Z"
    }
  },
  {
    "model": "pramlearnapp.arcsanswer",
    "pk": 168,
    "fields": {
      "response": 9,
      "question": 8,
      "likert_value": 4,
      "choice_value": null,
      "text_value": null,
      "answered_at": "2024-01-15T08:35:00Z"
    }
  },
  {
    "model": "pramlearnapp.arcsanswer",
    "pk": 169,
    "fields": {
      "response": 9,
      "question": 9,
      "likert_value": 4,
      "choice_value": null,
      "text_value": null,
      "answered_at": "2024-01-15T08:35:00Z"
    }
  },
  {
    "model": "pramlearnapp.arcsanswer",
    "pk": 170,
    "fields": {
      "response": 9,
      "question": 10,
      "likert_value": 4,
      "choice_value": null,
      "text_value": null,
      "answered_at": "2024-01-15T08:35:00Z"
    }
  },
  {
    "model": "pramlearnapp.arcsanswer",
    "pk": 171,
    "fields": {
      "response": 9,
      "question": 11,
      "likert_value": 3,
      "choice_value": null,
      "text_value": null,
      "answered_at": "2024-01-15T08:35:00Z"
    }
  },
  {
    "model": "pramlearnapp.arcsanswer",
    "pk": 172,
    "fields": {
      "response": 9,
      "question": 12,
      "likert_value": 5,
      "choice_value": null,
      "text_value": null,
      "answered_at": "2024-01-15T08:35:00Z"
    }
  },
  {
    "model": "pramlearnapp.arcsanswer",
    "pk": 173,
    "fields": {
      "response": 9,
      "question": 13,
      "likert_value": 3,
      "choice_value": null,
      "text_value": null,
      "answered_at": "2024-01-15T08:35:00Z"
    }
  },
  {
    "model": "pramlearnapp.arcsanswer",
    "pk": 174,
    "fields": {
      "response": 9,
      "question": 14,
      "likert_value": 2,
      "choice_value": null,
      "text_value": null,
      "answered_at": "2024-01-15T08:35:00Z"
    }
  },
  {
    "model": "pramlearnapp.arcsanswer",
    "pk": 175,
    "fields": {
      "response": 9,
      "question": 15,
      "likert_value": 4,
      "choice_value": null,
      "text_value": null,
      "answered_at": "2024-01-15T08:35:00Z"
    }
  },
  {
    "model": "pramlearnapp.arcsanswer",
    "pk": 176,
    "fields": {
      "response": 9,
      "question": 16,
      "likert_value": 4,
      "choice_value": null,
      "text_value": null,
      "answered_at": "2024-01-15T08:35:00Z"
    }
  },
  {
    "model": "pramlearnapp.arcsanswer",
    "pk": 177,
    "fields": {
      "response": 9,
      "question": 17,
      "likert_value": 4,
      "choice_value": null,
      "text_value": null,
      "answered_at": "2024-01-15T08:35:00Z"
    }
  },
  {
    "model": "pramlearnapp.arcsanswer",
    "pk": 178,
    "fields": {
      "response": 9,
      "question": 18,
      "likert_value": 5,
      "choice_value": null,
      "text_value": null,
      "answered_at": "2024-01-15T08:35:00Z"
    }
  },
  {
    "model": "pramlearnapp.arcsanswer",
    "pk": 179,
    "fields": {
      "response": 9,
      "question": 19,
      "likert_value": 5,
      "choice_value": null,
      "text_value": null,
      "answered_at": "2024-01-15T08:35:00Z"
    }
  },
  {
    "model": "pramlearnapp.arcsanswer",
    "pk": 180,
    "fields": {
      "response": 9,
      "question": 20,
      "likert_value": 3,
      "choice_value": null,
      "text_value": null,
      "answered_at": "2024-01-15T08:35:00Z"
    }
  },
  {
    "model": "pramlearnapp.arcsanswer",
    "pk": 181,
    "fields": {
      "response": 10,
      "question": 1,
      "likert_value": 4,
      "choice_value": null,
      "text_value": null,
      "answered_at": "2024-01-15T08:35:00Z"
    }
  },
  {
    "model": "pramlearnapp.arcsanswer",
    "pk": 182,
    "fields": {
      "response": 10,
      "question": 2,
      "likert_value": 5,
      "choice_value": null,
      "text_value": null,
      "answered_at": "2024-01-15T08:35:00Z"
    }
  },
  {
    "model": "pramlearnapp.arcsanswer",
    "pk": 183,
    "fields": {
      "response": 10,
      "question": 3,
      "likert_value": 4,
      "choice_value": null,
      "text_value": null,
      "answered_at": "2024-01-15T08:35:00Z"
    }
  },
  {
    "model": "pramlearnapp.arcsanswer",
    "pk": 184,
    "fields": {
      "response": 10,
      "question": 4,
      "likert_value": 4,
      "choice_value": null,
      "text_value": null,
      "answered_at": "2024-01-15T08:35:00Z"
    }
  },
  {
    "model": "pramlearnapp.arcsanswer",
    "pk": 185,
    "fields": {
      "response": 10,
      "question": 5,
      "likert_value": 4,
      "choice_value": null,
      "text_value": null,
      "answered_at": "2024-01-15T08:35:00Z"
    }
  },
  {
    "model": "pramlearnapp.arcsanswer",
    "pk": 186,
    "fields": {
      "response": 10,
      "question": 6,
      "likert_value": 5,
      "choice_value": null,
      "text_value": null,
      "answered_at": "2024-01-15T08:35:00Z"
    }
  },
  {
    "model": "pramlearnapp.arcsanswer",
    "pk": 187,
    "fields": {
      "response": 10,
      "question": 7,
      "likert_value": 3,
      "choice_value": null,
      "text_value": null,
      "answered_at": "2024-01-15T08:35:00Z"
    }
  },
  {
    "model": "pramlearnapp.arcsanswer",
    "pk": 188,
    "fields": {
      "response": 10,
      "question": 8,
      "likert_value": 5,
      "choice_value": null,
      "text_value": null,
      "answered_at": "2024-01-15T08:35:00Z"
    }
  },
  {
    "model": "pramlearnapp.arcsanswer",
    "pk": 189,
    "fields": {
      "response": 10,
      "question": 9,
      "likert_value": 4,
      "choice_value": null,
      "text_value": null,
      "answered_at": "2024-01-15T08:35:00Z"
    }
  },
  {
    "model": "pramlearnapp.arcsanswer",
    "pk": 190,
    "fields": {
      "response": 10,
      "question": 10,
      "likert_value": 5,
      "choice_value": null,
      "text_value": null,
      "answered_at": "2024-01-15T08:35:00Z"
    }
  },
  {
    "model": "pramlearnapp.arcsanswer",
    "pk": 191,
    "fields": {
      "response": 10,
      "question": 11,
      "likert_value": 3,
      "choice_value": null,
      "text_value": null,
      "answered_at": "2024-01-15T08:35:00Z"
    }
  },
  {
    "model": "pramlearnapp.arcsanswer",
    "pk": 192,
    "fields": {
      "response": 10,
      "question": 12,
      "likert_value": 5,
      "choice_value": null,
      "text_value": null,
      "answered_at": "2024-01-15T08:35:00Z"
    }
  },
  {
    "model": "pramlearnapp.arcsanswer",
    "pk": 193,
    "fields": {
      "response": 10,
      "question": 13,
      "likert_value": 4,
      "choice_value": null,
      "text_value": null,
      "answered_at": "2024-01-15T08:35:00Z"
    }
  },
  {
    "model": "pramlearnapp.arcsanswer",
    "pk": 194,
    "fields": {
      "response": 10,
      "question": 14,
      "likert_value": 4,
      "choice_value": null,
      "text_value": null,
      "answered_at": "2024-01-15T08:35:00Z"
    }
  },
  {
    "model": "pramlearnapp.arcsanswer",
    "pk": 195,
    "fields": {
      "response": 10,
      "question": 15,
      "likert_value": 4,
      "choice_value": null,
      "text_value": null,
      "answered_at": "2024-01-15T08:35:00Z"
    }
  },
  {
    "model": "pramlearnapp.arcsanswer",
    "pk": 196,
    "fields": {
      "response": 10,
      "question": 16,
      "likert_value": 4,
      "choice_value": null,
      "text_value": null,
      "answered_at": "2024-01-15T08:35:00Z"
    }
  },
  {
    "model": "pramlearnapp.arcsanswer",
    "pk": 197,
    "fields": {
      "response": 10,
      "question": 17,
      "likert_value": 3,
      "choice_value": null,
      "text_value": null,
      "answered_at": "2024-01-15T08:35:00Z"
    }
  },
  {
    "model": "pramlearnapp.arcsanswer",
    "pk": 198,
    "fields": {
      "response": 10,
      "question": 18,
      "likert_value": 3,
      "choice_value": null,
      "text_value": null,
      "answered_at": "2024-01-15T08:35:00Z"
    }
  },
  {
    "model": "pramlearnapp.arcsanswer",
    "pk": 199,
    "fields": {
      "response": 10,
      "question": 19,
      "likert_value": 4,
      "choice_value": null,
      "text_value": null,
      "answered_at": "2024-01-15T08:35:00Z"
    }
  },
  {
    "model": "pramlearnapp.arcsanswer",
    "pk": 200,
    "fields": {
      "response": 10,
      "question": 20,
      "likert_value": 4,
      "choice_value": null,
      "text_value": null,
      "answered_at": "2024-01-15T08:35:00Z"
    }
  },
  {
    "model": "pramlearnapp.arcsanswer",
    "pk": 201,
    "fields": {
      "response": 11,
      "question": 1,
      "likert_value": 5,
      "choice_value": null,
      "text_value": null,
      "answered_at": "2024-01-15T08:35:00Z"
    }
  },
  {
    "model": "pramlearnapp.arcsanswer",
    "pk": 202,
    "fields": {
      "response": 11,
      "question": 2,
      "likert_value": 4,
      "choice_value": null,
      "text_value": null,
      "answered_at": "2024-01-15T08:35:00Z"
    }
  },
  {
    "model": "pramlearnapp.arcsanswer",
    "pk": 203,
    "fields": {
      "response": 11,
      "question": 3,
      "likert_value": 4,
      "choice_value": null,
      "text_value": null,
      "answered_at": "2024-01-15T08:35:00Z"
    }
  },
  {
    "model": "pramlearnapp.arcsanswer",
    "pk": 204,
    "fields": {
      "response": 11,
      "question": 4,
      "likert_value": 3,
      "choice_value": null,
      "text_value": null,
      "answered_at": "2024-01-15T08:35:00Z"
    }
  },
  {
    "model": "pramlearnapp.arcsanswer",
    "pk": 205,
    "fields": {
      "response": 11,
      "question": 5,
      "likert_value": 4,
      "choice_value": null,
      "text_value": null,
      "answered_at": "2024-01-15T08:35:00Z"
    }
  },
  {
    "model": "pramlearnapp.arcsanswer",
    "pk": 206,
    "fields": {
      "response": 11,
      "question": 6,
      "likert_value": 2,
      "choice_value": null,
      "text_value": null,
      "answered_at": "2024-01-15T08:35:00Z"
    }
  },
  {
    "model": "pramlearnapp.arcsanswer",
    "pk": 207,
    "fields": {
      "response": 11,
      "question": 7,
      "likert_value": 4,
      "choice_value": null,
      "text_value": null,
      "answered_at": "2024-01-15T08:35:00Z"
    }
  },
  {
    "model": "pramlearnapp.arcsanswer",
    "pk": 208,
    "fields": {
      "response": 11,
      "question": 8,
      "likert_value": 2,
      "choice_value": null,
      "text_value": null,
      "answered_at": "2024-01-15T08:35:00Z"
    }
  },
  {
    "model": "pramlearnapp.arcsanswer",
    "pk": 209,
    "fields": {
      "response": 11,
      "question": 9,
      "likert_value": 5,
      "choice_value": null,
      "text_value": null,
      "answered_at": "2024-01-15T08:35:00Z"
    }
  },
  {
    "model": "pramlearnapp.arcsanswer",
    "pk": 210,
    "fields": {
      "response": 11,
      "question": 10,
      "likert_value": 3,
      "choice_value": null,
      "text_value": null,
      "answered_at": "2024-01-15T08:35:00Z"
    }
  },
  {
    "model": "pramlearnapp.arcsanswer",
    "pk": 211,
    "fields": {
      "response": 11,
      "question": 11,
      "likert_value": 3,
      "choice_value": null,
      "text_value": null,
      "answered_at": "2024-01-15T08:35:00Z"
    }
  },
  {
    "model": "pramlearnapp.arcsanswer",
    "pk": 212,
    "fields": {
      "response": 11,
      "question": 12,
      "likert_value": 3,
      "choice_value": null,
      "text_value": null,
      "answered_at": "2024-01-15T08:35:00Z"
    }
  },
  {
    "model": "pramlearnapp.arcsanswer",
    "pk": 213,
    "fields": {
      "response": 11,
      "question": 13,
      "likert_value": 5,
      "choice_value": null,
      "text_value": null,
      "answered_at": "2024-01-15T08:35:00Z"
    }
  },
  {
    "model": "pramlearnapp.arcsanswer",
    "pk": 214,
    "fields": {
      "response": 11,
      "question": 14,
      "likert_value": 3,
      "choice_value": null,
      "text_value": null,
      "answered_at": "2024-01-15T08:35:00Z"
    }
  },
  {
    "model": "pramlearnapp.arcsanswer",
    "pk": 215,
    "fields": {
      "response": 11,
      "question": 15,
      "likert_value": 3,
      "choice_value": null,
      "text_value": null,
      "answered_at": "2024-01-15T08:35:00Z"
    }
  },
  {
    "model": "pramlearnapp.arcsanswer",
    "pk": 216,
    "fields": {
      "response": 11,
      "question": 16,
      "likert_value": 4,
      "choice_value": null,
      "text_value": null,
      "answered_at": "2024-01-15T08:35:00Z"
    }
  },
  {
    "model": "pramlearnapp.arcsanswer",
    "pk": 217,
    "fields": {
      "response": 11,
      "question": 17,
      "likert_value": 3,
      "choice_value": null,
      "text_value": null,
      "answered_at": "2024-01-15T08:35:00Z"
    }
  },
  {
    "model": "pramlearnapp.arcsanswer",
    "pk": 218,
    "fields": {
      "response": 11,
      "question": 18,
      "likert_value": 4,
      "choice_value": null,
      "text_value": null,
      "answered_at": "2024-01-15T08:35:00Z"
    }
  },
  {
    "model": "pramlearnapp.arcsanswer",
    "pk": 219,
    "fields": {
      "response": 11,
      "question": 19,
      "likert_value": 2,
      "choice_value": null,
      "text_value": null,
      "answered_at": "2024-01-15T08:35:00Z"
    }
  },
  {
    "model": "pramlearnapp.arcsanswer",
    "pk": 220,
    "fields": {
      "response": 11,
      "question": 20,
      "likert_value": 4,
      "choice_value": null,
      "text_value": null,
      "answered_at": "2024-01-15T08:35:00Z"
    }
  },
  {
    "model": "pramlearnapp.arcsanswer",
    "pk": 221,
    "fields": {
      "response": 12,
      "question": 1,
      "likert_value": 2,
      "choice_value": null,
      "text_value": null,
      "answered_at": "2024-01-15T08:35:00Z"
    }
  },
  {
    "model": "pramlearnapp.arcsanswer",
    "pk": 222,
    "fields": {
      "response": 12,
      "question": 2,
      "likert_value": 3,
      "choice_value": null,
      "text_value": null,
      "answered_at": "2024-01-15T08:35:00Z"
    }
  },
  {
    "model": "pramlearnapp.arcsanswer",
    "pk": 223,
    "fields": {
      "response": 12,
      "question": 3,
      "likert_value": 5,
      "choice_value": null,
      "text_value": null,
      "answered_at": "2024-01-15T08:35:00Z"
    }
  },
  {
    "model": "pramlearnapp.arcsanswer",
    "pk": 224,
    "fields": {
      "response": 12,
      "question": 4,
      "likert_value": 3,
      "choice_value": null,
      "text_value": null,
      "answered_at": "2024-01-15T08:35:00Z"
    }
  },
  {
    "model": "pramlearnapp.arcsanswer",
    "pk": 225,
    "fields": {
      "response": 12,
      "question": 5,
      "likert_value": 4,
      "choice_value": null,
      "text_value": null,
      "answered_at": "2024-01-15T08:35:00Z"
    }
  },
  {
    "model": "pramlearnapp.arcsanswer",
    "pk": 226,
    "fields": {
      "response": 12,
      "question": 6,
      "likert_value": 3,
      "choice_value": null,
      "text_value": null,
      "answered_at": "2024-01-15T08:35:00Z"
    }
  },
  {
    "model": "pramlearnapp.arcsanswer",
    "pk": 227,
    "fields": {
      "response": 12,
      "question": 7,
      "likert_value": 2,
      "choice_value": null,
      "text_value": null,
      "answered_at": "2024-01-15T08:35:00Z"
    }
  },
  {
    "model": "pramlearnapp.arcsanswer",
    "pk": 228,
    "fields": {
      "response": 12,
      "question": 8,
      "likert_value": 3,
      "choice_value": null,
      "text_value": null,
      "answered_at": "2024-01-15T08:35:00Z"
    }
  },
  {
    "model": "pramlearnapp.arcsanswer",
    "pk": 229,
    "fields": {
      "response": 12,
      "question": 9,
      "likert_value": 4,
      "choice_value": null,
      "text_value": null,
      "answered_at": "2024-01-15T08:35:00Z"
    }
  },
  {
    "model": "pramlearnapp.arcsanswer",
    "pk": 230,
    "fields": {
      "response": 12,
      "question": 10,
      "likert_value": 3,
      "choice_value": null,
      "text_value": null,
      "answered_at": "2024-01-15T08:35:00Z"
    }
  },
  {
    "model": "pramlearnapp.arcsanswer",
    "pk": 231,
    "fields": {
      "response": 12,
      "question": 11,
      "likert_value": 4,
      "choice_value": null,
      "text_value": null,
      "answered_at": "2024-01-15T08:35:00Z"
    }
  },
  {
    "model": "pramlearnapp.arcsanswer",
    "pk": 232,
    "fields": {
      "response": 12,
      "question": 12,
      "likert_value": 4,
      "choice_value": null,
      "text_value": null,
      "answered_at": "2024-01-15T08:35:00Z"
    }
  },
  {
    "model": "pramlearnapp.arcsanswer",
    "pk": 233,
    "fields": {
      "response": 12,
      "question": 13,
      "likert_value": 5,
      "choice_value": null,
      "text_value": null,
      "answered_at": "2024-01-15T08:35:00Z"
    }
  },
  {
    "model": "pramlearnapp.arcsanswer",
    "pk": 234,
    "fields": {
      "response": 12,
      "question": 14,
      "likert_value": 4,
      "choice_value": null,
      "text_value": null,
      "answered_at": "2024-01-15T08:35:00Z"
    }
  },
  {
    "model": "pramlearnapp.arcsanswer",
    "pk": 235,
    "fields": {
      "response": 12,
      "question": 15,
      "likert_value": 3,
      "choice_value": null,
      "text_value": null,
      "answered_at": "2024-01-15T08:35:00Z"
    }
  },
  {
    "model": "pramlearnapp.arcsanswer",
    "pk": 236,
    "fields": {
      "response": 12,
      "question": 16,
      "likert_value": 2,
      "choice_value": null,
      "text_value": null,
      "answered_at": "2024-01-15T08:35:00Z"
    }
  },
  {
    "model": "pramlearnapp.arcsanswer",
    "pk": 237,
    "fields": {
      "response": 12,
      "question": 17,
      "likert_value": 4,
      "choice_value": null,
      "text_value": null,
      "answered_at": "2024-01-15T08:35:00Z"
    }
  },
  {
    "model": "pramlearnapp.arcsanswer",
    "pk": 238,
    "fields": {
      "response": 12,
      "question": 18,
      "likert_value": 2,
      "choice_value": null,
      "text_value": null,
      "answered_at": "2024-01-15T08:35:00Z"
    }
  },
  {
    "model": "pramlearnapp.arcsanswer",
    "pk": 239,
    "fields": {
      "response": 12,
      "question": 19,
      "likert_value": 5,
      "choice_value": null,
      "text_value": null,
      "answered_at": "2024-01-15T08:35:00Z"
    }
  },
  {
    "model": "pramlearnapp.arcsanswer",
    "pk": 240,
    "fields": {
      "response": 12,
      "question": 20,
      "likert_value": 4,
      "choice_value": null,
      "text_value": null,
      "answered_at": "2024-01-15T08:35:00Z"
    }
  },
  {
    "model": "pramlearnapp.arcsanswer",
    "pk": 241,
    "fields": {
      "response": 13,
      "question": 1,
      "likert_value": 5,
      "choice_value": null,
      "text_value": null,
      "answered_at": "2024-01-15T08:35:00Z"
    }
  },
  {
    "model": "pramlearnapp.arcsanswer",
    "pk": 242,
    "fields": {
      "response": 13,
      "question": 2,
      "likert_value": 3,
      "choice_value": null,
      "text_value": null,
      "answered_at": "2024-01-15T08:35:00Z"
    }
  },
  {
    "model": "pramlearnapp.arcsanswer",
    "pk": 243,
    "fields": {
      "response": 13,
      "question": 3,
      "likert_value": 3,
      "choice_value": null,
      "text_value": null,
      "answered_at": "2024-01-15T08:35:00Z"
    }
  },
  {
    "model": "pramlearnapp.arcsanswer",
    "pk": 244,
    "fields": {
      "response": 13,
      "question": 4,
      "likert_value": 5,
      "choice_value": null,
      "text_value": null,
      "answered_at": "2024-01-15T08:35:00Z"
    }
  },
  {
    "model": "pramlearnapp.arcsanswer",
    "pk": 245,
    "fields": {
      "response": 13,
      "question": 5,
      "likert_value": 4,
      "choice_value": null,
      "text_value": null,
      "answered_at": "2024-01-15T08:35:00Z"
    }
  },
  {
    "model": "pramlearnapp.arcsanswer",
    "pk": 246,
    "fields": {
      "response": 13,
      "question": 6,
      "likert_value": 5,
      "choice_value": null,
      "text_value": null,
      "answered_at": "2024-01-15T08:35:00Z"
    }
  },
  {
    "model": "pramlearnapp.arcsanswer",
    "pk": 247,
    "fields": {
      "response": 13,
      "question": 7,
      "likert_value": 5,
      "choice_value": null,
      "text_value": null,
      "answered_at": "2024-01-15T08:35:00Z"
    }
  },
  {
    "model": "pramlearnapp.arcsanswer",
    "pk": 248,
    "fields": {
      "response": 13,
      "question": 8,
      "likert_value": 5,
      "choice_value": null,
      "text_value": null,
      "answered_at": "2024-01-15T08:35:00Z"
    }
  },
  {
    "model": "pramlearnapp.arcsanswer",
    "pk": 249,
    "fields": {
      "response": 13,
      "question": 9,
      "likert_value": 4,
      "choice_value": null,
      "text_value": null,
      "answered_at": "2024-01-15T08:35:00Z"
    }
  },
  {
    "model": "pramlearnapp.arcsanswer",
    "pk": 250,
    "fields": {
      "response": 13,
      "question": 10,
      "likert_value": 4,
      "choice_value": null,
      "text_value": null,
      "answered_at": "2024-01-15T08:35:00Z"
    }
  },
  {
    "model": "pramlearnapp.arcsanswer",
    "pk": 251,
    "fields": {
      "response": 13,
      "question": 11,
      "likert_value": 3,
      "choice_value": null,
      "text_value": null,
      "answered_at": "2024-01-15T08:35:00Z"
    }
  },
  {
    "model": "pramlearnapp.arcsanswer",
    "pk": 252,
    "fields": {
      "response": 13,
      "question": 12,
      "likert_value": 4,
      "choice_value": null,
      "text_value": null,
      "answered_at": "2024-01-15T08:35:00Z"
    }
  },
  {
    "model": "pramlearnapp.arcsanswer",
    "pk": 253,
    "fields": {
      "response": 13,
      "question": 13,
      "likert_value": 4,
      "choice_value": null,
      "text_value": null,
      "answered_at": "2024-01-15T08:35:00Z"
    }
  },
  {
    "model": "pramlearnapp.arcsanswer",
    "pk": 254,
    "fields": {
      "response": 13,
      "question": 14,
      "likert_value": 4,
      "choice_value": null,
      "text_value": null,
      "answered_at": "2024-01-15T08:35:00Z"
    }
  },
  {
    "model": "pramlearnapp.arcsanswer",
    "pk": 255,
    "fields": {
      "response": 13,
      "question": 15,
      "likert_value": 3,
      "choice_value": null,
      "text_value": null,
      "answered_at": "2024-01-15T08:35:00Z"
    }
  },
  {
    "model": "pramlearnapp.arcsanswer",
    "pk": 256,
    "fields": {
      "response": 13,
      "question": 16,
      "likert_value": 4,
      "choice_value": null,
      "text_value": null,
      "answered_at": "2024-01-15T08:35:00Z"
    }
  },
  {
    "model": "pramlearnapp.arcsanswer",
    "pk": 257,
    "fields": {
      "response": 13,
      "question": 17,
      "likert_value": 3,
      "choice_value": null,
      "text_value": null,
      "answered_at": "2024-01-15T08:35:00Z"
    }
  },
  {
    "model": "pramlearnapp.arcsanswer",
    "pk": 258,
    "fields": {
      "response": 13,
      "question": 18,
      "likert_value": 4,
      "choice_value": null,
      "text_value": null,
      "answered_at": "2024-01-15T08:35:00Z"
    }
  },
  {
    "model": "pramlearnapp.arcsanswer",
    "pk": 259,
    "fields": {
      "response": 13,
      "question": 19,
      "likert_value": 4,
      "choice_value": null,
      "text_value": null,
      "answered_at": "2024-01-15T08:35:00Z"
    }
  },
  {
    "model": "pramlearnapp.arcsanswer",
    "pk": 260,
    "fields": {
      "response": 13,
      "question": 20,
      "likert_value": 3,
      "choice_value": null,
      "text_value": null,
      "answered_at": "2024-01-15T08:35:00Z"
    }
  },
  {
    "model": "pramlearnapp.arcsanswer",
    "pk": 261,
    "fields": {
      "response": 14,
      "question": 1,
      "likert_value": 5,
      "choice_value": null,
      "text_value": null,
      "answered_at": "2024-01-15T08:35:00Z"
    }
  },
  {
    "model": "pramlearnapp.arcsanswer",
    "pk": 262,
    "fields": {
      "response": 14,
      "question": 2,
      "likert_value": 2,
      "choice_value": null,
      "text_value": null,
      "answered_at": "2024-01-15T08:35:00Z"
    }
  },
  {
    "model": "pramlearnapp.arcsanswer",
    "pk": 263,
    "fields": {
      "response": 14,
      "question": 3,
      "likert_value": 4,
      "choice_value": null,
      "text_value": null,
      "answered_at": "2024-01-15T08:35:00Z"
    }
  },
  {
    "model": "pramlearnapp.arcsanswer",
    "pk": 264,
    "fields": {
      "response": 14,
      "question": 4,
      "likert_value": 5,
      "choice_value": null,
      "text_value": null,
      "answered_at": "2024-01-15T08:35:00Z"
    }
  },
  {
    "model": "pramlearnapp.arcsanswer",
    "pk": 265,
    "fields": {
      "response": 14,
      "question": 5,
      "likert_value": 3,
      "choice_value": null,
      "text_value": null,
      "answered_at": "2024-01-15T08:35:00Z"
    }
  },
  {
    "model": "pramlearnapp.arcsanswer",
    "pk": 266,
    "fields": {
      "response": 14,
      "question": 6,
      "likert_value": 4,
      "choice_value": null,
      "text_value": null,
      "answered_at": "2024-01-15T08:35:00Z"
    }
  },
  {
    "model": "pramlearnapp.arcsanswer",
    "pk": 267,
    "fields": {
      "response": 14,
      "question": 7,
      "likert_value": 3,
      "choice_value": null,
      "text_value": null,
      "answered_at": "2024-01-15T08:35:00Z"
    }
  },
  {
    "model": "pramlearnapp.arcsanswer",
    "pk": 268,
    "fields": {
      "response": 14,
      "question": 8,
      "likert_value": 4,
      "choice_value": null,
      "text_value": null,
      "answered_at": "2024-01-15T08:35:00Z"
    }
  },
  {
    "model": "pramlearnapp.arcsanswer",
    "pk": 269,
    "fields": {
      "response": 14,
      "question": 9,
      "likert_value": 4,
      "choice_value": null,
      "text_value": null,
      "answered_at": "2024-01-15T08:35:00Z"
    }
  },
  {
    "model": "pramlearnapp.arcsanswer",
    "pk": 270,
    "fields": {
      "response": 14,
      "question": 10,
      "likert_value": 4,
      "choice_value": null,
      "text_value": null,
      "answered_at": "2024-01-15T08:35:00Z"
    }
  },
  {
    "model": "pramlearnapp.arcsanswer",
    "pk": 271,
    "fields": {
      "response": 14,
      "question": 11,
      "likert_value": 4,
      "choice_value": null,
      "text_value": null,
      "answered_at": "2024-01-15T08:35:00Z"
    }
  },
  {
    "model": "pramlearnapp.arcsanswer",
    "pk": 272,
    "fields": {
      "response": 14,
      "question": 12,
      "likert_value": 3,
      "choice_value": null,
      "text_value": null,
      "answered_at": "2024-01-15T08:35:00Z"
    }
  },
  {
    "model": "pramlearnapp.arcsanswer",
    "pk": 273,
    "fields": {
      "response": 14,
      "question": 13,
      "likert_value": 5,
      "choice_value": null,
      "text_value": null,
      "answered_at": "2024-01-15T08:35:00Z"
    }
  },
  {
    "model": "pramlearnapp.arcsanswer",
    "pk": 274,
    "fields": {
      "response": 14,
      "question": 14,
      "likert_value": 5,
      "choice_value": null,
      "text_value": null,
      "answered_at": "2024-01-15T08:35:00Z"
    }
  },
  {
    "model": "pramlearnapp.arcsanswer",
    "pk": 275,
    "fields": {
      "response": 14,
      "question": 15,
      "likert_value": 3,
      "choice_value": null,
      "text_value": null,
      "answered_at": "2024-01-15T08:35:00Z"
    }
  },
  {
    "model": "pramlearnapp.arcsanswer",
    "pk": 276,
    "fields": {
      "response": 14,
      "question": 16,
      "likert_value": 4,
      "choice_value": null,
      "text_value": null,
      "answered_at": "2024-01-15T08:35:00Z"
    }
  },
  {
    "model": "pramlearnapp.arcsanswer",
    "pk": 277,
    "fields": {
      "response": 14,
      "question": 17,
      "likert_value": 4,
      "choice_value": null,
      "text_value": null,
      "answered_at": "2024-01-15T08:35:00Z"
    }
  },
  {
    "model": "pramlearnapp.arcsanswer",
    "pk": 278,
    "fields": {
      "response": 14,
      "question": 18,
      "likert_value": 2,
      "choice_value": null,
      "text_value": null,
      "answered_at": "2024-01-15T08:35:00Z"
    }
  },
  {
    "model": "pramlearnapp.arcsanswer",
    "pk": 279,
    "fields": {
      "response": 14,
      "question": 19,
      "likert_value": 3,
      "choice_value": null,
      "text_value": null,
      "answered_at": "2024-01-15T08:35:00Z"
    }
  },
  {
    "model": "pramlearnapp.arcsanswer",
    "pk": 280,
    "fields": {
      "response": 14,
      "question": 20,
      "likert_value": 3,
      "choice_value": null,
      "text_value": null,
      "answered_at": "2024-01-15T08:35:00Z"
    }
  },
  {
    "model": "pramlearnapp.arcsanswer",
    "pk": 281,
    "fields": {
      "response": 15,
      "question": 1,
      "likert_value": 4,
      "choice_value": null,
      "text_value": null,
      "answered_at": "2024-01-15T08:35:00Z"
    }
  },
  {
    "model": "pramlearnapp.arcsanswer",
    "pk": 282,
    "fields": {
      "response": 15,
      "question": 2,
      "likert_value": 3,
      "choice_value": null,
      "text_value": null,
      "answered_at": "2024-01-15T08:35:00Z"
    }
  },
  {
    "model": "pramlearnapp.arcsanswer",
    "pk": 283,
    "fields": {
      "response": 15,
      "question": 3,
      "likert_value": 4,
      "choice_value": null,
      "text_value": null,
      "answered_at": "2024-01-15T08:35:00Z"
    }
  },
  {
    "model": "pramlearnapp.arcsanswer",
    "pk": 284,
    "fields": {
      "response": 15,
      "question": 4,
      "likert_value": 3,
      "choice_value": null,
      "text_value": null,
      "answered_at": "2024-01-15T08:35:00Z"
    }
  },
  {
    "model": "pramlearnapp.arcsanswer",
    "pk": 285,
    "fields": {
      "response": 15,
      "question": 5,
      "likert_value": 4,
      "choice_value": null,
      "text_value": null,
      "answered_at": "2024-01-15T08:35:00Z"
    }
  },
  {
    "model": "pramlearnapp.arcsanswer",
    "pk": 286,
    "fields": {
      "response": 15,
      "question": 6,
      "likert_value": 4,
      "choice_value": null,
      "text_value": null,
      "answered_at": "2024-01-15T08:35:00Z"
    }
  },
  {
    "model": "pramlearnapp.arcsanswer",
    "pk": 287,
    "fields": {
      "response": 15,
      "question": 7,
      "likert_value": 2,
      "choice_value": null,
      "text_value": null,
      "answered_at": "2024-01-15T08:35:00Z"
    }
  },
  {
    "model": "pramlearnapp.arcsanswer",
    "pk": 288,
    "fields": {
      "response": 15,
      "question": 8,
      "likert_value": 4,
      "choice_value": null,
      "text_value": null,
      "answered_at": "2024-01-15T08:35:00Z"
    }
  },
  {
    "model": "pramlearnapp.arcsanswer",
    "pk": 289,
    "fields": {
      "response": 15,
      "question": 9,
      "likert_value": 5,
      "choice_value": null,
      "text_value": null,
      "answered_at": "2024-01-15T08:35:00Z"
    }
  },
  {
    "model": "pramlearnapp.arcsanswer",
    "pk": 290,
    "fields": {
      "response": 15,
      "question": 10,
      "likert_value": 3,
      "choice_value": null,
      "text_value": null,
      "answered_at": "2024-01-15T08:35:00Z"
    }
  },
  {
    "model": "pramlearnapp.arcsanswer",
    "pk": 291,
    "fields": {
      "response": 15,
      "question": 11,
      "likert_value": 4,
      "choice_value": null,
      "text_value": null,
      "answered_at": "2024-01-15T08:35:00Z"
    }
  },
  {
    "model": "pramlearnapp.arcsanswer",
    "pk": 292,
    "fields": {
      "response": 15,
      "question": 12,
      "likert_value": 4,
      "choice_value": null,
      "text_value": null,
      "answered_at": "2024-01-15T08:35:00Z"
    }
  },
  {
    "model": "pramlearnapp.arcsanswer",
    "pk": 293,
    "fields": {
      "response": 15,
      "question": 13,
      "likert_value": 4,
      "choice_value": null,
      "text_value": null,
      "answered_at": "2024-01-15T08:35:00Z"
    }
  },
  {
    "model": "pramlearnapp.arcsanswer",
    "pk": 294,
    "fields": {
      "response": 15,
      "question": 14,
      "likert_value": 4,
      "choice_value": null,
      "text_value": null,
      "answered_at": "2024-01-15T08:35:00Z"
    }
  },
  {
    "model": "pramlearnapp.arcsanswer",
    "pk": 295,
    "fields": {
      "response": 15,
      "question": 15,
      "likert_value": 3,
      "choice_value": null,
      "text_value": null,
      "answered_at": "2024-01-15T08:35:00Z"
    }
  },
  {
    "model": "pramlearnapp.arcsanswer",
    "pk": 296,
    "fields": {
      "response": 15,
      "question": 16,
      "likert_value": 4,
      "choice_value": null,
      "text_value": null,
      "answered_at": "2024-01-15T08:35:00Z"
    }
  },
  {
    "model": "pramlearnapp.arcsanswer",
    "pk": 297,
    "fields": {
      "response": 15,
      "question": 17,
      "likert_value": 4,
      "choice_value": null,
      "text_value": null,
      "answered_at": "2024-01-15T08:35:00Z"
    }
  },
  {
    "model": "pramlearnapp.arcsanswer",
    "pk": 298,
    "fields": {
      "response": 15,
      "question": 18,
      "likert_value": 4,
      "choice_value": null,
      "text_value": null,
      "answered_at": "2024-01-15T08:35:00Z"
    }
  },
  {
    "model": "pramlearnapp.arcsanswer",
    "pk": 299,
    "fields": {
      "response": 15,
      "question": 19,
      "likert_value": 4,
      "choice_value": null,
      "text_value": null,
      "answered_at": "2024-01-15T08:35:00Z"
    }
  },
  {
    "model": "pramlearnapp.arcsanswer",
    "pk": 300,
    "fields": {
      "response": 15,
      "question": 20,
      "likert_value": 3,
      "choice_value": null,
      "text_value": null,
      "answered_at": "2024-01-15T08:35:00Z"
    }
  },
  {
    "model": "pramlearnapp.arcsanswer",
    "pk": 301,
    "fields": {
      "response": 16,
      "question": 1,
      "likert_value": 3,
      "choice_value": null,
      "text_value": null,
      "answered_at": "2024-01-15T08:35:00Z"
    }
  },
  {
    "model": "pramlearnapp.arcsanswer",
    "pk": 302,
    "fields": {
      "response": 16,
      "question": 2,
      "likert_value": 4,
      "choice_value": null,
      "text_value": null,
      "answered_at": "2024-01-15T08:35:00Z"
    }
  },
  {
    "model": "pramlearnapp.arcsanswer",
    "pk": 303,
    "fields": {
      "response": 16,
      "question": 3,
      "likert_value": 3,
      "choice_value": null,
      "text_value": null,
      "answered_at": "2024-01-15T08:35:00Z"
    }
  },
  {
    "model": "pramlearnapp.arcsanswer",
    "pk": 304,
    "fields": {
      "response": 16,
      "question": 4,
      "likert_value": 4,
      "choice_value": null,
      "text_value": null,
      "answered_at": "2024-01-15T08:35:00Z"
    }
  },
  {
    "model": "pramlearnapp.arcsanswer",
    "pk": 305,
    "fields": {
      "response": 16,
      "question": 5,
      "likert_value": 4,
      "choice_value": null,
      "text_value": null,
      "answered_at": "2024-01-15T08:35:00Z"
    }
  },
  {
    "model": "pramlearnapp.arcsanswer",
    "pk": 306,
    "fields": {
      "response": 16,
      "question": 6,
      "likert_value": 3,
      "choice_value": null,
      "text_value": null,
      "answered_at": "2024-01-15T08:35:00Z"
    }
  },
  {
    "model": "pramlearnapp.arcsanswer",
    "pk": 307,
    "fields": {
      "response": 16,
      "question": 7,
      "likert_value": 5,
      "choice_value": null,
      "text_value": null,
      "answered_at": "2024-01-15T08:35:00Z"
    }
  },
  {
    "model": "pramlearnapp.arcsanswer",
    "pk": 308,
    "fields": {
      "response": 16,
      "question": 8,
      "likert_value": 4,
      "choice_value": null,
      "text_value": null,
      "answered_at": "2024-01-15T08:35:00Z"
    }
  },
  {
    "model": "pramlearnapp.arcsanswer",
    "pk": 309,
    "fields": {
      "response": 16,
      "question": 9,
      "likert_value": 5,
      "choice_value": null,
      "text_value": null,
      "answered_at": "2024-01-15T08:35:00Z"
    }
  },
  {
    "model": "pramlearnapp.arcsanswer",
    "pk": 310,
    "fields": {
      "response": 16,
      "question": 10,
      "likert_value": 3,
      "choice_value": null,
      "text_value": null,
      "answered_at": "2024-01-15T08:35:00Z"
    }
  },
  {
    "model": "pramlearnapp.arcsanswer",
    "pk": 311,
    "fields": {
      "response": 16,
      "question": 11,
      "likert_value": 2,
      "choice_value": null,
      "text_value": null,
      "answered_at": "2024-01-15T08:35:00Z"
    }
  },
  {
    "model": "pramlearnapp.arcsanswer",
    "pk": 312,
    "fields": {
      "response": 16,
      "question": 12,
      "likert_value": 3,
      "choice_value": null,
      "text_value": null,
      "answered_at": "2024-01-15T08:35:00Z"
    }
  },
  {
    "model": "pramlearnapp.arcsanswer",
    "pk": 313,
    "fields": {
      "response": 16,
      "question": 13,
      "likert_value": 4,
      "choice_value": null,
      "text_value": null,
      "answered_at": "2024-01-15T08:35:00Z"
    }
  },
  {
    "model": "pramlearnapp.arcsanswer",
    "pk": 314,
    "fields": {
      "response": 16,
      "question": 14,
      "likert_value": 4,
      "choice_value": null,
      "text_value": null,
      "answered_at": "2024-01-15T08:35:00Z"
    }
  },
  {
    "model": "pramlearnapp.arcsanswer",
    "pk": 315,
    "fields": {
      "response": 16,
      "question": 15,
      "likert_value": 5,
      "choice_value": null,
      "text_value": null,
      "answered_at": "2024-01-15T08:35:00Z"
    }
  },
  {
    "model": "pramlearnapp.arcsanswer",
    "pk": 316,
    "fields": {
      "response": 16,
      "question": 16,
      "likert_value": 3,
      "choice_value": null,
      "text_value": null,
      "answered_at": "2024-01-15T08:35:00Z"
    }
  },
  {
    "model": "pramlearnapp.arcsanswer",
    "pk": 317,
    "fields": {
      "response": 16,
      "question": 17,
      "likert_value": 4,
      "choice_value": null,
      "text_value": null,
      "answered_at": "2024-01-15T08:35:00Z"
    }
  },
  {
    "model": "pramlearnapp.arcsanswer",
    "pk": 318,
    "fields": {
      "response": 16,
      "question": 18,
      "likert_value": 3,
      "choice_value": null,
      "text_value": null,
      "answered_at": "2024-01-15T08:35:00Z"
    }
  },
  {
    "model": "pramlearnapp.arcsanswer",
    "pk": 319,
    "fields": {
      "response": 16,
      "question": 19,
      "likert_value": 4,
      "choice_value": null,
      "text_value": null,
      "answered_at": "2024-01-15T08:35:00Z"
    }
  },
  {
    "model": "pramlearnapp.arcsanswer",
    "pk": 320,
    "fields": {
      "response": 16,
      "question": 20,
      "likert_value": 4,
      "choice_value": null,
      "text_value": null,
      "answered_at": "2024-01-15T08:35:00Z"
    }
  },
  {
    "model": "pramlearnapp.arcsanswer",
    "pk": 321,
    "fields": {
      "response": 17,
      "question": 1,
      "likert_value": 5,
      "choice_value": null,
      "text_value": null,
      "answered_at": "2024-01-15T08:35:00Z"
    }
  },
  {
    "model": "pramlearnapp.arcsanswer",
    "pk": 322,
    "fields": {
      "response": 17,
      "question": 2,
      "likert_value": 4,
      "choice_value": null,
      "text_value": null,
      "answered_at": "2024-01-15T08:35:00Z"
    }
  },
  {
    "model": "pramlearnapp.arcsanswer",
    "pk": 323,
    "fields": {
      "response": 17,
      "question": 3,
      "likert_value": 4,
      "choice_value": null,
      "text_value": null,
      "answered_at": "2024-01-15T08:35:00Z"
    }
  },
  {
    "model": "pramlearnapp.arcsanswer",
    "pk": 324,
    "fields": {
      "response": 17,
      "question": 4,
      "likert_value": 3,
      "choice_value": null,
      "text_value": null,
      "answered_at": "2024-01-15T08:35:00Z"
    }
  },
  {
    "model": "pramlearnapp.arcsanswer",
    "pk": 325,
    "fields": {
      "response": 17,
      "question": 5,
      "likert_value": 5,
      "choice_value": null,
      "text_value": null,
      "answered_at": "2024-01-15T08:35:00Z"
    }
  },
  {
    "model": "pramlearnapp.arcsanswer",
    "pk": 326,
    "fields": {
      "response": 17,
      "question": 6,
      "likert_value": 3,
      "choice_value": null,
      "text_value": null,
      "answered_at": "2024-01-15T08:35:00Z"
    }
  },
  {
    "model": "pramlearnapp.arcsanswer",
    "pk": 327,
    "fields": {
      "response": 17,
      "question": 7,
      "likert_value": 3,
      "choice_value": null,
      "text_value": null,
      "answered_at": "2024-01-15T08:35:00Z"
    }
  },
  {
    "model": "pramlearnapp.arcsanswer",
    "pk": 328,
    "fields": {
      "response": 17,
      "question": 8,
      "likert_value": 5,
      "choice_value": null,
      "text_value": null,
      "answered_at": "2024-01-15T08:35:00Z"
    }
  },
  {
    "model": "pramlearnapp.arcsanswer",
    "pk": 329,
    "fields": {
      "response": 17,
      "question": 9,
      "likert_value": 4,
      "choice_value": null,
      "text_value": null,
      "answered_at": "2024-01-15T08:35:00Z"
    }
  },
  {
    "model": "pramlearnapp.arcsanswer",
    "pk": 330,
    "fields": {
      "response": 17,
      "question": 10,
      "likert_value": 3,
      "choice_value": null,
      "text_value": null,
      "answered_at": "2024-01-15T08:35:00Z"
    }
  },
  {
    "model": "pramlearnapp.arcsanswer",
    "pk": 331,
    "fields": {
      "response": 17,
      "question": 11,
      "likert_value": 4,
      "choice_value": null,
      "text_value": null,
      "answered_at": "2024-01-15T08:35:00Z"
    }
  },
  {
    "model": "pramlearnapp.arcsanswer",
    "pk": 332,
    "fields": {
      "response": 17,
      "question": 12,
      "likert_value": 4,
      "choice_value": null,
      "text_value": null,
      "answered_at": "2024-01-15T08:35:00Z"
    }
  },
  {
    "model": "pramlearnapp.arcsanswer",
    "pk": 333,
    "fields": {
      "response": 17,
      "question": 13,
      "likert_value": 4,
      "choice_value": null,
      "text_value": null,
      "answered_at": "2024-01-15T08:35:00Z"
    }
  },
  {
    "model": "pramlearnapp.arcsanswer",
    "pk": 334,
    "fields": {
      "response": 17,
      "question": 14,
      "likert_value": 4,
      "choice_value": null,
      "text_value": null,
      "answered_at": "2024-01-15T08:35:00Z"
    }
  },
  {
    "model": "pramlearnapp.arcsanswer",
    "pk": 335,
    "fields": {
      "response": 17,
      "question": 15,
      "likert_value": 3,
      "choice_value": null,
      "text_value": null,
      "answered_at": "2024-01-15T08:35:00Z"
    }
  },
  {
    "model": "pramlearnapp.arcsanswer",
    "pk": 336,
    "fields": {
      "response": 17,
      "question": 16,
      "likert_value": 3,
      "choice_value": null,
      "text_value": null,
      "answered_at": "2024-01-15T08:35:00Z"
    }
  },
  {
    "model": "pramlearnapp.arcsanswer",
    "pk": 337,
    "fields": {
      "response": 17,
      "question": 17,
      "likert_value": 4,
      "choice_value": null,
      "text_value": null,
      "answered_at": "2024-01-15T08:35:00Z"
    }
  },
  {
    "model": "pramlearnapp.arcsanswer",
    "pk": 338,
    "fields": {
      "response": 17,
      "question": 18,
      "likert_value": 5,
      "choice_value": null,
      "text_value": null,
      "answered_at": "2024-01-15T08:35:00Z"
    }
  },
  {
    "model": "pramlearnapp.arcsanswer",
    "pk": 339,
    "fields": {
      "response": 17,
      "question": 19,
      "likert_value": 2,
      "choice_value": null,
      "text_value": null,
      "answered_at": "2024-01-15T08:35:00Z"
    }
  },
  {
    "model": "pramlearnapp.arcsanswer",
    "pk": 340,
    "fields": {
      "response": 17,
      "question": 20,
      "likert_value": 3,
      "choice_value": null,
      "text_value": null,
      "answered_at": "2024-01-15T08:35:00Z"
    }
  },
  {
    "model": "pramlearnapp.arcsanswer",
    "pk": 341,
    "fields": {
      "response": 18,
      "question": 1,
      "likert_value": 3,
      "choice_value": null,
      "text_value": null,
      "answered_at": "2024-01-15T08:35:00Z"
    }
  },
  {
    "model": "pramlearnapp.arcsanswer",
    "pk": 342,
    "fields": {
      "response": 18,
      "question": 2,
      "likert_value": 4,
      "choice_value": null,
      "text_value": null,
      "answered_at": "2024-01-15T08:35:00Z"
    }
  },
  {
    "model": "pramlearnapp.arcsanswer",
    "pk": 343,
    "fields": {
      "response": 18,
      "question": 3,
      "likert_value": 4,
      "choice_value": null,
      "text_value": null,
      "answered_at": "2024-01-15T08:35:00Z"
    }
  },
  {
    "model": "pramlearnapp.arcsanswer",
    "pk": 344,
    "fields": {
      "response": 18,
      "question": 4,
      "likert_value": 5,
      "choice_value": null,
      "text_value": null,
      "answered_at": "2024-01-15T08:35:00Z"
    }
  },
  {
    "model": "pramlearnapp.arcsanswer",
    "pk": 345,
    "fields": {
      "response": 18,
      "question": 5,
      "likert_value": 4,
      "choice_value": null,
      "text_value": null,
      "answered_at": "2024-01-15T08:35:00Z"
    }
  },
  {
    "model": "pramlearnapp.arcsanswer",
    "pk": 346,
    "fields": {
      "response": 18,
      "question": 6,
      "likert_value": 5,
      "choice_value": null,
      "text_value": null,
      "answered_at": "2024-01-15T08:35:00Z"
    }
  },
  {
    "model": "pramlearnapp.arcsanswer",
    "pk": 347,
    "fields": {
      "response": 18,
      "question": 7,
      "likert_value": 5,
      "choice_value": null,
      "text_value": null,
      "answered_at": "2024-01-15T08:35:00Z"
    }
  },
  {
    "model": "pramlearnapp.arcsanswer",
    "pk": 348,
    "fields": {
      "response": 18,
      "question": 8,
      "likert_value": 5,
      "choice_value": null,
      "text_value": null,
      "answered_at": "2024-01-15T08:35:00Z"
    }
  },
  {
    "model": "pramlearnapp.arcsanswer",
    "pk": 349,
    "fields": {
      "response": 18,
      "question": 9,
      "likert_value": 3,
      "choice_value": null,
      "text_value": null,
      "answered_at": "2024-01-15T08:35:00Z"
    }
  },
  {
    "model": "pramlearnapp.arcsanswer",
    "pk": 350,
    "fields": {
      "response": 18,
      "question": 10,
      "likert_value": 3,
      "choice_value": null,
      "text_value": null,
      "answered_at": "2024-01-15T08:35:00Z"
    }
  },
  {
    "model": "pramlearnapp.arcsanswer",
    "pk": 351,
    "fields": {
      "response": 18,
      "question": 11,
      "likert_value": 4,
      "choice_value": null,
      "text_value": null,
      "answered_at": "2024-01-15T08:35:00Z"
    }
  },
  {
    "model": "pramlearnapp.arcsanswer",
    "pk": 352,
    "fields": {
      "response": 18,
      "question": 12,
      "likert_value": 5,
      "choice_value": null,
      "text_value": null,
      "answered_at": "2024-01-15T08:35:00Z"
    }
  },
  {
    "model": "pramlearnapp.arcsanswer",
    "pk": 353,
    "fields": {
      "response": 18,
      "question": 13,
      "likert_value": 5,
      "choice_value": null,
      "text_value": null,
      "answered_at": "2024-01-15T08:35:00Z"
    }
  },
  {
    "model": "pramlearnapp.arcsanswer",
    "pk": 354,
    "fields": {
      "response": 18,
      "question": 14,
      "likert_value": 3,
      "choice_value": null,
      "text_value": null,
      "answered_at": "2024-01-15T08:35:00Z"
    }
  },
  {
    "model": "pramlearnapp.arcsanswer",
    "pk": 355,
    "fields": {
      "response": 18,
      "question": 15,
      "likert_value": 5,
      "choice_value": null,
      "text_value": null,
      "answered_at": "2024-01-15T08:35:00Z"
    }
  },
  {
    "model": "pramlearnapp.arcsanswer",
    "pk": 356,
    "fields": {
      "response": 18,
      "question": 16,
      "likert_value": 5,
      "choice_value": null,
      "text_value": null,
      "answered_at": "2024-01-15T08:35:00Z"
    }
  },
  {
    "model": "pramlearnapp.arcsanswer",
    "pk": 357,
    "fields": {
      "response": 18,
      "question": 17,
      "likert_value": 4,
      "choice_value": null,
      "text_value": null,
      "answered_at": "2024-01-15T08:35:00Z"
    }
  },
  {
    "model": "pramlearnapp.arcsanswer",
    "pk": 358,
    "fields": {
      "response": 18,
      "question": 18,
      "likert_value": 5,
      "choice_value": null,
      "text_value": null,
      "answered_at": "2024-01-15T08:35:00Z"
    }
  },
  {
    "model": "pramlearnapp.arcsanswer",
    "pk": 359,
    "fields": {
      "response": 18,
      "question": 19,
      "likert_value": 5,
      "choice_value": null,
      "text_value": null,
      "answered_at": "2024-01-15T08:35:00Z"
    }
  },
  {
    "model": "pramlearnapp.arcsanswer",
    "pk": 360,
    "fields": {
      "response": 18,
      "question": 20,
      "likert_value": 5,
      "choice_value": null,
      "text_value": null,
      "answered_at": "2024-01-15T08:35:00Z"
    }
  },
  {
    "model": "pramlearnapp.arcsanswer",
    "pk": 361,
    "fields": {
      "response": 19,
      "question": 1,
      "likert_value": 2,
      "choice_value": null,
      "text_value": null,
      "answered_at": "2024-01-15T08:35:00Z"
    }
  },
  {
    "model": "pramlearnapp.arcsanswer",
    "pk": 362,
    "fields": {
      "response": 19,
      "question": 2,
      "likert_value": 3,
      "choice_value": null,
      "text_value": null,
      "answered_at": "2024-01-15T08:35:00Z"
    }
  },
  {
    "model": "pramlearnapp.arcsanswer",
    "pk": 363,
    "fields": {
      "response": 19,
      "question": 3,
      "likert_value": 3,
      "choice_value": null,
      "text_value": null,
      "answered_at": "2024-01-15T08:35:00Z"
    }
  },
  {
    "model": "pramlearnapp.arcsanswer",
    "pk": 364,
    "fields": {
      "response": 19,
      "question": 4,
      "likert_value": 4,
      "choice_value": null,
      "text_value": null,
      "answered_at": "2024-01-15T08:35:00Z"
    }
  },
  {
    "model": "pramlearnapp.arcsanswer",
    "pk": 365,
    "fields": {
      "response": 19,
      "question": 5,
      "likert_value": 5,
      "choice_value": null,
      "text_value": null,
      "answered_at": "2024-01-15T08:35:00Z"
    }
  },
  {
    "model": "pramlearnapp.arcsanswer",
    "pk": 366,
    "fields": {
      "response": 19,
      "question": 6,
      "likert_value": 4,
      "choice_value": null,
      "text_value": null,
      "answered_at": "2024-01-15T08:35:00Z"
    }
  },
  {
    "model": "pramlearnapp.arcsanswer",
    "pk": 367,
    "fields": {
      "response": 19,
      "question": 7,
      "likert_value": 4,
      "choice_value": null,
      "text_value": null,
      "answered_at": "2024-01-15T08:35:00Z"
    }
  },
  {
    "model": "pramlearnapp.arcsanswer",
    "pk": 368,
    "fields": {
      "response": 19,
      "question": 8,
      "likert_value": 3,
      "choice_value": null,
      "text_value": null,
      "answered_at": "2024-01-15T08:35:00Z"
    }
  },
  {
    "model": "pramlearnapp.arcsanswer",
    "pk": 369,
    "fields": {
      "response": 19,
      "question": 9,
      "likert_value": 4,
      "choice_value": null,
      "text_value": null,
      "answered_at": "2024-01-15T08:35:00Z"
    }
  },
  {
    "model": "pramlearnapp.arcsanswer",
    "pk": 370,
    "fields": {
      "response": 19,
      "question": 10,
      "likert_value": 3,
      "choice_value": null,
      "text_value": null,
      "answered_at": "2024-01-15T08:35:00Z"
    }
  },
  {
    "model": "pramlearnapp.arcsanswer",
    "pk": 371,
    "fields": {
      "response": 19,
      "question": 11,
      "likert_value": 3,
      "choice_value": null,
      "text_value": null,
      "answered_at": "2024-01-15T08:35:00Z"
    }
  },
  {
    "model": "pramlearnapp.arcsanswer",
    "pk": 372,
    "fields": {
      "response": 19,
      "question": 12,
      "likert_value": 2,
      "choice_value": null,
      "text_value": null,
      "answered_at": "2024-01-15T08:35:00Z"
    }
  },
  {
    "model": "pramlearnapp.arcsanswer",
    "pk": 373,
    "fields": {
      "response": 19,
      "question": 13,
      "likert_value": 4,
      "choice_value": null,
      "text_value": null,
      "answered_at": "2024-01-15T08:35:00Z"
    }
  },
  {
    "model": "pramlearnapp.arcsanswer",
    "pk": 374,
    "fields": {
      "response": 19,
      "question": 14,
      "likert_value": 3,
      "choice_value": null,
      "text_value": null,
      "answered_at": "2024-01-15T08:35:00Z"
    }
  },
  {
    "model": "pramlearnapp.arcsanswer",
    "pk": 375,
    "fields": {
      "response": 19,
      "question": 15,
      "likert_value": 3,
      "choice_value": null,
      "text_value": null,
      "answered_at": "2024-01-15T08:35:00Z"
    }
  },
  {
    "model": "pramlearnapp.arcsanswer",
    "pk": 376,
    "fields": {
      "response": 19,
      "question": 16,
      "likert_value": 2,
      "choice_value": null,
      "text_value": null,
      "answered_at": "2024-01-15T08:35:00Z"
    }
  },
  {
    "model": "pramlearnapp.arcsanswer",
    "pk": 377,
    "fields": {
      "response": 19,
      "question": 17,
      "likert_value": 5,
      "choice_value": null,
      "text_value": null,
      "answered_at": "2024-01-15T08:35:00Z"
    }
  },
  {
    "model": "pramlearnapp.arcsanswer",
    "pk": 378,
    "fields": {
      "response": 19,
      "question": 18,
      "likert_value": 3,
      "choice_value": null,
      "text_value": null,
      "answered_at": "2024-01-15T08:35:00Z"
    }
  },
  {
    "model": "pramlearnapp.arcsanswer",
    "pk": 379,
    "fields": {
      "response": 19,
      "question": 19,
      "likert_value": 2,
      "choice_value": null,
      "text_value": null,
      "answered_at": "2024-01-15T08:35:00Z"
    }
  },
  {
    "model": "pramlearnapp.arcsanswer",
    "pk": 380,
    "fields": {
      "response": 19,
      "question": 20,
      "likert_value": 3,
      "choice_value": null,
      "text_value": null,
      "answered_at": "2024-01-15T08:35:00Z"
    }
  },
  {
    "model": "pramlearnapp.arcsanswer",
    "pk": 381,
    "fields": {
      "response": 20,
      "question": 1,
      "likert_value": 4,
      "choice_value": null,
      "text_value": null,
      "answered_at": "2024-01-15T08:35:00Z"
    }
  },
  {
    "model": "pramlearnapp.arcsanswer",
    "pk": 382,
    "fields": {
      "response": 20,
      "question": 2,
      "likert_value": 4,
      "choice_value": null,
      "text_value": null,
      "answered_at": "2024-01-15T08:35:00Z"
    }
  },
  {
    "model": "pramlearnapp.arcsanswer",
    "pk": 383,
    "fields": {
      "response": 20,
      "question": 3,
      "likert_value": 3,
      "choice_value": null,
      "text_value": null,
      "answered_at": "2024-01-15T08:35:00Z"
    }
  },
  {
    "model": "pramlearnapp.arcsanswer",
    "pk": 384,
    "fields": {
      "response": 20,
      "question": 4,
      "likert_value": 3,
      "choice_value": null,
      "text_value": null,
      "answered_at": "2024-01-15T08:35:00Z"
    }
  },
  {
    "model": "pramlearnapp.arcsanswer",
    "pk": 385,
    "fields": {
      "response": 20,
      "question": 5,
      "likert_value": 4,
      "choice_value": null,
      "text_value": null,
      "answered_at": "2024-01-15T08:35:00Z"
    }
  },
  {
    "model": "pramlearnapp.arcsanswer",
    "pk": 386,
    "fields": {
      "response": 20,
      "question": 6,
      "likert_value": 4,
      "choice_value": null,
      "text_value": null,
      "answered_at": "2024-01-15T08:35:00Z"
    }
  },
  {
    "model": "pramlearnapp.arcsanswer",
    "pk": 387,
    "fields": {
      "response": 20,
      "question": 7,
      "likert_value": 5,
      "choice_value": null,
      "text_value": null,
      "answered_at": "2024-01-15T08:35:00Z"
    }
  },
  {
    "model": "pramlearnapp.arcsanswer",
    "pk": 388,
    "fields": {
      "response": 20,
      "question": 8,
      "likert_value": 3,
      "choice_value": null,
      "text_value": null,
      "answered_at": "2024-01-15T08:35:00Z"
    }
  },
  {
    "model": "pramlearnapp.arcsanswer",
    "pk": 389,
    "fields": {
      "response": 20,
      "question": 9,
      "likert_value": 5,
      "choice_value": null,
      "text_value": null,
      "answered_at": "2024-01-15T08:35:00Z"
    }
  },
  {
    "model": "pramlearnapp.arcsanswer",
    "pk": 390,
    "fields": {
      "response": 20,
      "question": 10,
      "likert_value": 4,
      "choice_value": null,
      "text_value": null,
      "answered_at": "2024-01-15T08:35:00Z"
    }
  },
  {
    "model": "pramlearnapp.arcsanswer",
    "pk": 391,
    "fields": {
      "response": 20,
      "question": 11,
      "likert_value": 3,
      "choice_value": null,
      "text_value": null,
      "answered_at": "2024-01-15T08:35:00Z"
    }
  },
  {
    "model": "pramlearnapp.arcsanswer",
    "pk": 392,
    "fields": {
      "response": 20,
      "question": 12,
      "likert_value": 5,
      "choice_value": null,
      "text_value": null,
      "answered_at": "2024-01-15T08:35:00Z"
    }
  },
  {
    "model": "pramlearnapp.arcsanswer",
    "pk": 393,
    "fields": {
      "response": 20,
      "question": 13,
      "likert_value": 4,
      "choice_value": null,
      "text_value": null,
      "answered_at": "2024-01-15T08:35:00Z"
    }
  },
  {
    "model": "pramlearnapp.arcsanswer",
    "pk": 394,
    "fields": {
      "response": 20,
      "question": 14,
      "likert_value": 4,
      "choice_value": null,
      "text_value": null,
      "answered_at": "2024-01-15T08:35:00Z"
    }
  },
  {
    "model": "pramlearnapp.arcsanswer",
    "pk": 395,
    "fields": {
      "response": 20,
      "question": 15,
      "likert_value": 2,
      "choice_value": null,
      "text_value": null,
      "answered_at": "2024-01-15T08:35:00Z"
    }
  },
  {
    "model": "pramlearnapp.arcsanswer",
    "pk": 396,
    "fields": {
      "response": 20,
      "question": 16,
      "likert_value": 4,
      "choice_value": null,
      "text_value": null,
      "answered_at": "2024-01-15T08:35:00Z"
    }
  },
  {
    "model": "pramlearnapp.arcsanswer",
    "pk": 397,
    "fields": {
      "response": 20,
      "question": 17,
      "likert_value": 4,
      "choice_value": null,
      "text_value": null,
      "answered_at": "2024-01-15T08:35:00Z"
    }
  },
  {
    "model": "pramlearnapp.arcsanswer",
    "pk": 398,
    "fields": {
      "response": 20,
      "question": 18,
      "likert_value": 3,
      "choice_value": null,
      "text_value": null,
      "answered_at": "2024-01-15T08:35:00Z"
    }
  },
  {
    "model": "pramlearnapp.arcsanswer",
    "pk": 399,
    "fields": {
      "response": 20,
      "question": 19,
      "likert_value": 4,
      "choice_value": null,
      "text_value": null,
      "answered_at": "2024-01-15T08:35:00Z"
    }
  },
  {
    "model": "pramlearnapp.arcsanswer",
    "pk": 400,
    "fields": {
      "response": 20,
      "question": 20,
      "likert_value": 2,
      "choice_value": null,
      "text_value": null,
      "answered_at": "2024-01-15T08:35:00Z"
    }
  },
  {
    "model": "pramlearnapp.arcsanswer",
    "pk": 401,
    "fields": {
      "response": 21,
      "question": 1,
      "likert_value": 5,
      "choice_value": null,
      "text_value": null,
      "answered_at": "2024-01-15T08:35:00Z"
    }
  },
  {
    "model": "pramlearnapp.arcsanswer",
    "pk": 402,
    "fields": {
      "response": 21,
      "question": 2,
      "likert_value": 3,
      "choice_value": null,
      "text_value": null,
      "answered_at": "2024-01-15T08:35:00Z"
    }
  },
  {
    "model": "pramlearnapp.arcsanswer",
    "pk": 403,
    "fields": {
      "response": 21,
      "question": 3,
      "likert_value": 4,
      "choice_value": null,
      "text_value": null,
      "answered_at": "2024-01-15T08:35:00Z"
    }
  },
  {
    "model": "pramlearnapp.arcsanswer",
    "pk": 404,
    "fields": {
      "response": 21,
      "question": 4,
      "likert_value": 2,
      "choice_value": null,
      "text_value": null,
      "answered_at": "2024-01-15T08:35:00Z"
    }
  },
  {
    "model": "pramlearnapp.arcsanswer",
    "pk": 405,
    "fields": {
      "response": 21,
      "question": 5,
      "likert_value": 2,
      "choice_value": null,
      "text_value": null,
      "answered_at": "2024-01-15T08:35:00Z"
    }
  },
  {
    "model": "pramlearnapp.arcsanswer",
    "pk": 406,
    "fields": {
      "response": 21,
      "question": 6,
      "likert_value": 4,
      "choice_value": null,
      "text_value": null,
      "answered_at": "2024-01-15T08:35:00Z"
    }
  },
  {
    "model": "pramlearnapp.arcsanswer",
    "pk": 407,
    "fields": {
      "response": 21,
      "question": 7,
      "likert_value": 4,
      "choice_value": null,
      "text_value": null,
      "answered_at": "2024-01-15T08:35:00Z"
    }
  },
  {
    "model": "pramlearnapp.arcsanswer",
    "pk": 408,
    "fields": {
      "response": 21,
      "question": 8,
      "likert_value": 4,
      "choice_value": null,
      "text_value": null,
      "answered_at": "2024-01-15T08:35:00Z"
    }
  },
  {
    "model": "pramlearnapp.arcsanswer",
    "pk": 409,
    "fields": {
      "response": 21,
      "question": 9,
      "likert_value": 5,
      "choice_value": null,
      "text_value": null,
      "answered_at": "2024-01-15T08:35:00Z"
    }
  },
  {
    "model": "pramlearnapp.arcsanswer",
    "pk": 410,
    "fields": {
      "response": 21,
      "question": 10,
      "likert_value": 3,
      "choice_value": null,
      "text_value": null,
      "answered_at": "2024-01-15T08:35:00Z"
    }
  },
  {
    "model": "pramlearnapp.arcsanswer",
    "pk": 411,
    "fields": {
      "response": 21,
      "question": 11,
      "likert_value": 3,
      "choice_value": null,
      "text_value": null,
      "answered_at": "2024-01-15T08:35:00Z"
    }
  },
  {
    "model": "pramlearnapp.arcsanswer",
    "pk": 412,
    "fields": {
      "response": 21,
      "question": 12,
      "likert_value": 3,
      "choice_value": null,
      "text_value": null,
      "answered_at": "2024-01-15T08:35:00Z"
    }
  },
  {
    "model": "pramlearnapp.arcsanswer",
    "pk": 413,
    "fields": {
      "response": 21,
      "question": 13,
      "likert_value": 4,
      "choice_value": null,
      "text_value": null,
      "answered_at": "2024-01-15T08:35:00Z"
    }
  },
  {
    "model": "pramlearnapp.arcsanswer",
    "pk": 414,
    "fields": {
      "response": 21,
      "question": 14,
      "likert_value": 3,
      "choice_value": null,
      "text_value": null,
      "answered_at": "2024-01-15T08:35:00Z"
    }
  },
  {
    "model": "pramlearnapp.arcsanswer",
    "pk": 415,
    "fields": {
      "response": 21,
      "question": 15,
      "likert_value": 5,
      "choice_value": null,
      "text_value": null,
      "answered_at": "2024-01-15T08:35:00Z"
    }
  },
  {
    "model": "pramlearnapp.arcsanswer",
    "pk": 416,
    "fields": {
      "response": 21,
      "question": 16,
      "likert_value": 5,
      "choice_value": null,
      "text_value": null,
      "answered_at": "2024-01-15T08:35:00Z"
    }
  },
  {
    "model": "pramlearnapp.arcsanswer",
    "pk": 417,
    "fields": {
      "response": 21,
      "question": 17,
      "likert_value": 4,
      "choice_value": null,
      "text_value": null,
      "answered_at": "2024-01-15T08:35:00Z"
    }
  },
  {
    "model": "pramlearnapp.arcsanswer",
    "pk": 418,
    "fields": {
      "response": 21,
      "question": 18,
      "likert_value": 4,
      "choice_value": null,
      "text_value": null,
      "answered_at": "2024-01-15T08:35:00Z"
    }
  },
  {
    "model": "pramlearnapp.arcsanswer",
    "pk": 419,
    "fields": {
      "response": 21,
      "question": 19,
      "likert_value": 4,
      "choice_value": null,
      "text_value": null,
      "answered_at": "2024-01-15T08:35:00Z"
    }
  },
  {
    "model": "pramlearnapp.arcsanswer",
    "pk": 420,
    "fields": {
      "response": 21,
      "question": 20,
      "likert_value": 4,
      "choice_value": null,
      "text_value": null,
      "answered_at": "2024-01-15T08:35:00Z"
    }
  },
  {
    "model": "pramlearnapp.arcsanswer",
    "pk": 421,
    "fields": {
      "response": 22,
      "question": 1,
      "likert_value": 3,
      "choice_value": null,
      "text_value": null,
      "answered_at": "2024-01-15T08:35:00Z"
    }
  },
  {
    "model": "pramlearnapp.arcsanswer",
    "pk": 422,
    "fields": {
      "response": 22,
      "question": 2,
      "likert_value": 4,
      "choice_value": null,
      "text_value": null,
      "answered_at": "2024-01-15T08:35:00Z"
    }
  },
  {
    "model": "pramlearnapp.arcsanswer",
    "pk": 423,
    "fields": {
      "response": 22,
      "question": 3,
      "likert_value": 3,
      "choice_value": null,
      "text_value": null,
      "answered_at": "2024-01-15T08:35:00Z"
    }
  },
  {
    "model": "pramlearnapp.arcsanswer",
    "pk": 424,
    "fields": {
      "response": 22,
      "question": 4,
      "likert_value": 4,
      "choice_value": null,
      "text_value": null,
      "answered_at": "2024-01-15T08:35:00Z"
    }
  },
  {
    "model": "pramlearnapp.arcsanswer",
    "pk": 425,
    "fields": {
      "response": 22,
      "question": 5,
      "likert_value": 4,
      "choice_value": null,
      "text_value": null,
      "answered_at": "2024-01-15T08:35:00Z"
    }
  },
  {
    "model": "pramlearnapp.arcsanswer",
    "pk": 426,
    "fields": {
      "response": 22,
      "question": 6,
      "likert_value": 4,
      "choice_value": null,
      "text_value": null,
      "answered_at": "2024-01-15T08:35:00Z"
    }
  },
  {
    "model": "pramlearnapp.arcsanswer",
    "pk": 427,
    "fields": {
      "response": 22,
      "question": 7,
      "likert_value": 4,
      "choice_value": null,
      "text_value": null,
      "answered_at": "2024-01-15T08:35:00Z"
    }
  },
  {
    "model": "pramlearnapp.arcsanswer",
    "pk": 428,
    "fields": {
      "response": 22,
      "question": 8,
      "likert_value": 5,
      "choice_value": null,
      "text_value": null,
      "answered_at": "2024-01-15T08:35:00Z"
    }
  },
  {
    "model": "pramlearnapp.arcsanswer",
    "pk": 429,
    "fields": {
      "response": 22,
      "question": 9,
      "likert_value": 3,
      "choice_value": null,
      "text_value": null,
      "answered_at": "2024-01-15T08:35:00Z"
    }
  },
  {
    "model": "pramlearnapp.arcsanswer",
    "pk": 430,
    "fields": {
      "response": 22,
      "question": 10,
      "likert_value": 4,
      "choice_value": null,
      "text_value": null,
      "answered_at": "2024-01-15T08:35:00Z"
    }
  },
  {
    "model": "pramlearnapp.arcsanswer",
    "pk": 431,
    "fields": {
      "response": 22,
      "question": 11,
      "likert_value": 2,
      "choice_value": null,
      "text_value": null,
      "answered_at": "2024-01-15T08:35:00Z"
    }
  },
  {
    "model": "pramlearnapp.arcsanswer",
    "pk": 432,
    "fields": {
      "response": 22,
      "question": 12,
      "likert_value": 2,
      "choice_value": null,
      "text_value": null,
      "answered_at": "2024-01-15T08:35:00Z"
    }
  },
  {
    "model": "pramlearnapp.arcsanswer",
    "pk": 433,
    "fields": {
      "response": 22,
      "question": 13,
      "likert_value": 5,
      "choice_value": null,
      "text_value": null,
      "answered_at": "2024-01-15T08:35:00Z"
    }
  },
  {
    "model": "pramlearnapp.arcsanswer",
    "pk": 434,
    "fields": {
      "response": 22,
      "question": 14,
      "likert_value": 4,
      "choice_value": null,
      "text_value": null,
      "answered_at": "2024-01-15T08:35:00Z"
    }
  },
  {
    "model": "pramlearnapp.arcsanswer",
    "pk": 435,
    "fields": {
      "response": 22,
      "question": 15,
      "likert_value": 5,
      "choice_value": null,
      "text_value": null,
      "answered_at": "2024-01-15T08:35:00Z"
    }
  },
  {
    "model": "pramlearnapp.arcsanswer",
    "pk": 436,
    "fields": {
      "response": 22,
      "question": 16,
      "likert_value": 3,
      "choice_value": null,
      "text_value": null,
      "answered_at": "2024-01-15T08:35:00Z"
    }
  },
  {
    "model": "pramlearnapp.arcsanswer",
    "pk": 437,
    "fields": {
      "response": 22,
      "question": 17,
      "likert_value": 3,
      "choice_value": null,
      "text_value": null,
      "answered_at": "2024-01-15T08:35:00Z"
    }
  },
  {
    "model": "pramlearnapp.arcsanswer",
    "pk": 438,
    "fields": {
      "response": 22,
      "question": 18,
      "likert_value": 3,
      "choice_value": null,
      "text_value": null,
      "answered_at": "2024-01-15T08:35:00Z"
    }
  },
  {
    "model": "pramlearnapp.arcsanswer",
    "pk": 439,
    "fields": {
      "response": 22,
      "question": 19,
      "likert_value": 4,
      "choice_value": null,
      "text_value": null,
      "answered_at": "2024-01-15T08:35:00Z"
    }
  },
  {
    "model": "pramlearnapp.arcsanswer",
    "pk": 440,
    "fields": {
      "response": 22,
      "question": 20,
      "likert_value": 4,
      "choice_value": null,
      "text_value": null,
      "answered_at": "2024-01-15T08:35:00Z"
    }
  },
  {
    "model": "pramlearnapp.arcsanswer",
    "pk": 441,
    "fields": {
      "response": 23,
      "question": 1,
      "likert_value": 4,
      "choice_value": null,
      "text_value": null,
      "answered_at": "2024-01-15T08:35:00Z"
    }
  },
  {
    "model": "pramlearnapp.arcsanswer",
    "pk": 442,
    "fields": {
      "response": 23,
      "question": 2,
      "likert_value": 2,
      "choice_value": null,
      "text_value": null,
      "answered_at": "2024-01-15T08:35:00Z"
    }
  },
  {
    "model": "pramlearnapp.arcsanswer",
    "pk": 443,
    "fields": {
      "response": 23,
      "question": 3,
      "likert_value": 4,
      "choice_value": null,
      "text_value": null,
      "answered_at": "2024-01-15T08:35:00Z"
    }
  },
  {
    "model": "pramlearnapp.arcsanswer",
    "pk": 444,
    "fields": {
      "response": 23,
      "question": 4,
      "likert_value": 5,
      "choice_value": null,
      "text_value": null,
      "answered_at": "2024-01-15T08:35:00Z"
    }
  },
  {
    "model": "pramlearnapp.arcsanswer",
    "pk": 445,
    "fields": {
      "response": 23,
      "question": 5,
      "likert_value": 2,
      "choice_value": null,
      "text_value": null,
      "answered_at": "2024-01-15T08:35:00Z"
    }
  },
  {
    "model": "pramlearnapp.arcsanswer",
    "pk": 446,
    "fields": {
      "response": 23,
      "question": 6,
      "likert_value": 4,
      "choice_value": null,
      "text_value": null,
      "answered_at": "2024-01-15T08:35:00Z"
    }
  },
  {
    "model": "pramlearnapp.arcsanswer",
    "pk": 447,
    "fields": {
      "response": 23,
      "question": 7,
      "likert_value": 3,
      "choice_value": null,
      "text_value": null,
      "answered_at": "2024-01-15T08:35:00Z"
    }
  },
  {
    "model": "pramlearnapp.arcsanswer",
    "pk": 448,
    "fields": {
      "response": 23,
      "question": 8,
      "likert_value": 5,
      "choice_value": null,
      "text_value": null,
      "answered_at": "2024-01-15T08:35:00Z"
    }
  },
  {
    "model": "pramlearnapp.arcsanswer",
    "pk": 449,
    "fields": {
      "response": 23,
      "question": 9,
      "likert_value": 5,
      "choice_value": null,
      "text_value": null,
      "answered_at": "2024-01-15T08:35:00Z"
    }
  },
  {
    "model": "pramlearnapp.arcsanswer",
    "pk": 450,
    "fields": {
      "response": 23,
      "question": 10,
      "likert_value": 4,
      "choice_value": null,
      "text_value": null,
      "answered_at": "2024-01-15T08:35:00Z"
    }
  },
  {
    "model": "pramlearnapp.arcsanswer",
    "pk": 451,
    "fields": {
      "response": 23,
      "question": 11,
      "likert_value": 4,
      "choice_value": null,
      "text_value": null,
      "answered_at": "2024-01-15T08:35:00Z"
    }
  },
  {
    "model": "pramlearnapp.arcsanswer",
    "pk": 452,
    "fields": {
      "response": 23,
      "question": 12,
      "likert_value": 3,
      "choice_value": null,
      "text_value": null,
      "answered_at": "2024-01-15T08:35:00Z"
    }
  },
  {
    "model": "pramlearnapp.arcsanswer",
    "pk": 453,
    "fields": {
      "response": 23,
      "question": 13,
      "likert_value": 3,
      "choice_value": null,
      "text_value": null,
      "answered_at": "2024-01-15T08:35:00Z"
    }
  },
  {
    "model": "pramlearnapp.arcsanswer",
    "pk": 454,
    "fields": {
      "response": 23,
      "question": 14,
      "likert_value": 3,
      "choice_value": null,
      "text_value": null,
      "answered_at": "2024-01-15T08:35:00Z"
    }
  },
  {
    "model": "pramlearnapp.arcsanswer",
    "pk": 455,
    "fields": {
      "response": 23,
      "question": 15,
      "likert_value": 4,
      "choice_value": null,
      "text_value": null,
      "answered_at": "2024-01-15T08:35:00Z"
    }
  },
  {
    "model": "pramlearnapp.arcsanswer",
    "pk": 456,
    "fields": {
      "response": 23,
      "question": 16,
      "likert_value": 5,
      "choice_value": null,
      "text_value": null,
      "answered_at": "2024-01-15T08:35:00Z"
    }
  },
  {
    "model": "pramlearnapp.arcsanswer",
    "pk": 457,
    "fields": {
      "response": 23,
      "question": 17,
      "likert_value": 4,
      "choice_value": null,
      "text_value": null,
      "answered_at": "2024-01-15T08:35:00Z"
    }
  },
  {
    "model": "pramlearnapp.arcsanswer",
    "pk": 458,
    "fields": {
      "response": 23,
      "question": 18,
      "likert_value": 2,
      "choice_value": null,
      "text_value": null,
      "answered_at": "2024-01-15T08:35:00Z"
    }
  },
  {
    "model": "pramlearnapp.arcsanswer",
    "pk": 459,
    "fields": {
      "response": 23,
      "question": 19,
      "likert_value": 2,
      "choice_value": null,
      "text_value": null,
      "answered_at": "2024-01-15T08:35:00Z"
    }
  },
  {
    "model": "pramlearnapp.arcsanswer",
    "pk": 460,
    "fields": {
      "response": 23,
      "question": 20,
      "likert_value": 4,
      "choice_value": null,
      "text_value": null,
      "answered_at": "2024-01-15T08:35:00Z"
    }
  },
  {
    "model": "pramlearnapp.arcsanswer",
    "pk": 461,
    "fields": {
      "response": 24,
      "question": 1,
      "likert_value": 4,
      "choice_value": null,
      "text_value": null,
      "answered_at": "2024-01-15T08:35:00Z"
    }
  },
  {
    "model": "pramlearnapp.arcsanswer",
    "pk": 462,
    "fields": {
      "response": 24,
      "question": 2,
      "likert_value": 4,
      "choice_value": null,
      "text_value": null,
      "answered_at": "2024-01-15T08:35:00Z"
    }
  },
  {
    "model": "pramlearnapp.arcsanswer",
    "pk": 463,
    "fields": {
      "response": 24,
      "question": 3,
      "likert_value": 5,
      "choice_value": null,
      "text_value": null,
      "answered_at": "2024-01-15T08:35:00Z"
    }
  },
  {
    "model": "pramlearnapp.arcsanswer",
    "pk": 464,
    "fields": {
      "response": 24,
      "question": 4,
      "likert_value": 2,
      "choice_value": null,
      "text_value": null,
      "answered_at": "2024-01-15T08:35:00Z"
    }
  },
  {
    "model": "pramlearnapp.arcsanswer",
    "pk": 465,
    "fields": {
      "response": 24,
      "question": 5,
      "likert_value": 5,
      "choice_value": null,
      "text_value": null,
      "answered_at": "2024-01-15T08:35:00Z"
    }
  },
  {
    "model": "pramlearnapp.arcsanswer",
    "pk": 466,
    "fields": {
      "response": 24,
      "question": 6,
      "likert_value": 5,
      "choice_value": null,
      "text_value": null,
      "answered_at": "2024-01-15T08:35:00Z"
    }
  },
  {
    "model": "pramlearnapp.arcsanswer",
    "pk": 467,
    "fields": {
      "response": 24,
      "question": 7,
      "likert_value": 3,
      "choice_value": null,
      "text_value": null,
      "answered_at": "2024-01-15T08:35:00Z"
    }
  },
  {
    "model": "pramlearnapp.arcsanswer",
    "pk": 468,
    "fields": {
      "response": 24,
      "question": 8,
      "likert_value": 5,
      "choice_value": null,
      "text_value": null,
      "answered_at": "2024-01-15T08:35:00Z"
    }
  },
  {
    "model": "pramlearnapp.arcsanswer",
    "pk": 469,
    "fields": {
      "response": 24,
      "question": 9,
      "likert_value": 3,
      "choice_value": null,
      "text_value": null,
      "answered_at": "2024-01-15T08:35:00Z"
    }
  },
  {
    "model": "pramlearnapp.arcsanswer",
    "pk": 470,
    "fields": {
      "response": 24,
      "question": 10,
      "likert_value": 2,
      "choice_value": null,
      "text_value": null,
      "answered_at": "2024-01-15T08:35:00Z"
    }
  },
  {
    "model": "pramlearnapp.arcsanswer",
    "pk": 471,
    "fields": {
      "response": 24,
      "question": 11,
      "likert_value": 4,
      "choice_value": null,
      "text_value": null,
      "answered_at": "2024-01-15T08:35:00Z"
    }
  },
  {
    "model": "pramlearnapp.arcsanswer",
    "pk": 472,
    "fields": {
      "response": 24,
      "question": 12,
      "likert_value": 4,
      "choice_value": null,
      "text_value": null,
      "answered_at": "2024-01-15T08:35:00Z"
    }
  },
  {
    "model": "pramlearnapp.arcsanswer",
    "pk": 473,
    "fields": {
      "response": 24,
      "question": 13,
      "likert_value": 3,
      "choice_value": null,
      "text_value": null,
      "answered_at": "2024-01-15T08:35:00Z"
    }
  },
  {
    "model": "pramlearnapp.arcsanswer",
    "pk": 474,
    "fields": {
      "response": 24,
      "question": 14,
      "likert_value": 4,
      "choice_value": null,
      "text_value": null,
      "answered_at": "2024-01-15T08:35:00Z"
    }
  },
  {
    "model": "pramlearnapp.arcsanswer",
    "pk": 475,
    "fields": {
      "response": 24,
      "question": 15,
      "likert_value": 3,
      "choice_value": null,
      "text_value": null,
      "answered_at": "2024-01-15T08:35:00Z"
    }
  },
  {
    "model": "pramlearnapp.arcsanswer",
    "pk": 476,
    "fields": {
      "response": 24,
      "question": 16,
      "likert_value": 5,
      "choice_value": null,
      "text_value": null,
      "answered_at": "2024-01-15T08:35:00Z"
    }
  },
  {
    "model": "pramlearnapp.arcsanswer",
    "pk": 477,
    "fields": {
      "response": 24,
      "question": 17,
      "likert_value": 4,
      "choice_value": null,
      "text_value": null,
      "answered_at": "2024-01-15T08:35:00Z"
    }
  },
  {
    "model": "pramlearnapp.arcsanswer",
    "pk": 478,
    "fields": {
      "response": 24,
      "question": 18,
      "likert_value": 4,
      "choice_value": null,
      "text_value": null,
      "answered_at": "2024-01-15T08:35:00Z"
    }
  },
  {
    "model": "pramlearnapp.arcsanswer",
    "pk": 479,
    "fields": {
      "response": 24,
      "question": 19,
      "likert_value": 3,
      "choice_value": null,
      "text_value": null,
      "answered_at": "2024-01-15T08:35:00Z"
    }
  },
  {
    "model": "pramlearnapp.arcsanswer",
    "pk": 480,
    "fields": {
      "response": 24,
      "question": 20,
      "likert_value": 3,
      "choice_value": null,
      "text_value": null,
      "answered_at": "2024-01-15T08:35:00Z"
    }
  },
  {
    "model": "pramlearnapp.arcsanswer",
    "pk": 481,
    "fields": {
      "response": 25,
      "question": 1,
      "likert_value": 2,
      "choice_value": null,
      "text_value": null,
      "answered_at": "2024-01-15T08:35:00Z"
    }
  },
  {
    "model": "pramlearnapp.arcsanswer",
    "pk": 482,
    "fields": {
      "response": 25,
      "question": 2,
      "likert_value": 3,
      "choice_value": null,
      "text_value": null,
      "answered_at": "2024-01-15T08:35:00Z"
    }
  },
  {
    "model": "pramlearnapp.arcsanswer",
    "pk": 483,
    "fields": {
      "response": 25,
      "question": 3,
      "likert_value": 3,
      "choice_value": null,
      "text_value": null,
      "answered_at": "2024-01-15T08:35:00Z"
    }
  },
  {
    "model": "pramlearnapp.arcsanswer",
    "pk": 484,
    "fields": {
      "response": 25,
      "question": 4,
      "likert_value": 4,
      "choice_value": null,
      "text_value": null,
      "answered_at": "2024-01-15T08:35:00Z"
    }
  },
  {
    "model": "pramlearnapp.arcsanswer",
    "pk": 485,
    "fields": {
      "response": 25,
      "question": 5,
      "likert_value": 4,
      "choice_value": null,
      "text_value": null,
      "answered_at": "2024-01-15T08:35:00Z"
    }
  },
  {
    "model": "pramlearnapp.arcsanswer",
    "pk": 486,
    "fields": {
      "response": 25,
      "question": 6,
      "likert_value": 3,
      "choice_value": null,
      "text_value": null,
      "answered_at": "2024-01-15T08:35:00Z"
    }
  },
  {
    "model": "pramlearnapp.arcsanswer",
    "pk": 487,
    "fields": {
      "response": 25,
      "question": 7,
      "likert_value": 5,
      "choice_value": null,
      "text_value": null,
      "answered_at": "2024-01-15T08:35:00Z"
    }
  },
  {
    "model": "pramlearnapp.arcsanswer",
    "pk": 488,
    "fields": {
      "response": 25,
      "question": 8,
      "likert_value": 3,
      "choice_value": null,
      "text_value": null,
      "answered_at": "2024-01-15T08:35:00Z"
    }
  },
  {
    "model": "pramlearnapp.arcsanswer",
    "pk": 489,
    "fields": {
      "response": 25,
      "question": 9,
      "likert_value": 3,
      "choice_value": null,
      "text_value": null,
      "answered_at": "2024-01-15T08:35:00Z"
    }
  },
  {
    "model": "pramlearnapp.arcsanswer",
    "pk": 490,
    "fields": {
      "response": 25,
      "question": 10,
      "likert_value": 2,
      "choice_value": null,
      "text_value": null,
      "answered_at": "2024-01-15T08:35:00Z"
    }
  },
  {
    "model": "pramlearnapp.arcsanswer",
    "pk": 491,
    "fields": {
      "response": 25,
      "question": 11,
      "likert_value": 4,
      "choice_value": null,
      "text_value": null,
      "answered_at": "2024-01-15T08:35:00Z"
    }
  },
  {
    "model": "pramlearnapp.arcsanswer",
    "pk": 492,
    "fields": {
      "response": 25,
      "question": 12,
      "likert_value": 4,
      "choice_value": null,
      "text_value": null,
      "answered_at": "2024-01-15T08:35:00Z"
    }
  },
  {
    "model": "pramlearnapp.arcsanswer",
    "pk": 493,
    "fields": {
      "response": 25,
      "question": 13,
      "likert_value": 3,
      "choice_value": null,
      "text_value": null,
      "answered_at": "2024-01-15T08:35:00Z"
    }
  },
  {
    "model": "pramlearnapp.arcsanswer",
    "pk": 494,
    "fields": {
      "response": 25,
      "question": 14,
      "likert_value": 3,
      "choice_value": null,
      "text_value": null,
      "answered_at": "2024-01-15T08:35:00Z"
    }
  },
  {
    "model": "pramlearnapp.arcsanswer",
    "pk": 495,
    "fields": {
      "response": 25,
      "question": 15,
      "likert_value": 3,
      "choice_value": null,
      "text_value": null,
      "answered_at": "2024-01-15T08:35:00Z"
    }
  },
  {
    "model": "pramlearnapp.arcsanswer",
    "pk": 496,
    "fields": {
      "response": 25,
      "question": 16,
      "likert_value": 4,
      "choice_value": null,
      "text_value": null,
      "answered_at": "2024-01-15T08:35:00Z"
    }
  },
  {
    "model": "pramlearnapp.arcsanswer",
    "pk": 497,
    "fields": {
      "response": 25,
      "question": 17,
      "likert_value": 2,
      "choice_value": null,
      "text_value": null,
      "answered_at": "2024-01-15T08:35:00Z"
    }
  },
  {
    "model": "pramlearnapp.arcsanswer",
    "pk": 498,
    "fields": {
      "response": 25,
      "question": 18,
      "likert_value": 3,
      "choice_value": null,
      "text_value": null,
      "answered_at": "2024-01-15T08:35:00Z"
    }
  },
  {
    "model": "pramlearnapp.arcsanswer",
    "pk": 499,
    "fields": {
      "response": 25,
      "question": 19,
      "likert_value": 4,
      "choice_value": null,
      "text_value": null,
      "answered_at": "2024-01-15T08:35:00Z"
    }
  },
  {
    "model": "pramlearnapp.arcsanswer",
    "pk": 500,
    "fields": {
      "response": 25,
      "question": 20,
      "likert_value": 5,
      "choice_value": null,
      "text_value": null,
      "answered_at": "2024-01-15T08:35:00Z"
    }
  },
  {
    "model": "pramlearnapp.arcsanswer",
    "pk": 501,
    "fields": {
      "response": 26,
      "question": 1,
      "likert_value": 3,
      "choice_value": null,
      "text_value": null,
      "answered_at": "2024-01-15T08:35:00Z"
    }
  },
  {
    "model": "pramlearnapp.arcsanswer",
    "pk": 502,
    "fields": {
      "response": 26,
      "question": 2,
      "likert_value": 4,
      "choice_value": null,
      "text_value": null,
      "answered_at": "2024-01-15T08:35:00Z"
    }
  },
  {
    "model": "pramlearnapp.arcsanswer",
    "pk": 503,
    "fields": {
      "response": 26,
      "question": 3,
      "likert_value": 5,
      "choice_value": null,
      "text_value": null,
      "answered_at": "2024-01-15T08:35:00Z"
    }
  },
  {
    "model": "pramlearnapp.arcsanswer",
    "pk": 504,
    "fields": {
      "response": 26,
      "question": 4,
      "likert_value": 4,
      "choice_value": null,
      "text_value": null,
      "answered_at": "2024-01-15T08:35:00Z"
    }
  },
  {
    "model": "pramlearnapp.arcsanswer",
    "pk": 505,
    "fields": {
      "response": 26,
      "question": 5,
      "likert_value": 3,
      "choice_value": null,
      "text_value": null,
      "answered_at": "2024-01-15T08:35:00Z"
    }
  },
  {
    "model": "pramlearnapp.arcsanswer",
    "pk": 506,
    "fields": {
      "response": 26,
      "question": 6,
      "likert_value": 4,
      "choice_value": null,
      "text_value": null,
      "answered_at": "2024-01-15T08:35:00Z"
    }
  },
  {
    "model": "pramlearnapp.arcsanswer",
    "pk": 507,
    "fields": {
      "response": 26,
      "question": 7,
      "likert_value": 2,
      "choice_value": null,
      "text_value": null,
      "answered_at": "2024-01-15T08:35:00Z"
    }
  },
  {
    "model": "pramlearnapp.arcsanswer",
    "pk": 508,
    "fields": {
      "response": 26,
      "question": 8,
      "likert_value": 4,
      "choice_value": null,
      "text_value": null,
      "answered_at": "2024-01-15T08:35:00Z"
    }
  },
  {
    "model": "pramlearnapp.arcsanswer",
    "pk": 509,
    "fields": {
      "response": 26,
      "question": 9,
      "likert_value": 4,
      "choice_value": null,
      "text_value": null,
      "answered_at": "2024-01-15T08:35:00Z"
    }
  },
  {
    "model": "pramlearnapp.arcsanswer",
    "pk": 510,
    "fields": {
      "response": 26,
      "question": 10,
      "likert_value": 4,
      "choice_value": null,
      "text_value": null,
      "answered_at": "2024-01-15T08:35:00Z"
    }
  },
  {
    "model": "pramlearnapp.arcsanswer",
    "pk": 511,
    "fields": {
      "response": 26,
      "question": 11,
      "likert_value": 4,
      "choice_value": null,
      "text_value": null,
      "answered_at": "2024-01-15T08:35:00Z"
    }
  },
  {
    "model": "pramlearnapp.arcsanswer",
    "pk": 512,
    "fields": {
      "response": 26,
      "question": 12,
      "likert_value": 2,
      "choice_value": null,
      "text_value": null,
      "answered_at": "2024-01-15T08:35:00Z"
    }
  },
  {
    "model": "pramlearnapp.arcsanswer",
    "pk": 513,
    "fields": {
      "response": 26,
      "question": 13,
      "likert_value": 5,
      "choice_value": null,
      "text_value": null,
      "answered_at": "2024-01-15T08:35:00Z"
    }
  },
  {
    "model": "pramlearnapp.arcsanswer",
    "pk": 514,
    "fields": {
      "response": 26,
      "question": 14,
      "likert_value": 3,
      "choice_value": null,
      "text_value": null,
      "answered_at": "2024-01-15T08:35:00Z"
    }
  },
  {
    "model": "pramlearnapp.arcsanswer",
    "pk": 515,
    "fields": {
      "response": 26,
      "question": 15,
      "likert_value": 4,
      "choice_value": null,
      "text_value": null,
      "answered_at": "2024-01-15T08:35:00Z"
    }
  },
  {
    "model": "pramlearnapp.arcsanswer",
    "pk": 516,
    "fields": {
      "response": 26,
      "question": 16,
      "likert_value": 5,
      "choice_value": null,
      "text_value": null,
      "answered_at": "2024-01-15T08:35:00Z"
    }
  },
  {
    "model": "pramlearnapp.arcsanswer",
    "pk": 517,
    "fields": {
      "response": 26,
      "question": 17,
      "likert_value": 2,
      "choice_value": null,
      "text_value": null,
      "answered_at": "2024-01-15T08:35:00Z"
    }
  },
  {
    "model": "pramlearnapp.arcsanswer",
    "pk": 518,
    "fields": {
      "response": 26,
      "question": 18,
      "likert_value": 5,
      "choice_value": null,
      "text_value": null,
      "answered_at": "2024-01-15T08:35:00Z"
    }
  },
  {
    "model": "pramlearnapp.arcsanswer",
    "pk": 519,
    "fields": {
      "response": 26,
      "question": 19,
      "likert_value": 4,
      "choice_value": null,
      "text_value": null,
      "answered_at": "2024-01-15T08:35:00Z"
    }
  },
  {
    "model": "pramlearnapp.arcsanswer",
    "pk": 520,
    "fields": {
      "response": 26,
      "question": 20,
      "likert_value": 5,
      "choice_value": null,
      "text_value": null,
      "answered_at": "2024-01-15T08:35:00Z"
    }
  },
  {
    "model": "pramlearnapp.arcsanswer",
    "pk": 521,
    "fields": {
      "response": 27,
      "question": 1,
      "likert_value": 4,
      "choice_value": null,
      "text_value": null,
      "answered_at": "2024-01-15T08:35:00Z"
    }
  },
  {
    "model": "pramlearnapp.arcsanswer",
    "pk": 522,
    "fields": {
      "response": 27,
      "question": 2,
      "likert_value": 4,
      "choice_value": null,
      "text_value": null,
      "answered_at": "2024-01-15T08:35:00Z"
    }
  },
  {
    "model": "pramlearnapp.arcsanswer",
    "pk": 523,
    "fields": {
      "response": 27,
      "question": 3,
      "likert_value": 5,
      "choice_value": null,
      "text_value": null,
      "answered_at": "2024-01-15T08:35:00Z"
    }
  },
  {
    "model": "pramlearnapp.arcsanswer",
    "pk": 524,
    "fields": {
      "response": 27,
      "question": 4,
      "likert_value": 2,
      "choice_value": null,
      "text_value": null,
      "answered_at": "2024-01-15T08:35:00Z"
    }
  },
  {
    "model": "pramlearnapp.arcsanswer",
    "pk": 525,
    "fields": {
      "response": 27,
      "question": 5,
      "likert_value": 4,
      "choice_value": null,
      "text_value": null,
      "answered_at": "2024-01-15T08:35:00Z"
    }
  },
  {
    "model": "pramlearnapp.arcsanswer",
    "pk": 526,
    "fields": {
      "response": 27,
      "question": 6,
      "likert_value": 4,
      "choice_value": null,
      "text_value": null,
      "answered_at": "2024-01-15T08:35:00Z"
    }
  },
  {
    "model": "pramlearnapp.arcsanswer",
    "pk": 527,
    "fields": {
      "response": 27,
      "question": 7,
      "likert_value": 4,
      "choice_value": null,
      "text_value": null,
      "answered_at": "2024-01-15T08:35:00Z"
    }
  },
  {
    "model": "pramlearnapp.arcsanswer",
    "pk": 528,
    "fields": {
      "response": 27,
      "question": 8,
      "likert_value": 5,
      "choice_value": null,
      "text_value": null,
      "answered_at": "2024-01-15T08:35:00Z"
    }
  },
  {
    "model": "pramlearnapp.arcsanswer",
    "pk": 529,
    "fields": {
      "response": 27,
      "question": 9,
      "likert_value": 5,
      "choice_value": null,
      "text_value": null,
      "answered_at": "2024-01-15T08:35:00Z"
    }
  },
  {
    "model": "pramlearnapp.arcsanswer",
    "pk": 530,
    "fields": {
      "response": 27,
      "question": 10,
      "likert_value": 3,
      "choice_value": null,
      "text_value": null,
      "answered_at": "2024-01-15T08:35:00Z"
    }
  },
  {
    "model": "pramlearnapp.arcsanswer",
    "pk": 531,
    "fields": {
      "response": 27,
      "question": 11,
      "likert_value": 5,
      "choice_value": null,
      "text_value": null,
      "answered_at": "2024-01-15T08:35:00Z"
    }
  },
  {
    "model": "pramlearnapp.arcsanswer",
    "pk": 532,
    "fields": {
      "response": 27,
      "question": 12,
      "likert_value": 4,
      "choice_value": null,
      "text_value": null,
      "answered_at": "2024-01-15T08:35:00Z"
    }
  },
  {
    "model": "pramlearnapp.arcsanswer",
    "pk": 533,
    "fields": {
      "response": 27,
      "question": 13,
      "likert_value": 3,
      "choice_value": null,
      "text_value": null,
      "answered_at": "2024-01-15T08:35:00Z"
    }
  },
  {
    "model": "pramlearnapp.arcsanswer",
    "pk": 534,
    "fields": {
      "response": 27,
      "question": 14,
      "likert_value": 3,
      "choice_value": null,
      "text_value": null,
      "answered_at": "2024-01-15T08:35:00Z"
    }
  },
  {
    "model": "pramlearnapp.arcsanswer",
    "pk": 535,
    "fields": {
      "response": 27,
      "question": 15,
      "likert_value": 5,
      "choice_value": null,
      "text_value": null,
      "answered_at": "2024-01-15T08:35:00Z"
    }
  },
  {
    "model": "pramlearnapp.arcsanswer",
    "pk": 536,
    "fields": {
      "response": 27,
      "question": 16,
      "likert_value": 4,
      "choice_value": null,
      "text_value": null,
      "answered_at": "2024-01-15T08:35:00Z"
    }
  },
  {
    "model": "pramlearnapp.arcsanswer",
    "pk": 537,
    "fields": {
      "response": 27,
      "question": 17,
      "likert_value": 3,
      "choice_value": null,
      "text_value": null,
      "answered_at": "2024-01-15T08:35:00Z"
    }
  },
  {
    "model": "pramlearnapp.arcsanswer",
    "pk": 538,
    "fields": {
      "response": 27,
      "question": 18,
      "likert_value": 5,
      "choice_value": null,
      "text_value": null,
      "answered_at": "2024-01-15T08:35:00Z"
    }
  },
  {
    "model": "pramlearnapp.arcsanswer",
    "pk": 539,
    "fields": {
      "response": 27,
      "question": 19,
      "likert_value": 4,
      "choice_value": null,
      "text_value": null,
      "answered_at": "2024-01-15T08:35:00Z"
    }
  },
  {
    "model": "pramlearnapp.arcsanswer",
    "pk": 540,
    "fields": {
      "response": 27,
      "question": 20,
      "likert_value": 4,
      "choice_value": null,
      "text_value": null,
      "answered_at": "2024-01-15T08:35:00Z"
    }
  },
  {
    "model": "pramlearnapp.arcsanswer",
    "pk": 541,
    "fields": {
      "response": 28,
      "question": 1,
      "likert_value": 2,
      "choice_value": null,
      "text_value": null,
      "answered_at": "2024-01-15T08:35:00Z"
    }
  },
  {
    "model": "pramlearnapp.arcsanswer",
    "pk": 542,
    "fields": {
      "response": 28,
      "question": 2,
      "likert_value": 2,
      "choice_value": null,
      "text_value": null,
      "answered_at": "2024-01-15T08:35:00Z"
    }
  },
  {
    "model": "pramlearnapp.arcsanswer",
    "pk": 543,
    "fields": {
      "response": 28,
      "question": 3,
      "likert_value": 4,
      "choice_value": null,
      "text_value": null,
      "answered_at": "2024-01-15T08:35:00Z"
    }
  },
  {
    "model": "pramlearnapp.arcsanswer",
    "pk": 544,
    "fields": {
      "response": 28,
      "question": 4,
      "likert_value": 4,
      "choice_value": null,
      "text_value": null,
      "answered_at": "2024-01-15T08:35:00Z"
    }
  },
  {
    "model": "pramlearnapp.arcsanswer",
    "pk": 545,
    "fields": {
      "response": 28,
      "question": 5,
      "likert_value": 4,
      "choice_value": null,
      "text_value": null,
      "answered_at": "2024-01-15T08:35:00Z"
    }
  },
  {
    "model": "pramlearnapp.arcsanswer",
    "pk": 546,
    "fields": {
      "response": 28,
      "question": 6,
      "likert_value": 3,
      "choice_value": null,
      "text_value": null,
      "answered_at": "2024-01-15T08:35:00Z"
    }
  },
  {
    "model": "pramlearnapp.arcsanswer",
    "pk": 547,
    "fields": {
      "response": 28,
      "question": 7,
      "likert_value": 5,
      "choice_value": null,
      "text_value": null,
      "answered_at": "2024-01-15T08:35:00Z"
    }
  },
  {
    "model": "pramlearnapp.arcsanswer",
    "pk": 548,
    "fields": {
      "response": 28,
      "question": 8,
      "likert_value": 2,
      "choice_value": null,
      "text_value": null,
      "answered_at": "2024-01-15T08:35:00Z"
    }
  },
  {
    "model": "pramlearnapp.arcsanswer",
    "pk": 549,
    "fields": {
      "response": 28,
      "question": 9,
      "likert_value": 4,
      "choice_value": null,
      "text_value": null,
      "answered_at": "2024-01-15T08:35:00Z"
    }
  },
  {
    "model": "pramlearnapp.arcsanswer",
    "pk": 550,
    "fields": {
      "response": 28,
      "question": 10,
      "likert_value": 3,
      "choice_value": null,
      "text_value": null,
      "answered_at": "2024-01-15T08:35:00Z"
    }
  },
  {
    "model": "pramlearnapp.arcsanswer",
    "pk": 551,
    "fields": {
      "response": 28,
      "question": 11,
      "likert_value": 4,
      "choice_value": null,
      "text_value": null,
      "answered_at": "2024-01-15T08:35:00Z"
    }
  },
  {
    "model": "pramlearnapp.arcsanswer",
    "pk": 552,
    "fields": {
      "response": 28,
      "question": 12,
      "likert_value": 2,
      "choice_value": null,
      "text_value": null,
      "answered_at": "2024-01-15T08:35:00Z"
    }
  },
  {
    "model": "pramlearnapp.arcsanswer",
    "pk": 553,
    "fields": {
      "response": 28,
      "question": 13,
      "likert_value": 3,
      "choice_value": null,
      "text_value": null,
      "answered_at": "2024-01-15T08:35:00Z"
    }
  },
  {
    "model": "pramlearnapp.arcsanswer",
    "pk": 554,
    "fields": {
      "response": 28,
      "question": 14,
      "likert_value": 4,
      "choice_value": null,
      "text_value": null,
      "answered_at": "2024-01-15T08:35:00Z"
    }
  },
  {
    "model": "pramlearnapp.arcsanswer",
    "pk": 555,
    "fields": {
      "response": 28,
      "question": 15,
      "likert_value": 4,
      "choice_value": null,
      "text_value": null,
      "answered_at": "2024-01-15T08:35:00Z"
    }
  },
  {
    "model": "pramlearnapp.arcsanswer",
    "pk": 556,
    "fields": {
      "response": 28,
      "question": 16,
      "likert_value": 3,
      "choice_value": null,
      "text_value": null,
      "answered_at": "2024-01-15T08:35:00Z"
    }
  },
  {
    "model": "pramlearnapp.arcsanswer",
    "pk": 557,
    "fields": {
      "response": 28,
      "question": 17,
      "likert_value": 4,
      "choice_value": null,
      "text_value": null,
      "answered_at": "2024-01-15T08:35:00Z"
    }
  },
  {
    "model": "pramlearnapp.arcsanswer",
    "pk": 558,
    "fields": {
      "response": 28,
      "question": 18,
      "likert_value": 4,
      "choice_value": null,
      "text_value": null,
      "answered_at": "2024-01-15T08:35:00Z"
    }
  },
  {
    "model": "pramlearnapp.arcsanswer",
    "pk": 559,
    "fields": {
      "response": 28,
      "question": 19,
      "likert_value": 5,
      "choice_value": null,
      "text_value": null,
      "answered_at": "2024-01-15T08:35:00Z"
    }
  },
  {
    "model": "pramlearnapp.arcsanswer",
    "pk": 560,
    "fields": {
      "response": 28,
      "question": 20,
      "likert_value": 5,
      "choice_value": null,
      "text_value": null,
      "answered_at": "2024-01-15T08:35:00Z"
    }
  },
  {
    "model": "pramlearnapp.arcsanswer",
    "pk": 561,
    "fields": {
      "response": 29,
      "question": 1,
      "likert_value": 5,
      "choice_value": null,
      "text_value": null,
      "answered_at": "2024-01-15T08:35:00Z"
    }
  },
  {
    "model": "pramlearnapp.arcsanswer",
    "pk": 562,
    "fields": {
      "response": 29,
      "question": 2,
      "likert_value": 3,
      "choice_value": null,
      "text_value": null,
      "answered_at": "2024-01-15T08:35:00Z"
    }
  },
  {
    "model": "pramlearnapp.arcsanswer",
    "pk": 563,
    "fields": {
      "response": 29,
      "question": 3,
      "likert_value": 4,
      "choice_value": null,
      "text_value": null,
      "answered_at": "2024-01-15T08:35:00Z"
    }
  },
  {
    "model": "pramlearnapp.arcsanswer",
    "pk": 564,
    "fields": {
      "response": 29,
      "question": 4,
      "likert_value": 4,
      "choice_value": null,
      "text_value": null,
      "answered_at": "2024-01-15T08:35:00Z"
    }
  },
  {
    "model": "pramlearnapp.arcsanswer",
    "pk": 565,
    "fields": {
      "response": 29,
      "question": 5,
      "likert_value": 4,
      "choice_value": null,
      "text_value": null,
      "answered_at": "2024-01-15T08:35:00Z"
    }
  },
  {
    "model": "pramlearnapp.arcsanswer",
    "pk": 566,
    "fields": {
      "response": 29,
      "question": 6,
      "likert_value": 2,
      "choice_value": null,
      "text_value": null,
      "answered_at": "2024-01-15T08:35:00Z"
    }
  },
  {
    "model": "pramlearnapp.arcsanswer",
    "pk": 567,
    "fields": {
      "response": 29,
      "question": 7,
      "likert_value": 4,
      "choice_value": null,
      "text_value": null,
      "answered_at": "2024-01-15T08:35:00Z"
    }
  },
  {
    "model": "pramlearnapp.arcsanswer",
    "pk": 568,
    "fields": {
      "response": 29,
      "question": 8,
      "likert_value": 5,
      "choice_value": null,
      "text_value": null,
      "answered_at": "2024-01-15T08:35:00Z"
    }
  },
  {
    "model": "pramlearnapp.arcsanswer",
    "pk": 569,
    "fields": {
      "response": 29,
      "question": 9,
      "likert_value": 3,
      "choice_value": null,
      "text_value": null,
      "answered_at": "2024-01-15T08:35:00Z"
    }
  },
  {
    "model": "pramlearnapp.arcsanswer",
    "pk": 570,
    "fields": {
      "response": 29,
      "question": 10,
      "likert_value": 4,
      "choice_value": null,
      "text_value": null,
      "answered_at": "2024-01-15T08:35:00Z"
    }
  },
  {
    "model": "pramlearnapp.arcsanswer",
    "pk": 571,
    "fields": {
      "response": 29,
      "question": 11,
      "likert_value": 4,
      "choice_value": null,
      "text_value": null,
      "answered_at": "2024-01-15T08:35:00Z"
    }
  },
  {
    "model": "pramlearnapp.arcsanswer",
    "pk": 572,
    "fields": {
      "response": 29,
      "question": 12,
      "likert_value": 4,
      "choice_value": null,
      "text_value": null,
      "answered_at": "2024-01-15T08:35:00Z"
    }
  },
  {
    "model": "pramlearnapp.arcsanswer",
    "pk": 573,
    "fields": {
      "response": 29,
      "question": 13,
      "likert_value": 4,
      "choice_value": null,
      "text_value": null,
      "answered_at": "2024-01-15T08:35:00Z"
    }
  },
  {
    "model": "pramlearnapp.arcsanswer",
    "pk": 574,
    "fields": {
      "response": 29,
      "question": 14,
      "likert_value": 3,
      "choice_value": null,
      "text_value": null,
      "answered_at": "2024-01-15T08:35:00Z"
    }
  },
  {
    "model": "pramlearnapp.arcsanswer",
    "pk": 575,
    "fields": {
      "response": 29,
      "question": 15,
      "likert_value": 4,
      "choice_value": null,
      "text_value": null,
      "answered_at": "2024-01-15T08:35:00Z"
    }
  },
  {
    "model": "pramlearnapp.arcsanswer",
    "pk": 576,
    "fields": {
      "response": 29,
      "question": 16,
      "likert_value": 3,
      "choice_value": null,
      "text_value": null,
      "answered_at": "2024-01-15T08:35:00Z"
    }
  },
  {
    "model": "pramlearnapp.arcsanswer",
    "pk": 577,
    "fields": {
      "response": 29,
      "question": 17,
      "likert_value": 3,
      "choice_value": null,
      "text_value": null,
      "answered_at": "2024-01-15T08:35:00Z"
    }
  },
  {
    "model": "pramlearnapp.arcsanswer",
    "pk": 578,
    "fields": {
      "response": 29,
      "question": 18,
      "likert_value": 3,
      "choice_value": null,
      "text_value": null,
      "answered_at": "2024-01-15T08:35:00Z"
    }
  },
  {
    "model": "pramlearnapp.arcsanswer",
    "pk": 579,
    "fields": {
      "response": 29,
      "question": 19,
      "likert_value": 4,
      "choice_value": null,
      "text_value": null,
      "answered_at": "2024-01-15T08:35:00Z"
    }
  },
  {
    "model": "pramlearnapp.arcsanswer",
    "pk": 580,
    "fields": {
      "response": 29,
      "question": 20,
      "likert_value": 5,
      "choice_value": null,
      "text_value": null,
      "answered_at": "2024-01-15T08:35:00Z"
    }
  },
  {
    "model": "pramlearnapp.arcsanswer",
    "pk": 581,
    "fields": {
      "response": 30,
      "question": 1,
      "likert_value": 4,
      "choice_value": null,
      "text_value": null,
      "answered_at": "2024-01-15T08:35:00Z"
    }
  },
  {
    "model": "pramlearnapp.arcsanswer",
    "pk": 582,
    "fields": {
      "response": 30,
      "question": 2,
      "likert_value": 3,
      "choice_value": null,
      "text_value": null,
      "answered_at": "2024-01-15T08:35:00Z"
    }
  },
  {
    "model": "pramlearnapp.arcsanswer",
    "pk": 583,
    "fields": {
      "response": 30,
      "question": 3,
      "likert_value": 4,
      "choice_value": null,
      "text_value": null,
      "answered_at": "2024-01-15T08:35:00Z"
    }
  },
  {
    "model": "pramlearnapp.arcsanswer",
    "pk": 584,
    "fields": {
      "response": 30,
      "question": 4,
      "likert_value": 4,
      "choice_value": null,
      "text_value": null,
      "answered_at": "2024-01-15T08:35:00Z"
    }
  },
  {
    "model": "pramlearnapp.arcsanswer",
    "pk": 585,
    "fields": {
      "response": 30,
      "question": 5,
      "likert_value": 4,
      "choice_value": null,
      "text_value": null,
      "answered_at": "2024-01-15T08:35:00Z"
    }
  },
  {
    "model": "pramlearnapp.arcsanswer",
    "pk": 586,
    "fields": {
      "response": 30,
      "question": 6,
      "likert_value": 4,
      "choice_value": null,
      "text_value": null,
      "answered_at": "2024-01-15T08:35:00Z"
    }
  },
  {
    "model": "pramlearnapp.arcsanswer",
    "pk": 587,
    "fields": {
      "response": 30,
      "question": 7,
      "likert_value": 3,
      "choice_value": null,
      "text_value": null,
      "answered_at": "2024-01-15T08:35:00Z"
    }
  },
  {
    "model": "pramlearnapp.arcsanswer",
    "pk": 588,
    "fields": {
      "response": 30,
      "question": 8,
      "likert_value": 2,
      "choice_value": null,
      "text_value": null,
      "answered_at": "2024-01-15T08:35:00Z"
    }
  },
  {
    "model": "pramlearnapp.arcsanswer",
    "pk": 589,
    "fields": {
      "response": 30,
      "question": 9,
      "likert_value": 4,
      "choice_value": null,
      "text_value": null,
      "answered_at": "2024-01-15T08:35:00Z"
    }
  },
  {
    "model": "pramlearnapp.arcsanswer",
    "pk": 590,
    "fields": {
      "response": 30,
      "question": 10,
      "likert_value": 4,
      "choice_value": null,
      "text_value": null,
      "answered_at": "2024-01-15T08:35:00Z"
    }
  },
  {
    "model": "pramlearnapp.arcsanswer",
    "pk": 591,
    "fields": {
      "response": 30,
      "question": 11,
      "likert_value": 3,
      "choice_value": null,
      "text_value": null,
      "answered_at": "2024-01-15T08:35:00Z"
    }
  },
  {
    "model": "pramlearnapp.arcsanswer",
    "pk": 592,
    "fields": {
      "response": 30,
      "question": 12,
      "likert_value": 4,
      "choice_value": null,
      "text_value": null,
      "answered_at": "2024-01-15T08:35:00Z"
    }
  },
  {
    "model": "pramlearnapp.arcsanswer",
    "pk": 593,
    "fields": {
      "response": 30,
      "question": 13,
      "likert_value": 2,
      "choice_value": null,
      "text_value": null,
      "answered_at": "2024-01-15T08:35:00Z"
    }
  },
  {
    "model": "pramlearnapp.arcsanswer",
    "pk": 594,
    "fields": {
      "response": 30,
      "question": 14,
      "likert_value": 2,
      "choice_value": null,
      "text_value": null,
      "answered_at": "2024-01-15T08:35:00Z"
    }
  },
  {
    "model": "pramlearnapp.arcsanswer",
    "pk": 595,
    "fields": {
      "response": 30,
      "question": 15,
      "likert_value": 2,
      "choice_value": null,
      "text_value": null,
      "answered_at": "2024-01-15T08:35:00Z"
    }
  },
  {
    "model": "pramlearnapp.arcsanswer",
    "pk": 596,
    "fields": {
      "response": 30,
      "question": 16,
      "likert_value": 4,
      "choice_value": null,
      "text_value": null,
      "answered_at": "2024-01-15T08:35:00Z"
    }
  },
  {
    "model": "pramlearnapp.arcsanswer",
    "pk": 597,
    "fields": {
      "response": 30,
      "question": 17,
      "likert_value": 4,
      "choice_value": null,
      "text_value": null,
      "answered_at": "2024-01-15T08:35:00Z"
    }
  },
  {
    "model": "pramlearnapp.arcsanswer",
    "pk": 598,
    "fields": {
      "response": 30,
      "question": 18,
      "likert_value": 2,
      "choice_value": null,
      "text_value": null,
      "answered_at": "2024-01-15T08:35:00Z"
    }
  },
  {
    "model": "pramlearnapp.arcsanswer",
    "pk": 599,
    "fields": {
      "response": 30,
      "question": 19,
      "likert_value": 4,
      "choice_value": null,
      "text_value": null,
      "answered_at": "2024-01-15T08:35:00Z"
    }
  },
  {
    "model": "pramlearnapp.arcsanswer",
    "pk": 600,
    "fields": {
      "response": 30,
      "question": 20,
      "likert_value": 3,
      "choice_value": null,
      "text_value": null,
      "answered_at": "2024-01-15T08:35:00Z"
    }
  },
  {
    "model": "pramlearnapp.arcsanswer",
    "pk": 601,
    "fields": {
      "response": 31,
      "question": 1,
      "likert_value": 4,
      "choice_value": null,
      "text_value": null,
      "answered_at": "2024-01-15T08:35:00Z"
    }
  },
  {
    "model": "pramlearnapp.arcsanswer",
    "pk": 602,
    "fields": {
      "response": 31,
      "question": 2,
      "likert_value": 3,
      "choice_value": null,
      "text_value": null,
      "answered_at": "2024-01-15T08:35:00Z"
    }
  },
  {
    "model": "pramlearnapp.arcsanswer",
    "pk": 603,
    "fields": {
      "response": 31,
      "question": 3,
      "likert_value": 3,
      "choice_value": null,
      "text_value": null,
      "answered_at": "2024-01-15T08:35:00Z"
    }
  },
  {
    "model": "pramlearnapp.arcsanswer",
    "pk": 604,
    "fields": {
      "response": 31,
      "question": 4,
      "likert_value": 4,
      "choice_value": null,
      "text_value": null,
      "answered_at": "2024-01-15T08:35:00Z"
    }
  },
  {
    "model": "pramlearnapp.arcsanswer",
    "pk": 605,
    "fields": {
      "response": 31,
      "question": 5,
      "likert_value": 4,
      "choice_value": null,
      "text_value": null,
      "answered_at": "2024-01-15T08:35:00Z"
    }
  },
  {
    "model": "pramlearnapp.arcsanswer",
    "pk": 606,
    "fields": {
      "response": 31,
      "question": 6,
      "likert_value": 4,
      "choice_value": null,
      "text_value": null,
      "answered_at": "2024-01-15T08:35:00Z"
    }
  },
  {
    "model": "pramlearnapp.arcsanswer",
    "pk": 607,
    "fields": {
      "response": 31,
      "question": 7,
      "likert_value": 3,
      "choice_value": null,
      "text_value": null,
      "answered_at": "2024-01-15T08:35:00Z"
    }
  },
  {
    "model": "pramlearnapp.arcsanswer",
    "pk": 608,
    "fields": {
      "response": 31,
      "question": 8,
      "likert_value": 3,
      "choice_value": null,
      "text_value": null,
      "answered_at": "2024-01-15T08:35:00Z"
    }
  },
  {
    "model": "pramlearnapp.arcsanswer",
    "pk": 609,
    "fields": {
      "response": 31,
      "question": 9,
      "likert_value": 4,
      "choice_value": null,
      "text_value": null,
      "answered_at": "2024-01-15T08:35:00Z"
    }
  },
  {
    "model": "pramlearnapp.arcsanswer",
    "pk": 610,
    "fields": {
      "response": 31,
      "question": 10,
      "likert_value": 4,
      "choice_value": null,
      "text_value": null,
      "answered_at": "2024-01-15T08:35:00Z"
    }
  },
  {
    "model": "pramlearnapp.arcsanswer",
    "pk": 611,
    "fields": {
      "response": 31,
      "question": 11,
      "likert_value": 4,
      "choice_value": null,
      "text_value": null,
      "answered_at": "2024-01-15T08:35:00Z"
    }
  },
  {
    "model": "pramlearnapp.arcsanswer",
    "pk": 612,
    "fields": {
      "response": 31,
      "question": 12,
      "likert_value": 4,
      "choice_value": null,
      "text_value": null,
      "answered_at": "2024-01-15T08:35:00Z"
    }
  },
  {
    "model": "pramlearnapp.arcsanswer",
    "pk": 613,
    "fields": {
      "response": 31,
      "question": 13,
      "likert_value": 4,
      "choice_value": null,
      "text_value": null,
      "answered_at": "2024-01-15T08:35:00Z"
    }
  },
  {
    "model": "pramlearnapp.arcsanswer",
    "pk": 614,
    "fields": {
      "response": 31,
      "question": 14,
      "likert_value": 5,
      "choice_value": null,
      "text_value": null,
      "answered_at": "2024-01-15T08:35:00Z"
    }
  },
  {
    "model": "pramlearnapp.arcsanswer",
    "pk": 615,
    "fields": {
      "response": 31,
      "question": 15,
      "likert_value": 4,
      "choice_value": null,
      "text_value": null,
      "answered_at": "2024-01-15T08:35:00Z"
    }
  },
  {
    "model": "pramlearnapp.arcsanswer",
    "pk": 616,
    "fields": {
      "response": 31,
      "question": 16,
      "likert_value": 4,
      "choice_value": null,
      "text_value": null,
      "answered_at": "2024-01-15T08:35:00Z"
    }
  },
  {
    "model": "pramlearnapp.arcsanswer",
    "pk": 617,
    "fields": {
      "response": 31,
      "question": 17,
      "likert_value": 4,
      "choice_value": null,
      "text_value": null,
      "answered_at": "2024-01-15T08:35:00Z"
    }
  },
  {
    "model": "pramlearnapp.arcsanswer",
    "pk": 618,
    "fields": {
      "response": 31,
      "question": 18,
      "likert_value": 5,
      "choice_value": null,
      "text_value": null,
      "answered_at": "2024-01-15T08:35:00Z"
    }
  },
  {
    "model": "pramlearnapp.arcsanswer",
    "pk": 619,
    "fields": {
      "response": 31,
      "question": 19,
      "likert_value": 3,
      "choice_value": null,
      "text_value": null,
      "answered_at": "2024-01-15T08:35:00Z"
    }
  },
  {
    "model": "pramlearnapp.arcsanswer",
    "pk": 620,
    "fields": {
      "response": 31,
      "question": 20,
      "likert_value": 3,
      "choice_value": null,
      "text_value": null,
      "answered_at": "2024-01-15T08:35:00Z"
    }
  },
  {
    "model": "pramlearnapp.arcsanswer",
    "pk": 621,
    "fields": {
      "response": 32,
      "question": 1,
      "likert_value": 4,
      "choice_value": null,
      "text_value": null,
      "answered_at": "2024-01-15T08:35:00Z"
    }
  },
  {
    "model": "pramlearnapp.arcsanswer",
    "pk": 622,
    "fields": {
      "response": 32,
      "question": 2,
      "likert_value": 4,
      "choice_value": null,
      "text_value": null,
      "answered_at": "2024-01-15T08:35:00Z"
    }
  },
  {
    "model": "pramlearnapp.arcsanswer",
    "pk": 623,
    "fields": {
      "response": 32,
      "question": 3,
      "likert_value": 5,
      "choice_value": null,
      "text_value": null,
      "answered_at": "2024-01-15T08:35:00Z"
    }
  },
  {
    "model": "pramlearnapp.arcsanswer",
    "pk": 624,
    "fields": {
      "response": 32,
      "question": 4,
      "likert_value": 5,
      "choice_value": null,
      "text_value": null,
      "answered_at": "2024-01-15T08:35:00Z"
    }
  },
  {
    "model": "pramlearnapp.arcsanswer",
    "pk": 625,
    "fields": {
      "response": 32,
      "question": 5,
      "likert_value": 4,
      "choice_value": null,
      "text_value": null,
      "answered_at": "2024-01-15T08:35:00Z"
    }
  },
  {
    "model": "pramlearnapp.arcsanswer",
    "pk": 626,
    "fields": {
      "response": 32,
      "question": 6,
      "likert_value": 5,
      "choice_value": null,
      "text_value": null,
      "answered_at": "2024-01-15T08:35:00Z"
    }
  },
  {
    "model": "pramlearnapp.arcsanswer",
    "pk": 627,
    "fields": {
      "response": 32,
      "question": 7,
      "likert_value": 4,
      "choice_value": null,
      "text_value": null,
      "answered_at": "2024-01-15T08:35:00Z"
    }
  },
  {
    "model": "pramlearnapp.arcsanswer",
    "pk": 628,
    "fields": {
      "response": 32,
      "question": 8,
      "likert_value": 4,
      "choice_value": null,
      "text_value": null,
      "answered_at": "2024-01-15T08:35:00Z"
    }
  },
  {
    "model": "pramlearnapp.arcsanswer",
    "pk": 629,
    "fields": {
      "response": 32,
      "question": 9,
      "likert_value": 4,
      "choice_value": null,
      "text_value": null,
      "answered_at": "2024-01-15T08:35:00Z"
    }
  },
  {
    "model": "pramlearnapp.arcsanswer",
    "pk": 630,
    "fields": {
      "response": 32,
      "question": 10,
      "likert_value": 4,
      "choice_value": null,
      "text_value": null,
      "answered_at": "2024-01-15T08:35:00Z"
    }
  },
  {
    "model": "pramlearnapp.arcsanswer",
    "pk": 631,
    "fields": {
      "response": 32,
      "question": 11,
      "likert_value": 2,
      "choice_value": null,
      "text_value": null,
      "answered_at": "2024-01-15T08:35:00Z"
    }
  },
  {
    "model": "pramlearnapp.arcsanswer",
    "pk": 632,
    "fields": {
      "response": 32,
      "question": 12,
      "likert_value": 4,
      "choice_value": null,
      "text_value": null,
      "answered_at": "2024-01-15T08:35:00Z"
    }
  },
  {
    "model": "pramlearnapp.arcsanswer",
    "pk": 633,
    "fields": {
      "response": 32,
      "question": 13,
      "likert_value": 2,
      "choice_value": null,
      "text_value": null,
      "answered_at": "2024-01-15T08:35:00Z"
    }
  },
  {
    "model": "pramlearnapp.arcsanswer",
    "pk": 634,
    "fields": {
      "response": 32,
      "question": 14,
      "likert_value": 5,
      "choice_value": null,
      "text_value": null,
      "answered_at": "2024-01-15T08:35:00Z"
    }
  },
  {
    "model": "pramlearnapp.arcsanswer",
    "pk": 635,
    "fields": {
      "response": 32,
      "question": 15,
      "likert_value": 4,
      "choice_value": null,
      "text_value": null,
      "answered_at": "2024-01-15T08:35:00Z"
    }
  },
  {
    "model": "pramlearnapp.arcsanswer",
    "pk": 636,
    "fields": {
      "response": 32,
      "question": 16,
      "likert_value": 5,
      "choice_value": null,
      "text_value": null,
      "answered_at": "2024-01-15T08:35:00Z"
    }
  },
  {
    "model": "pramlearnapp.arcsanswer",
    "pk": 637,
    "fields": {
      "response": 32,
      "question": 17,
      "likert_value": 3,
      "choice_value": null,
      "text_value": null,
      "answered_at": "2024-01-15T08:35:00Z"
    }
  },
  {
    "model": "pramlearnapp.arcsanswer",
    "pk": 638,
    "fields": {
      "response": 32,
      "question": 18,
      "likert_value": 4,
      "choice_value": null,
      "text_value": null,
      "answered_at": "2024-01-15T08:35:00Z"
    }
  },
  {
    "model": "pramlearnapp.arcsanswer",
    "pk": 639,
    "fields": {
      "response": 32,
      "question": 19,
      "likert_value": 3,
      "choice_value": null,
      "text_value": null,
      "answered_at": "2024-01-15T08:35:00Z"
    }
  },
  {
    "model": "pramlearnapp.arcsanswer",
    "pk": 640,
    "fields": {
      "response": 32,
      "question": 20,
      "likert_value": 2,
      "choice_value": null,
      "text_value": null,
      "answered_at": "2024-01-15T08:35:00Z"
    }
  },
  {
    "model": "pramlearnapp.arcsanswer",
    "pk": 641,
    "fields": {
      "response": 33,
      "question": 1,
      "likert_value": 2,
      "choice_value": null,
      "text_value": null,
      "answered_at": "2024-01-15T08:35:00Z"
    }
  },
  {
    "model": "pramlearnapp.arcsanswer",
    "pk": 642,
    "fields": {
      "response": 33,
      "question": 2,
      "likert_value": 3,
      "choice_value": null,
      "text_value": null,
      "answered_at": "2024-01-15T08:35:00Z"
    }
  },
  {
    "model": "pramlearnapp.arcsanswer",
    "pk": 643,
    "fields": {
      "response": 33,
      "question": 3,
      "likert_value": 3,
      "choice_value": null,
      "text_value": null,
      "answered_at": "2024-01-15T08:35:00Z"
    }
  },
  {
    "model": "pramlearnapp.arcsanswer",
    "pk": 644,
    "fields": {
      "response": 33,
      "question": 4,
      "likert_value": 4,
      "choice_value": null,
      "text_value": null,
      "answered_at": "2024-01-15T08:35:00Z"
    }
  },
  {
    "model": "pramlearnapp.arcsanswer",
    "pk": 645,
    "fields": {
      "response": 33,
      "question": 5,
      "likert_value": 4,
      "choice_value": null,
      "text_value": null,
      "answered_at": "2024-01-15T08:35:00Z"
    }
  },
  {
    "model": "pramlearnapp.arcsanswer",
    "pk": 646,
    "fields": {
      "response": 33,
      "question": 6,
      "likert_value": 5,
      "choice_value": null,
      "text_value": null,
      "answered_at": "2024-01-15T08:35:00Z"
    }
  },
  {
    "model": "pramlearnapp.arcsanswer",
    "pk": 647,
    "fields": {
      "response": 33,
      "question": 7,
      "likert_value": 2,
      "choice_value": null,
      "text_value": null,
      "answered_at": "2024-01-15T08:35:00Z"
    }
  },
  {
    "model": "pramlearnapp.arcsanswer",
    "pk": 648,
    "fields": {
      "response": 33,
      "question": 8,
      "likert_value": 5,
      "choice_value": null,
      "text_value": null,
      "answered_at": "2024-01-15T08:35:00Z"
    }
  },
  {
    "model": "pramlearnapp.arcsanswer",
    "pk": 649,
    "fields": {
      "response": 33,
      "question": 9,
      "likert_value": 5,
      "choice_value": null,
      "text_value": null,
      "answered_at": "2024-01-15T08:35:00Z"
    }
  },
  {
    "model": "pramlearnapp.arcsanswer",
    "pk": 650,
    "fields": {
      "response": 33,
      "question": 10,
      "likert_value": 3,
      "choice_value": null,
      "text_value": null,
      "answered_at": "2024-01-15T08:35:00Z"
    }
  },
  {
    "model": "pramlearnapp.arcsanswer",
    "pk": 651,
    "fields": {
      "response": 33,
      "question": 11,
      "likert_value": 3,
      "choice_value": null,
      "text_value": null,
      "answered_at": "2024-01-15T08:35:00Z"
    }
  },
  {
    "model": "pramlearnapp.arcsanswer",
    "pk": 652,
    "fields": {
      "response": 33,
      "question": 12,
      "likert_value": 5,
      "choice_value": null,
      "text_value": null,
      "answered_at": "2024-01-15T08:35:00Z"
    }
  },
  {
    "model": "pramlearnapp.arcsanswer",
    "pk": 653,
    "fields": {
      "response": 33,
      "question": 13,
      "likert_value": 3,
      "choice_value": null,
      "text_value": null,
      "answered_at": "2024-01-15T08:35:00Z"
    }
  },
  {
    "model": "pramlearnapp.arcsanswer",
    "pk": 654,
    "fields": {
      "response": 33,
      "question": 14,
      "likert_value": 3,
      "choice_value": null,
      "text_value": null,
      "answered_at": "2024-01-15T08:35:00Z"
    }
  },
  {
    "model": "pramlearnapp.arcsanswer",
    "pk": 655,
    "fields": {
      "response": 33,
      "question": 15,
      "likert_value": 4,
      "choice_value": null,
      "text_value": null,
      "answered_at": "2024-01-15T08:35:00Z"
    }
  },
  {
    "model": "pramlearnapp.arcsanswer",
    "pk": 656,
    "fields": {
      "response": 33,
      "question": 16,
      "likert_value": 3,
      "choice_value": null,
      "text_value": null,
      "answered_at": "2024-01-15T08:35:00Z"
    }
  },
  {
    "model": "pramlearnapp.arcsanswer",
    "pk": 657,
    "fields": {
      "response": 33,
      "question": 17,
      "likert_value": 3,
      "choice_value": null,
      "text_value": null,
      "answered_at": "2024-01-15T08:35:00Z"
    }
  },
  {
    "model": "pramlearnapp.arcsanswer",
    "pk": 658,
    "fields": {
      "response": 33,
      "question": 18,
      "likert_value": 3,
      "choice_value": null,
      "text_value": null,
      "answered_at": "2024-01-15T08:35:00Z"
    }
  },
  {
    "model": "pramlearnapp.arcsanswer",
    "pk": 659,
    "fields": {
      "response": 33,
      "question": 19,
      "likert_value": 3,
      "choice_value": null,
      "text_value": null,
      "answered_at": "2024-01-15T08:35:00Z"
    }
  },
  {
    "model": "pramlearnapp.arcsanswer",
    "pk": 660,
    "fields": {
      "response": 33,
      "question": 20,
      "likert_value": 5,
      "choice_value": null,
      "text_value": null,
      "answered_at": "2024-01-15T08:35:00Z"
    }
  },
  {
    "model": "pramlearnapp.arcsanswer",
    "pk": 661,
    "fields": {
      "response": 34,
      "question": 1,
      "likert_value": 4,
      "choice_value": null,
      "text_value": null,
      "answered_at": "2024-01-15T08:35:00Z"
    }
  },
  {
    "model": "pramlearnapp.arcsanswer",
    "pk": 662,
    "fields": {
      "response": 34,
      "question": 2,
      "likert_value": 5,
      "choice_value": null,
      "text_value": null,
      "answered_at": "2024-01-15T08:35:00Z"
    }
  },
  {
    "model": "pramlearnapp.arcsanswer",
    "pk": 663,
    "fields": {
      "response": 34,
      "question": 3,
      "likert_value": 3,
      "choice_value": null,
      "text_value": null,
      "answered_at": "2024-01-15T08:35:00Z"
    }
  },
  {
    "model": "pramlearnapp.arcsanswer",
    "pk": 664,
    "fields": {
      "response": 34,
      "question": 4,
      "likert_value": 2,
      "choice_value": null,
      "text_value": null,
      "answered_at": "2024-01-15T08:35:00Z"
    }
  },
  {
    "model": "pramlearnapp.arcsanswer",
    "pk": 665,
    "fields": {
      "response": 34,
      "question": 5,
      "likert_value": 4,
      "choice_value": null,
      "text_value": null,
      "answered_at": "2024-01-15T08:35:00Z"
    }
  },
  {
    "model": "pramlearnapp.arcsanswer",
    "pk": 666,
    "fields": {
      "response": 34,
      "question": 6,
      "likert_value": 2,
      "choice_value": null,
      "text_value": null,
      "answered_at": "2024-01-15T08:35:00Z"
    }
  },
  {
    "model": "pramlearnapp.arcsanswer",
    "pk": 667,
    "fields": {
      "response": 34,
      "question": 7,
      "likert_value": 2,
      "choice_value": null,
      "text_value": null,
      "answered_at": "2024-01-15T08:35:00Z"
    }
  },
  {
    "model": "pramlearnapp.arcsanswer",
    "pk": 668,
    "fields": {
      "response": 34,
      "question": 8,
      "likert_value": 5,
      "choice_value": null,
      "text_value": null,
      "answered_at": "2024-01-15T08:35:00Z"
    }
  },
  {
    "model": "pramlearnapp.arcsanswer",
    "pk": 669,
    "fields": {
      "response": 34,
      "question": 9,
      "likert_value": 4,
      "choice_value": null,
      "text_value": null,
      "answered_at": "2024-01-15T08:35:00Z"
    }
  },
  {
    "model": "pramlearnapp.arcsanswer",
    "pk": 670,
    "fields": {
      "response": 34,
      "question": 10,
      "likert_value": 3,
      "choice_value": null,
      "text_value": null,
      "answered_at": "2024-01-15T08:35:00Z"
    }
  },
  {
    "model": "pramlearnapp.arcsanswer",
    "pk": 671,
    "fields": {
      "response": 34,
      "question": 11,
      "likert_value": 3,
      "choice_value": null,
      "text_value": null,
      "answered_at": "2024-01-15T08:35:00Z"
    }
  },
  {
    "model": "pramlearnapp.arcsanswer",
    "pk": 672,
    "fields": {
      "response": 34,
      "question": 12,
      "likert_value": 4,
      "choice_value": null,
      "text_value": null,
      "answered_at": "2024-01-15T08:35:00Z"
    }
  },
  {
    "model": "pramlearnapp.arcsanswer",
    "pk": 673,
    "fields": {
      "response": 34,
      "question": 13,
      "likert_value": 5,
      "choice_value": null,
      "text_value": null,
      "answered_at": "2024-01-15T08:35:00Z"
    }
  },
  {
    "model": "pramlearnapp.arcsanswer",
    "pk": 674,
    "fields": {
      "response": 34,
      "question": 14,
      "likert_value": 4,
      "choice_value": null,
      "text_value": null,
      "answered_at": "2024-01-15T08:35:00Z"
    }
  },
  {
    "model": "pramlearnapp.arcsanswer",
    "pk": 675,
    "fields": {
      "response": 34,
      "question": 15,
      "likert_value": 4,
      "choice_value": null,
      "text_value": null,
      "answered_at": "2024-01-15T08:35:00Z"
    }
  },
  {
    "model": "pramlearnapp.arcsanswer",
    "pk": 676,
    "fields": {
      "response": 34,
      "question": 16,
      "likert_value": 4,
      "choice_value": null,
      "text_value": null,
      "answered_at": "2024-01-15T08:35:00Z"
    }
  },
  {
    "model": "pramlearnapp.arcsanswer",
    "pk": 677,
    "fields": {
      "response": 34,
      "question": 17,
      "likert_value": 5,
      "choice_value": null,
      "text_value": null,
      "answered_at": "2024-01-15T08:35:00Z"
    }
  },
  {
    "model": "pramlearnapp.arcsanswer",
    "pk": 678,
    "fields": {
      "response": 34,
      "question": 18,
      "likert_value": 4,
      "choice_value": null,
      "text_value": null,
      "answered_at": "2024-01-15T08:35:00Z"
    }
  },
  {
    "model": "pramlearnapp.arcsanswer",
    "pk": 679,
    "fields": {
      "response": 34,
      "question": 19,
      "likert_value": 5,
      "choice_value": null,
      "text_value": null,
      "answered_at": "2024-01-15T08:35:00Z"
    }
  },
  {
    "model": "pramlearnapp.arcsanswer",
    "pk": 680,
    "fields": {
      "response": 34,
      "question": 20,
      "likert_value": 3,
      "choice_value": null,
      "text_value": null,
      "answered_at": "2024-01-15T08:35:00Z"
    }
  },
  {
    "model": "pramlearnapp.studentmotivationprofile",
    "pk": 1,
    "fields": {
      "student": 3,
      "attention": 4.43,
      "relevance": 3.67,
      "confidence": 3.92,
      "satisfaction": 4.01,
      "motivation_level": "High"
    }
  },
  {
    "model": "pramlearnapp.studentmotivationprofile",
    "pk": 2,
    "fields": {
      "student": 4,
      "attention": 4.46,
      "relevance": 3.11,
      "confidence": 3.66,
      "satisfaction": 4.03,
      "motivation_level": "Medium"
    }
  },
  {
    "model": "pramlearnapp.studentmotivationprofile",
    "pk": 3,
    "fields": {
      "student": 5,
      "attention": 3.8,
      "relevance": 3.84,
      "confidence": 4.16,
      "satisfaction": 3.33,
      "motivation_level": "Medium"
    }
  },
  {
    "model": "pramlearnapp.studentmotivationprofile",
    "pk": 4,
    "fields": {
      "student": 6,
      "attention": 3.12,
      "relevance": 4.71,
      "confidence": 2.62,
      "satisfaction": 3.13,
      "motivation_level": "Medium"
    }
  },
  {
    "model": "pramlearnapp.studentmotivationprofile",
    "pk": 5,
    "fields": {
      "student": 7,
      "attention": 2.79,
      "relevance": 4.0,
      "confidence": 3.67,
      "satisfaction": 3.51,
      "motivation_level": "Medium"
    }
  },
  {
    "model": "pramlearnapp.studentmotivationprofile",
    "pk": 6,
    "fields": {
      "student": 8,
      "attention": 3.42,
      "relevance": 3.6,
      "confidence": 3.81,
      "satisfaction": 4.32,
      "motivation_level": "Medium"
    }
  },
  {
    "model": "pramlearnapp.studentmotivationprofile",
    "pk": 7,
    "fields": {
      "student": 9,
      "attention": 3.43,
      "relevance": 3.98,
      "confidence": 2.48,
      "satisfaction": 2.71,
      "motivation_level": "Medium"
    }
  },
  {
    "model": "pramlearnapp.studentmotivationprofile",
    "pk": 8,
    "fields": {
      "student": 10,
      "attention": 2.56,
      "relevance": 3.72,
      "confidence": 4.2,
      "satisfaction": 3.78,
      "motivation_level": "Medium"
    }
  },
  {
    "model": "pramlearnapp.studentmotivationprofile",
    "pk": 9,
    "fields": {
      "student": 11,
      "attention": 3.03,
      "relevance": 3.14,
      "confidence": 3.39,
      "satisfaction": 3.86,
      "motivation_level": "Medium"
    }
  },
  {
    "model": "pramlearnapp.studentmotivationprofile",
    "pk": 10,
    "fields": {
      "student": 12,
      "attention": 2.74,
      "relevance": 4.46,
      "confidence": 2.53,
      "satisfaction": 3.53,
      "motivation_level": "Medium"
    }
  },
  {
    "model": "pramlearnapp.studentmotivationprofile",
    "pk": 11,
    "fields": {
      "student": 13,
      "attention": 4.17,
      "relevance": 4.16,
      "confidence": 2.36,
      "satisfaction": 2.74,
      "motivation_level": "Medium"
    }
  },
  {
    "model": "pramlearnapp.studentmotivationprofile",
    "pk": 12,
    "fields": {
      "student": 14,
      "attention": 2.7,
      "relevance": 4.29,
      "confidence": 2.3,
      "satisfaction": 3.13,
      "motivation_level": "Medium"
    }
  },
  {
    "model": "pramlearnapp.studentmotivationprofile",
    "pk": 13,
    "fields": {
      "student": 15,
      "attention": 3.84,
      "relevance": 4.68,
      "confidence": 2.26,
      "satisfaction": 4.22,
      "motivation_level": "Medium"
    }
  },
  {
    "model": "pramlearnapp.studentmotivationprofile",
    "pk": 14,
    "fields": {
      "student": 16,
      "attention": 3.49,
      "relevance": 3.16,
      "confidence": 2.47,
      "satisfaction": 3.49,
      "motivation_level": "Medium"
    }
  },
  {
    "model": "pramlearnapp.studentmotivationprofile",
    "pk": 15,
    "fields": {
      "student": 17,
      "attention": 4.01,
      "relevance": 4.5,
      "confidence": 2.85,
      "satisfaction": 3.13,
      "motivation_level": "Medium"
    }
  },
  {
    "model": "pramlearnapp.studentmotivationprofile",
    "pk": 16,
    "fields": {
      "student": 18,
      "attention": 2.53,
      "relevance": 3.78,
      "confidence": 4.09,
      "satisfaction": 4.55,
      "motivation_level": "Medium"
    }
  },
  {
    "model": "pramlearnapp.studentmotivationprofile",
    "pk": 17,
    "fields": {
      "student": 19,
      "attention": 4.38,
      "relevance": 4.02,
      "confidence": 3.27,
      "satisfaction": 2.72,
      "motivation_level": "Medium"
    }
  },
  {
    "model": "pramlearnapp.studentmotivationprofile",
    "pk": 18,
    "fields": {
      "student": 20,
      "attention": 2.93,
      "relevance": 3.54,
      "confidence": 2.23,
      "satisfaction": 3.86,
      "motivation_level": "Medium"
    }
  },
  {
    "model": "pramlearnapp.studentmotivationprofile",
    "pk": 19,
    "fields": {
      "student": 21,
      "attention": 3.44,
      "relevance": 4.8,
      "confidence": 2.79,
      "satisfaction": 3.95,
      "motivation_level": "Medium"
    }
  },
  {
    "model": "pramlearnapp.studentmotivationprofile",
    "pk": 20,
    "fields": {
      "student": 22,
      "attention": 4.05,
      "relevance": 2.85,
      "confidence": 3.9,
      "satisfaction": 3.29,
      "motivation_level": "Medium"
    }
  },
  {
    "model": "pramlearnapp.studentmotivationprofile",
    "pk": 21,
    "fields": {
      "student": 23,
      "attention": 4.11,
      "relevance": 3.88,
      "confidence": 3.69,
      "satisfaction": 3.43,
      "motivation_level": "Medium"
    }
  },
  {
    "model": "pramlearnapp.studentmotivationprofile",
    "pk": 22,
    "fields": {
      "student": 24,
      "attention": 3.14,
      "relevance": 4.23,
      "confidence": 3.97,
      "satisfaction": 4.26,
      "motivation_level": "Medium"
    }
  },
  {
    "model": "pramlearnapp.studentmotivationprofile",
    "pk": 23,
    "fields": {
      "student": 25,
      "attention": 4.26,
      "relevance": 3.19,
      "confidence": 2.41,
      "satisfaction": 2.7,
      "motivation_level": "Medium"
    }
  },
  {
    "model": "pramlearnapp.studentmotivationprofile",
    "pk": 24,
    "fields": {
      "student": 26,
      "attention": 3.5,
      "relevance": 4.75,
      "confidence": 3.76,
      "satisfaction": 4.31,
      "motivation_level": "High"
    }
  },
  {
    "model": "pramlearnapp.studentmotivationprofile",
    "pk": 25,
    "fields": {
      "student": 27,
      "attention": 3.11,
      "relevance": 4.18,
      "confidence": 4.14,
      "satisfaction": 3.1,
      "motivation_level": "Medium"
    }
  },
  {
    "model": "pramlearnapp.studentmotivationprofile",
    "pk": 26,
    "fields": {
      "student": 28,
      "attention": 4.29,
      "relevance": 3.61,
      "confidence": 2.9,
      "satisfaction": 3.34,
      "motivation_level": "Medium"
    }
  },
  {
    "model": "pramlearnapp.studentmotivationprofile",
    "pk": 27,
    "fields": {
      "student": 29,
      "attention": 2.85,
      "relevance": 3.22,
      "confidence": 3.74,
      "satisfaction": 3.73,
      "motivation_level": "Medium"
    }
  },
  {
    "model": "pramlearnapp.studentmotivationprofile",
    "pk": 28,
    "fields": {
      "student": 30,
      "attention": 2.55,
      "relevance": 3.69,
      "confidence": 3.73,
      "satisfaction": 3.17,
      "motivation_level": "Medium"
    }
  },
  {
    "model": "pramlearnapp.studentmotivationprofile",
    "pk": 29,
    "fields": {
      "student": 31,
      "attention": 2.53,
      "relevance": 2.86,
      "confidence": 3.92,
      "satisfaction": 3.78,
      "motivation_level": "Medium"
    }
  },
  {
    "model": "pramlearnapp.studentmotivationprofile",
    "pk": 30,
    "fields": {
      "student": 32,
      "attention": 4.19,
      "relevance": 4.23,
      "confidence": 4.01,
      "satisfaction": 2.7,
      "motivation_level": "Medium"
    }
  },
  {
    "model": "pramlearnapp.studentmotivationprofile",
    "pk": 31,
    "fields": {
      "student": 33,
      "attention": 3.24,
      "relevance": 4.62,
      "confidence": 3.3,
      "satisfaction": 4.05,
      "motivation_level": "Medium"
    }
  },
  {
    "model": "pramlearnapp.studentmotivationprofile",
    "pk": 32,
    "fields": {
      "student": 34,
      "attention": 4.08,
      "relevance": 4.46,
      "confidence": 3.66,
      "satisfaction": 3.44,
      "motivation_level": "Medium"
    }
  },
  {
    "model": "pramlearnapp.studentmotivationprofile",
    "pk": 33,
    "fields": {
      "student": 35,
      "attention": 3.74,
      "relevance": 4.75,
      "confidence": 3.35,
      "satisfaction": 3.78,
      "motivation_level": "Medium"
    }
  },
  {
    "model": "pramlearnapp.studentmotivationprofile",
    "pk": 34,
    "fields": {
      "student": 36,
      "attention": 3.25,
      "relevance": 3.54,
      "confidence": 2.97,
      "satisfaction": 4.43,
      "motivation_level": "Medium"
    }
  },
  {
    "model": "pramlearnapp.studentattendance",
    "pk": 1,
    "fields": {
      "student": 3,
      "material": 1,
      "status": "absent",
      "updated_by": 2,
      "updated_at": "2024-01-15T08:00:00Z"
    }
  },
  {
    "model": "pramlearnapp.studentattendance",
    "pk": 2,
    "fields": {
      "student": 4,
      "material": 1,
      "status": "present",
      "updated_by": 2,
      "updated_at": "2024-01-15T08:00:00Z"
    }
  },
  {
    "model": "pramlearnapp.studentattendance",
    "pk": 3,
    "fields": {
      "student": 5,
      "material": 1,
      "status": "present",
      "updated_by": 2,
      "updated_at": "2024-01-15T08:00:00Z"
    }
  },
  {
    "model": "pramlearnapp.studentattendance",
    "pk": 4,
    "fields": {
      "student": 6,
      "material": 1,
      "status": "present",
      "updated_by": 2,
      "updated_at": "2024-01-15T08:00:00Z"
    }
  },
  {
    "model": "pramlearnapp.studentattendance",
    "pk": 5,
    "fields": {
      "student": 7,
      "material": 1,
      "status": "present",
      "updated_by": 2,
      "updated_at": "2024-01-15T08:00:00Z"
    }
  },
  {
    "model": "pramlearnapp.studentattendance",
    "pk": 6,
    "fields": {
      "student": 8,
      "material": 1,
      "status": "late",
      "updated_by": 2,
      "updated_at": "2024-01-15T08:00:00Z"
    }
  },
  {
    "model": "pramlearnapp.studentattendance",
    "pk": 7,
    "fields": {
      "student": 9,
      "material": 1,
      "status": "present",
      "updated_by": 2,
      "updated_at": "2024-01-15T08:00:00Z"
    }
  },
  {
    "model": "pramlearnapp.studentattendance",
    "pk": 8,
    "fields": {
      "student": 10,
      "material": 1,
      "status": "present",
      "updated_by": 2,
      "updated_at": "2024-01-15T08:00:00Z"
    }
  },
  {
    "model": "pramlearnapp.studentattendance",
    "pk": 9,
    "fields": {
      "student": 11,
      "material": 1,
      "status": "present",
      "updated_by": 2,
      "updated_at": "2024-01-15T08:00:00Z"
    }
  },
  {
    "model": "pramlearnapp.studentattendance",
    "pk": 10,
    "fields": {
      "student": 12,
      "material": 1,
      "status": "present",
      "updated_by": 2,
      "updated_at": "2024-01-15T08:00:00Z"
    }
  },
  {
    "model": "pramlearnapp.studentattendance",
    "pk": 11,
    "fields": {
      "student": 13,
      "material": 1,
      "status": "present",
      "updated_by": 2,
      "updated_at": "2024-01-15T08:00:00Z"
    }
  },
  {
    "model": "pramlearnapp.studentattendance",
    "pk": 12,
    "fields": {
      "student": 14,
      "material": 1,
      "status": "present",
      "updated_by": 2,
      "updated_at": "2024-01-15T08:00:00Z"
    }
  },
  {
    "model": "pramlearnapp.studentattendance",
    "pk": 13,
    "fields": {
      "student": 15,
      "material": 1,
      "status": "present",
      "updated_by": 2,
      "updated_at": "2024-01-15T08:00:00Z"
    }
  },
  {
    "model": "pramlearnapp.studentattendance",
    "pk": 14,
    "fields": {
      "student": 16,
      "material": 1,
      "status": "present",
      "updated_by": 2,
      "updated_at": "2024-01-15T08:00:00Z"
    }
  },
  {
    "model": "pramlearnapp.studentattendance",
    "pk": 15,
    "fields": {
      "student": 17,
      "material": 1,
      "status": "present",
      "updated_by": 2,
      "updated_at": "2024-01-15T08:00:00Z"
    }
  },
  {
    "model": "pramlearnapp.studentattendance",
    "pk": 16,
    "fields": {
      "student": 18,
      "material": 1,
      "status": "present",
      "updated_by": 2,
      "updated_at": "2024-01-15T08:00:00Z"
    }
  },
  {
    "model": "pramlearnapp.studentattendance",
    "pk": 17,
    "fields": {
      "student": 19,
      "material": 1,
      "status": "present",
      "updated_by": 2,
      "updated_at": "2024-01-15T08:00:00Z"
    }
  },
  {
    "model": "pramlearnapp.studentattendance",
    "pk": 18,
    "fields": {
      "student": 20,
      "material": 1,
      "status": "present",
      "updated_by": 2,
      "updated_at": "2024-01-15T08:00:00Z"
    }
  },
  {
    "model": "pramlearnapp.studentattendance",
    "pk": 19,
    "fields": {
      "student": 21,
      "material": 1,
      "status": "present",
      "updated_by": 2,
      "updated_at": "2024-01-15T08:00:00Z"
    }
  },
  {
    "model": "pramlearnapp.studentattendance",
    "pk": 20,
    "fields": {
      "student": 22,
      "material": 1,
      "status": "late",
      "updated_by": 2,
      "updated_at": "2024-01-15T08:00:00Z"
    }
  },
  {
    "model": "pramlearnapp.studentattendance",
    "pk": 21,
    "fields": {
      "student": 23,
      "material": 1,
      "status": "present",
      "updated_by": 2,
      "updated_at": "2024-01-15T08:00:00Z"
    }
  },
  {
    "model": "pramlearnapp.studentattendance",
    "pk": 22,
    "fields": {
      "student": 24,
      "material": 1,
      "status": "present",
      "updated_by": 2,
      "updated_at": "2024-01-15T08:00:00Z"
    }
  },
  {
    "model": "pramlearnapp.studentattendance",
    "pk": 23,
    "fields": {
      "student": 25,
      "material": 1,
      "status": "present",
      "updated_by": 2,
      "updated_at": "2024-01-15T08:00:00Z"
    }
  },
  {
    "model": "pramlearnapp.studentattendance",
    "pk": 24,
    "fields": {
      "student": 26,
      "material": 1,
      "status": "present",
      "updated_by": 2,
      "updated_at": "2024-01-15T08:00:00Z"
    }
  },
  {
    "model": "pramlearnapp.studentattendance",
    "pk": 25,
    "fields": {
      "student": 27,
      "material": 1,
      "status": "present",
      "updated_by": 2,
      "updated_at": "2024-01-15T08:00:00Z"
    }
  },
  {
    "model": "pramlearnapp.studentattendance",
    "pk": 26,
    "fields": {
      "student": 28,
      "material": 1,
      "status": "late",
      "updated_by": 2,
      "updated_at": "2024-01-15T08:00:00Z"
    }
  },
  {
    "model": "pramlearnapp.studentattendance",
    "pk": 27,
    "fields": {
      "student": 29,
      "material": 1,
      "status": "present",
      "updated_by": 2,
      "updated_at": "2024-01-15T08:00:00Z"
    }
  },
  {
    "model": "pramlearnapp.studentattendance",
    "pk": 28,
    "fields": {
      "student": 30,
      "material": 1,
      "status": "present",
      "updated_by": 2,
      "updated_at": "2024-01-15T08:00:00Z"
    }
  },
  {
    "model": "pramlearnapp.studentattendance",
    "pk": 29,
    "fields": {
      "student": 31,
      "material": 1,
      "status": "present",
      "updated_by": 2,
      "updated_at": "2024-01-15T08:00:00Z"
    }
  },
  {
    "model": "pramlearnapp.studentattendance",
    "pk": 30,
    "fields": {
      "student": 32,
      "material": 1,
      "status": "present",
      "updated_by": 2,
      "updated_at": "2024-01-15T08:00:00Z"
    }
  },
  {
    "model": "pramlearnapp.studentattendance",
    "pk": 31,
    "fields": {
      "student": 33,
      "material": 1,
      "status": "late",
      "updated_by": 2,
      "updated_at": "2024-01-15T08:00:00Z"
    }
  },
  {
    "model": "pramlearnapp.studentattendance",
    "pk": 32,
    "fields": {
      "student": 34,
      "material": 1,
      "status": "present",
      "updated_by": 2,
      "updated_at": "2024-01-15T08:00:00Z"
    }
  },
  {
    "model": "pramlearnapp.studentattendance",
    "pk": 33,
    "fields": {
      "student": 35,
      "material": 1,
      "status": "late",
      "updated_by": 2,
      "updated_at": "2024-01-15T08:00:00Z"
    }
  },
  {
    "model": "pramlearnapp.studentattendance",
    "pk": 34,
    "fields": {
      "student": 36,
      "material": 1,
      "status": "late",
      "updated_by": 2,
      "updated_at": "2024-01-15T08:00:00Z"
    }
  }
]