[
  {
    "model": "pramlearnapp.role",
    "pk": 1,
    "fields": {
      "name": "Admin",
      "description": "Administrator with full access"
    }
  },
  {
    "model": "pramlearnapp.role",
    "pk": 2,
    "fields": {
      "name": "Teacher",
      "description": "Teacher with limited access"
    }
  },
  {
    "model": "pramlearnapp.role",
    "pk": 3,
    "fields": {
      "name": "Student",
      "description": "Student with view access"
    }
  },
  {
    "model": "pramlearnapp.customuser",
    "pk": 1,
    "fields": {
      "username": "admin1",
      "password": "pbkdf2_sha256$600000$dummy$dummy",
      "email": "admin@pramlearn.com",
      "first_name": "Administrator",
      "last_name": "System",
      "role": 1,
      "is_staff": true,
      "is_superuser": true,
      "is_active": true,
      "is_online": false,
      "last_activity": null
    }
  },
  {
    "model": "pramlearnapp.customuser",
    "pk": 2,
    "fields": {
      "username": "teacher1",
      "password": "pbkdf2_sha256$600000$dummy$dummy",
      "email": "teacher1@pramlearn.com",
      "first_name": "Budi",
      "last_name": "Santoso",
      "role": 2,
      "is_staff": false,
      "is_superuser": false,
      "is_active": true,
      "is_online": false,
      "last_activity": null
    }
  },
  {
    "model": "pramlearnapp.customuser",
    "pk": 3,
    "fields": {
      "username": "student1",
      "password": "pbkdf2_sha256$600000$dummy$dummy",
      "email": "student1@pramlearn.com",
      "first_name": "Ahmad",
      "last_name": "Rizki",
      "role": 3,
      "is_staff": false,
      "is_superuser": false,
      "is_active": true,
      "is_online": false,
      "last_activity": null
    }
  },
  {
    "model": "pramlearnapp.customuser",
    "pk": 4,
    "fields": {
      "username": "student2",
      "password": "pbkdf2_sha256$600000$dummy$dummy",
      "email": "student2@pramlearn.com",
      "first_name": "Siti",
      "last_name": "Nurhaliza",
      "role": 3,
      "is_staff": false,
      "is_superuser": false,
      "is_active": true,
      "is_online": false,
      "last_activity": null
    }
  },
  {
    "model": "pramlearnapp.customuser",
    "pk": 5,
    "fields": {
      "username": "student3",
      "password": "pbkdf2_sha256$600000$dummy$dummy",
      "email": "student3@pramlearn.com",
      "first_name": "Budi",
      "last_name": "Permana",
      "role": 3,
      "is_staff": false,
      "is_superuser": false,
      "is_active": true,
      "is_online": false,
      "last_activity": null
    }
  },
  {
    "model": "pramlearnapp.customuser",
    "pk": 6,
    "fields": {
      "username": "student4",
      "password": "pbkdf2_sha256$600000$dummy$dummy",
      "email": "student4@pramlearn.com",
      "first_name": "Dewi",
      "last_name": "Sartika",
      "role": 3,
      "is_staff": false,
      "is_superuser": false,
      "is_active": true,
      "is_online": false,
      "last_activity": null
    }
  },
  {
    "model": "pramlearnapp.customuser",
    "pk": 7,
    "fields": {
      "username": "student5",
      "password": "pbkdf2_sha256$600000$dummy$dummy",
      "email": "student5@pramlearn.com",
      "first_name": "Andi",
      "last_name": "Pratama",
      "role": 3,
      "is_staff": false,
      "is_superuser": false,
      "is_active": true,
      "is_online": false,
      "last_activity": null
    }
  },
  {
    "model": "pramlearnapp.customuser",
    "pk": 8,
    "fields": {
      "username": "student6",
      "password": "pbkdf2_sha256$600000$dummy$dummy",
      "email": "student6@pramlearn.com",
      "first_name": "Rina",
      "last_name": "Susanti",
      "role": 3,
      "is_staff": false,
      "is_superuser": false,
      "is_active": true,
      "is_online": false,
      "last_activity": null
    }
  },
  {
    "model": "pramlearnapp.customuser",
    "pk": 9,
    "fields": {
      "username": "student7",
      "password": "pbkdf2_sha256$600000$dummy$dummy",
      "email": "student7@pramlearn.com",
      "first_name": "Doni",
      "last_name": "Setiawan",
      "role": 3,
      "is_staff": false,
      "is_superuser": false,
      "is_active": true,
      "is_online": false,
      "last_activity": null
    }
  },
  {
    "model": "pramlearnapp.customuser",
    "pk": 10,
    "fields": {
      "username": "student8",
      "password": "pbkdf2_sha256$600000$dummy$dummy",
      "email": "student8@pramlearn.com",
      "first_name": "Maya",
      "last_name": "Putri",
      "role": 3,
      "is_staff": false,
      "is_superuser": false,
      "is_active": true,
      "is_online": false,
      "last_activity": null
    }
  },
  {
    "model": "pramlearnapp.customuser",
    "pk": 11,
    "fields": {
      "username": "student9",
      "password": "pbkdf2_sha256$600000$dummy$dummy",
      "email": "student9@pramlearn.com",
      "first_name": "Eko",
      "last_name": "Saputra",
      "role": 3,
      "is_staff": false,
      "is_superuser": false,
      "is_active": true,
      "is_online": false,
      "last_activity": null
    }
  },
  {
    "model": "pramlearnapp.customuser",
    "pk": 12,
    "fields": {
      "username": "student10",
      "password": "pbkdf2_sha256$600000$dummy$dummy",
      "email": "student10@pramlearn.com",
      "first_name": "Lina",
      "last_name": "Wati",
      "role": 3,
      "is_staff": false,
      "is_superuser": false,
      "is_active": true,
      "is_online": false,
      "last_activity": null
    }
  },
  {
    "model": "pramlearnapp.customuser",
    "pk": 13,
    "fields": {
      "username": "student11",
      "password": "pbkdf2_sha256$600000$dummy$dummy",
      "email": "student11@pramlearn.com",
      "first_name": "Rudi",
      "last_name": "Hartono",
      "role": 3,
      "is_staff": false,
      "is_superuser": false,
      "is_active": true,
      "is_online": false,
      "last_activity": null
    }
  },
  {
    "model": "pramlearnapp.customuser",
    "pk": 14,
    "fields": {
      "username": "student12",
      "password": "pbkdf2_sha256$600000$dummy$dummy",
      "email": "student12@pramlearn.com",
      "first_name": "Sari",
      "last_name": "Indah",
      "role": 3,
      "is_staff": false,
      "is_superuser": false,
      "is_active": true,
      "is_online": false,
      "last_activity": null
    }
  },
  {
    "model": "pramlearnapp.customuser",
    "pk": 15,
    "fields": {
      "username": "student13",
      "password": "pbkdf2_sha256$600000$dummy$dummy",
      "email": "student13@pramlearn.com",
      "first_name": "Joko",
      "last_name": "Widodo",
      "role": 3,
      "is_staff": false,
      "is_superuser": false,
      "is_active": true,
      "is_online": false,
      "last_activity": null
    }
  },
  {
    "model": "pramlearnapp.customuser",
    "pk": 16,
    "fields": {
      "username": "student14",
      "password": "pbkdf2_sha256$600000$dummy$dummy",
      "email": "student14@pramlearn.com",
      "first_name": "Fitri",
      "last_name": "Rahayu",
      "role": 3,
      "is_staff": false,
      "is_superuser": false,
      "is_active": true,
      "is_online": false,
      "last_activity": null
    }
  },
  {
    "model": "pramlearnapp.customuser",
    "pk": 17,
    "fields": {
      "username": "student15",
      "password": "pbkdf2_sha256$600000$dummy$dummy",
      "email": "student15@pramlearn.com",
      "first_name": "Agus",
      "last_name": "Salim",
      "role": 3,
      "is_staff": false,
      "is_superuser": false,
      "is_active": true,
      "is_online": false,
      "last_activity": null
    }
  },
  {
    "model": "pramlearnapp.customuser",
    "pk": 18,
    "fields": {
      "username": "student16",
      "password": "pbkdf2_sha256$600000$dummy$dummy",
      "email": "student16@pramlearn.com",
      "first_name": "Dian",
      "last_name": "Pertiwi",
      "role": 3,
      "is_staff": false,
      "is_superuser": false,
      "is_active": true,
      "is_online": false,
      "last_activity": null
    }
  },
  {
    "model": "pramlearnapp.customuser",
    "pk": 19,
    "fields": {
      "username": "student17",
      "password": "pbkdf2_sha256$600000$dummy$dummy",
      "email": "student17@pramlearn.com",
      "first_name": "Hendra",
      "last_name": "Gunawan",
      "role": 3,
      "is_staff": false,
      "is_superuser": false,
      "is_active": true,
      "is_online": false,
      "last_activity": null
    }
  },
  {
    "model": "pramlearnapp.customuser",
    "pk": 20,
    "fields": {
      "username": "student18",
      "password": "pbkdf2_sha256$600000$dummy$dummy",
      "email": "student18@pramlearn.com",
      "first_name": "Ratna",
      "last_name": "Sari",
      "role": 3,
      "is_staff": false,
      "is_superuser": false,
      "is_active": true,
      "is_online": false,
      "last_activity": null
    }
  },
  {
    "model": "pramlearnapp.customuser",
    "pk": 21,
    "fields": {
      "username": "student19",
      "password": "pbkdf2_sha256$600000$dummy$dummy",
      "email": "student19@pramlearn.com",
      "first_name": "Bambang",
      "last_name": "Sutrisno",
      "role": 3,
      "is_staff": false,
      "is_superuser": false,
      "is_active": true,
      "is_online": false,
      "last_activity": null
    }
  },
  {
    "model": "pramlearnapp.customuser",
    "pk": 22,
    "fields": {
      "username": "student20",
      "password": "pbkdf2_sha256$600000$dummy$dummy",
      "email": "student20@pramlearn.com",
      "first_name": "Yuni",
      "last_name": "Astuti",
      "role": 3,
      "is_staff": false,
      "is_superuser": false,
      "is_active": true,
      "is_online": false,
      "last_activity": null
    }
  },
  {
    "model": "pramlearnapp.customuser",
    "pk": 23,
    "fields": {
      "username": "student21",
      "password": "pbkdf2_sha256$600000$dummy$dummy",
      "email": "student21@pramlearn.com",
      "first_name": "Faisal",
      "last_name": "Rahman",
      "role": 3,
      "is_staff": false,
      "is_superuser": false,
      "is_active": true,
      "is_online": false,
      "last_activity": null
    }
  },
  {
    "model": "pramlearnapp.customuser",
    "pk": 24,
    "fields": {
      "username": "student22",
      "password": "pbkdf2_sha256$600000$dummy$dummy",
      "email": "student22@pramlearn.com",
      "first_name": "Endah",
      "last_name": "Lestari",
      "role": 3,
      "is_staff": false,
      "is_superuser": false,
      "is_active": true,
      "is_online": false,
      "last_activity": null
    }
  },
  {
    "model": "pramlearnapp.customuser",
    "pk": 25,
    "fields": {
      "username": "student23",
      "password": "pbkdf2_sha256$600000$dummy$dummy",
      "email": "student23@pramlearn.com",
      "first_name": "Wahyu",
      "last_name": "Prasetyo",
      "role": 3,
      "is_staff": false,
      "is_superuser": false,
      "is_active": true,
      "is_online": false,
      "last_activity": null
    }
  },
  {
    "model": "pramlearnapp.customuser",
    "pk": 26,
    "fields": {
      "username": "student24",
      "password": "pbkdf2_sha256$600000$dummy$dummy",
      "email": "student24@pramlearn.com",
      "first_name": "Novi",
      "last_name": "Handayani",
      "role": 3,
      "is_staff": false,
      "is_superuser": false,
      "is_active": true,
      "is_online": false,
      "last_activity": null
    }
  },
  {
    "model": "pramlearnapp.customuser",
    "pk": 27,
    "fields": {
      "username": "student25",
      "password": "pbkdf2_sha256$600000$dummy$dummy",
      "email": "student25@pramlearn.com",
      "first_name": "Rizal",
      "last_name": "Fauzi",
      "role": 3,
      "is_staff": false,
      "is_superuser": false,
      "is_active": true,
      "is_online": false,
      "last_activity": null
    }
  },
  {
    "model": "pramlearnapp.customuser",
    "pk": 28,
    "fields": {
      "username": "student26",
      "password": "pbkdf2_sha256$600000$dummy$dummy",
      "email": "student26@pramlearn.com",
      "first_name": "Tika",
      "last_name": "Damayanti",
      "role": 3,
      "is_staff": false,
      "is_superuser": false,
      "is_active": true,
      "is_online": false,
      "last_activity": null
    }
  },
  {
    "model": "pramlearnapp.customuser",
    "pk": 29,
    "fields": {
      "username": "student27",
      "password": "pbkdf2_sha256$600000$dummy$dummy",
      "email": "student27@pramlearn.com",
      "first_name": "Irwan",
      "last_name": "Setiadi",
      "role": 3,
      "is_staff": false,
      "is_superuser": false,
      "is_active": true,
      "is_online": false,
      "last_activity": null
    }
  },
  {
    "model": "pramlearnapp.customuser",
    "pk": 30,
    "fields": {
      "username": "student28",
      "password": "pbkdf2_sha256$600000$dummy$dummy",
      "email": "student28@pramlearn.com",
      "first_name": "Mega",
      "last_name": "Puspita",
      "role": 3,
      "is_staff": false,
      "is_superuser": false,
      "is_active": true,
      "is_online": false,
      "last_activity": null
    }
  },
  {
    "model": "pramlearnapp.customuser",
    "pk": 31,
    "fields": {
      "username": "student29",
      "password": "pbkdf2_sha256$600000$dummy$dummy",
      "email": "student29@pramlearn.com",
      "first_name": "Dedi",
      "last_name": "Kurniawan",
      "role": 3,
      "is_staff": false,
      "is_superuser": false,
      "is_active": true,
      "is_online": false,
      "last_activity": null
    }
  },
  {
    "model": "pramlearnapp.customuser",
    "pk": 32,
    "fields": {
      "username": "student30",
      "password": "pbkdf2_sha256$600000$dummy$dummy",
      "email": "student30@pramlearn.com",
      "first_name": "Sinta",
      "last_name": "Dewi",
      "role": 3,
      "is_staff": false,
      "is_superuser": false,
      "is_active": true,
      "is_online": false,
      "last_activity": null
    }
  },
  {
    "model": "pramlearnapp.customuser",
    "pk": 33,
    "fields": {
      "username": "student31",
      "password": "pbkdf2_sha256$600000$dummy$dummy",
      "email": "student31@pramlearn.com",
      "first_name": "Arif",
      "last_name": "Hidayat",
      "role": 3,
      "is_staff": false,
      "is_superuser": false,
      "is_active": true,
      "is_online": false,
      "last_activity": null
    }
  },
  {
    "model": "pramlearnapp.customuser",
    "pk": 34,
    "fields": {
      "username": "student32",
      "password": "pbkdf2_sha256$600000$dummy$dummy",
      "email": "student32@pramlearn.com",
      "first_name": "Lia",
      "last_name": "Permatasari",
      "role": 3,
      "is_staff": false,
      "is_superuser": false,
      "is_active": true,
      "is_online": false,
      "last_activity": null
    }
  },
  {
    "model": "pramlearnapp.customuser",
    "pk": 35,
    "fields": {
      "username": "student33",
      "password": "pbkdf2_sha256$600000$dummy$dummy",
      "email": "student33@pramlearn.com",
      "first_name": "Yoga",
      "last_name": "Pratama",
      "role": 3,
      "is_staff": false,
      "is_superuser": false,
      "is_active": true,
      "is_online": false,
      "last_activity": null
    }
  },
  {
    "model": "pramlearnapp.customuser",
    "pk": 36,
    "fields": {
      "username": "student34",
      "password": "pbkdf2_sha256$600000$dummy$dummy",
      "email": "student34@pramlearn.com",
      "first_name": "Indra",
      "last_name": "Wijaya",
      "role": 3,
      "is_staff": false,
      "is_superuser": false,
      "is_active": true,
      "is_online": false,
      "last_activity": null
    }
  },
  {
    "model": "pramlearnapp.class",
    "pk": 1,
    "fields": {
      "name": "XI TKJ 1",
      "slug": "xi-tkj-1"
    }
  },
  {
    "model": "pramlearnapp.subject",
    "pk": 1,
    "fields": {
      "name": "Administrasi Sistem Jaringan",
      "slug": "administrasi-sistem-jaringan",
      "subject_class": 1
    }
  },
  {
    "model": "pramlearnapp.subjectclass",
    "pk": 1,
    "fields": {
      "teacher": 2,
      "class_id": 1,
      "subject": 1
    }
  },
  {
    "model": "pramlearnapp.classstudent",
    "pk": 1,
    "fields": {
      "student": 3,
      "class_id": 1
    }
  },
  {
    "model": "pramlearnapp.classstudent",
    "pk": 2,
    "fields": {
      "student": 4,
      "class_id": 1
    }
  },
  {
    "model": "pramlearnapp.classstudent",
    "pk": 3,
    "fields": {
      "student": 5,
      "class_id": 1
    }
  },
  {
    "model": "pramlearnapp.classstudent",
    "pk": 4,
    "fields": {
      "student": 6,
      "class_id": 1
    }
  },
  {
    "model": "pramlearnapp.classstudent",
    "pk": 5,
    "fields": {
      "student": 7,
      "class_id": 1
    }
  },
  {
    "model": "pramlearnapp.classstudent",
    "pk": 6,
    "fields": {
      "student": 8,
      "class_id": 1
    }
  },
  {
    "model": "pramlearnapp.classstudent",
    "pk": 7,
    "fields": {
      "student": 9,
      "class_id": 1
    }
  },
  {
    "model": "pramlearnapp.classstudent",
    "pk": 8,
    "fields": {
      "student": 10,
      "class_id": 1
    }
  },
  {
    "model": "pramlearnapp.classstudent",
    "pk": 9,
    "fields": {
      "student": 11,
      "class_id": 1
    }
  },
  {
    "model": "pramlearnapp.classstudent",
    "pk": 10,
    "fields": {
      "student": 12,
      "class_id": 1
    }
  },
  {
    "model": "pramlearnapp.classstudent",
    "pk": 11,
    "fields": {
      "student": 13,
      "class_id": 1
    }
  },
  {
    "model": "pramlearnapp.classstudent",
    "pk": 12,
    "fields": {
      "student": 14,
      "class_id": 1
    }
  },
  {
    "model": "pramlearnapp.classstudent",
    "pk": 13,
    "fields": {
      "student": 15,
      "class_id": 1
    }
  },
  {
    "model": "pramlearnapp.classstudent",
    "pk": 14,
    "fields": {
      "student": 16,
      "class_id": 1
    }
  },
  {
    "model": "pramlearnapp.classstudent",
    "pk": 15,
    "fields": {
      "student": 17,
      "class_id": 1
    }
  },
  {
    "model": "pramlearnapp.classstudent",
    "pk": 16,
    "fields": {
      "student": 18,
      "class_id": 1
    }
  },
  {
    "model": "pramlearnapp.classstudent",
    "pk": 17,
    "fields": {
      "student": 19,
      "class_id": 1
    }
  },
  {
    "model": "pramlearnapp.classstudent",
    "pk": 18,
    "fields": {
      "student": 20,
      "class_id": 1
    }
  },
  {
    "model": "pramlearnapp.classstudent",
    "pk": 19,
    "fields": {
      "student": 21,
      "class_id": 1
    }
  },
  {
    "model": "pramlearnapp.classstudent",
    "pk": 20,
    "fields": {
      "student": 22,
      "class_id": 1
    }
  },
  {
    "model": "pramlearnapp.classstudent",
    "pk": 21,
    "fields": {
      "student": 23,
      "class_id": 1
    }
  },
  {
    "model": "pramlearnapp.classstudent",
    "pk": 22,
    "fields": {
      "student": 24,
      "class_id": 1
    }
  },
  {
    "model": "pramlearnapp.classstudent",
    "pk": 23,
    "fields": {
      "student": 25,
      "class_id": 1
    }
  },
  {
    "model": "pramlearnapp.classstudent",
    "pk": 24,
    "fields": {
      "student": 26,
      "class_id": 1
    }
  },
  {
    "model": "pramlearnapp.classstudent",
    "pk": 25,
    "fields": {
      "student": 27,
      "class_id": 1
    }
  },
  {
    "model": "pramlearnapp.classstudent",
    "pk": 26,
    "fields": {
      "student": 28,
      "class_id": 1
    }
  },
  {
    "model": "pramlearnapp.classstudent",
    "pk": 27,
    "fields": {
      "student": 29,
      "class_id": 1
    }
  },
  {
    "model": "pramlearnapp.classstudent",
    "pk": 28,
    "fields": {
      "student": 30,
      "class_id": 1
    }
  },
  {
    "model": "pramlearnapp.classstudent",
    "pk": 29,
    "fields": {
      "student": 31,
      "class_id": 1
    }
  },
  {
    "model": "pramlearnapp.classstudent",
    "pk": 30,
    "fields": {
      "student": 32,
      "class_id": 1
    }
  },
  {
    "model": "pramlearnapp.classstudent",
    "pk": 31,
    "fields": {
      "student": 33,
      "class_id": 1
    }
  },
  {
    "model": "pramlearnapp.classstudent",
    "pk": 32,
    "fields": {
      "student": 34,
      "class_id": 1
    }
  },
  {
    "model": "pramlearnapp.classstudent",
    "pk": 33,
    "fields": {
      "student": 35,
      "class_id": 1
    }
  },
  {
    "model": "pramlearnapp.classstudent",
    "pk": 34,
    "fields": {
      "student": 36,
      "class_id": 1
    }
  },
  {
    "model": "pramlearnapp.material",
    "pk": 1,
    "fields": {
      "title": "Pengenalan Jaringan Komputer",
      "slug": "pengenalan-jaringan-komputer",
      "subject": 1,
      "created_at": "2024-01-15T08:00:00Z",
      "updated_at": "2024-01-15T08:00:00Z"
    }
  },
  {
    "model": "pramlearnapp.file",
    "pk": 1,
    "fields": {
      "file": "materials/pengenalan_jaringan_komputer.pdf",
      "uploaded_at": "2024-01-15T08:00:00Z"
    }
  },
  {
    "model": "pramlearnapp.materialyoutubevideo",
    "pk": 1,
    "fields": {
      "material": 1,
      "url": "https://www.youtube.com/watch?v=QXfmzVWMkaM"
    }
  },
  {
    "model": "pramlearnapp.materialyoutubevideo",
    "pk": 2,
    "fields": {
      "material": 1,
      "url": "https://www.youtube.com/watch?v=k-ORWq281c4"
    }
  },
  {
    "model": "pramlearnapp.quiz",
    "pk": 1,
    "fields": {
      "title": "Quiz 1: Pengenalan Jaringan Komputer",
      "slug": "quiz-1-pengenalan-jaringan-komputer",
      "content": "Quiz kelompok tentang pengenalan dasar jaringan komputer",
      "material": 1,
      "is_active": true,
      "is_group_quiz": true,
      "duration": 30,
      "end_time": "2025-08-02T23:59:59Z",
      "created_at": "2025-07-01T08:00:00Z"
    }
  },
  {
    "model": "pramlearnapp.quiz",
    "pk": 2,
    "fields": {
      "title": "Quiz 2: Topologi Jaringan",
      "slug": "quiz-2-topologi-jaringan",
      "content": "Quiz kelompok tentang berbagai jenis topologi jaringan komputer",
      "material": 1,
      "is_active": true,
      "is_group_quiz": true,
      "duration": 35,
      "end_time": "2025-08-02T23:59:59Z",
      "created_at": "2025-07-01T08:00:00Z"
    }
  },
  {
    "model": "pramlearnapp.quiz",
    "pk": 3,
    "fields": {
      "title": "Quiz 3: Protokol Jaringan",
      "slug": "quiz-3-protokol-jaringan",
      "content": "Quiz kelompok tentang protokol-protokol dalam jaringan komputer",
      "material": 1,
      "is_active": true,
      "is_group_quiz": true,
      "duration": 40,
      "end_time": "2025-08-02T23:59:59Z",
      "created_at": "2025-07-01T08:00:00Z"
    }
  },
  {
    "model": "pramlearnapp.quiz",
    "pk": 4,
    "fields": {
      "title": "Quiz 4: Perangkat Jaringan",
      "slug": "quiz-4-perangkat-jaringan",
      "content": "Quiz kelompok tentang perangkat-perangkat jaringan komputer",
      "material": 1,
      "is_active": true,
      "is_group_quiz": true,
      "duration": 25,
      "end_time": "2025-08-02T23:59:59Z",
      "created_at": "2025-07-01T08:00:00Z"
    }
  },
  {
    "model": "pramlearnapp.quiz",
    "pk": 5,
    "fields": {
      "title": "Quiz 5: Keamanan Jaringan",
      "slug": "quiz-5-keamanan-jaringan",
      "content": "Quiz kelompok tentang keamanan dalam jaringan komputer",
      "material": 1,
      "is_active": true,
      "is_group_quiz": true,
      "duration": 45,
      "end_time": "2025-08-02T23:59:59Z",
      "created_at": "2025-07-01T08:00:00Z"
    }
  },
  {
    "model": "pramlearnapp.quiz",
    "pk": 6,
    "fields": {
      "title": "Quiz 6: Instrument Soal",
      "slug": "quiz-6-instrument-soal",
      "content": "Quiz kelompok komprehensif dengan 30 soal tentang jaringan komputer",
      "material": 1,
      "is_active": true,
      "is_group_quiz": true,
      "duration": 60,
      "end_time": "2025-08-02T23:59:59Z",
      "created_at": "2025-07-01T08:00:00Z"
    }
  },
  {
    "model": "pramlearnapp.question",
    "pk": 1,
    "fields": {
      "quiz": 1,
      "text": "Apa yang dimaksud dengan jaringan komputer?",
      "choice_a": "Kumpulan komputer yang terhubung untuk berbagi data",
      "choice_b": "Program untuk mengakses internet",
      "choice_c": "Perangkat keras komputer",
      "choice_d": "Sistem operasi komputer",
      "correct_choice": "A"
    }
  },
  {
    "model": "pramlearnapp.question",
    "pk": 2,
    "fields": {
      "quiz": 1,
      "text": "Apa keuntungan utama dari jaringan komputer?",
      "choice_a": "Menghemat listrik",
      "choice_b": "Berbagi sumber daya dan data",
      "choice_c": "Membuat komputer lebih cepat",
      "choice_d": "Mengurangi virus",
      "correct_choice": "B"
    }
  },
  {
    "model": "pramlearnapp.question",
    "pk": 3,
    "fields": {
      "quiz": 1,
      "text": "Jaringan yang mencakup area geografis luas disebut?",
      "choice_a": "LAN",
      "choice_b": "MAN",
      "choice_c": "WAN",
      "choice_d": "PAN",
      "correct_choice": "C"
    }
  },
  {
    "model": "pramlearnapp.question",
    "pk": 4,
    "fields": {
      "quiz": 1,
      "text": "Komponen dasar jaringan komputer meliputi?",
      "choice_a": "Hardware, software, protokol",
      "choice_b": "Monitor, keyboard, mouse",
      "choice_c": "CPU, RAM, storage",
      "choice_d": "Input, process, output",
      "correct_choice": "A"
    }
  },
  {
    "model": "pramlearnapp.question",
    "pk": 5,
    "fields": {
      "quiz": 1,
      "text": "Media transmisi kabel yang paling umum adalah?",
      "choice_a": "Fiber optic",
      "choice_b": "UTP",
      "choice_c": "Coaxial",
      "choice_d": "Wireless",
      "correct_choice": "B"
    }
  },
  {
    "model": "pramlearnapp.question",
    "pk": 6,
    "fields": {
      "quiz": 1,
      "text": "Kecepatan transfer data diukur dalam satuan?",
      "choice_a": "Hertz",
      "choice_b": "Watt",
      "choice_c": "bps",
      "choice_d": "dB",
      "correct_choice": "C"
    }
  },
  {
    "model": "pramlearnapp.question",
    "pk": 7,
    "fields": {
      "quiz": 1,
      "text": "Jaringan peer-to-peer memiliki karakteristik?",
      "choice_a": "Ada server pusat",
      "choice_b": "Tidak ada server pusat",
      "choice_c": "Hanya untuk internet",
      "choice_d": "Khusus untuk game",
      "correct_choice": "B"
    }
  },
  {
    "model": "pramlearnapp.question",
    "pk": 8,
    "fields": {
      "quiz": 1,
      "text": "Model jaringan client-server memiliki keunggulan?",
      "choice_a": "Tidak butuh admin",
      "choice_b": "Keamanan terpusat",
      "choice_c": "Biaya murah",
      "choice_d": "Setup mudah",
      "correct_choice": "B"
    }
  },
  {
    "model": "pramlearnapp.question",
    "pk": 9,
    "fields": {
      "quiz": 2,
      "text": "Topologi jaringan yang membentuk lingkaran adalah?",
      "choice_a": "Star",
      "choice_b": "Bus",
      "choice_c": "Ring",
      "choice_d": "Mesh",
      "correct_choice": "C"
    }
  },
  {
    "model": "pramlearnapp.question",
    "pk": 10,
    "fields": {
      "quiz": 2,
      "text": "Topologi star memiliki karakteristik?",
      "choice_a": "Semua node terhubung langsung",
      "choice_b": "Ada node pusat",
      "choice_c": "Bentuk lingkaran",
      "choice_d": "Tidak ada kabel",
      "correct_choice": "B"
    }
  },
  {
    "model": "pramlearnapp.question",
    "pk": 11,
    "fields": {
      "quiz": 2,
      "text": "Kelemahan topologi bus adalah?",
      "choice_a": "Biaya mahal",
      "choice_b": "Sulit troubleshooting",
      "choice_c": "Butuh banyak kabel",
      "choice_d": "Kecepatan lambat",
      "correct_choice": "B"
    }
  },
  {
    "model": "pramlearnapp.question",
    "pk": 12,
    "fields": {
      "quiz": 2,
      "text": "Topologi yang paling fault-tolerant adalah?",
      "choice_a": "Bus",
      "choice_b": "Star",
      "choice_c": "Ring",
      "choice_d": "Mesh",
      "correct_choice": "D"
    }
  },
  {
    "model": "pramlearnapp.question",
    "pk": 13,
    "fields": {
      "quiz": 2,
      "text": "Hybrid topology merupakan kombinasi dari?",
      "choice_a": "Dua atau lebih topologi",
      "choice_b": "Hardware dan software",
      "choice_c": "Kabel dan wireless",
      "choice_d": "Server dan client",
      "correct_choice": "A"
    }
  },
  {
    "model": "pramlearnapp.question",
    "pk": 14,
    "fields": {
      "quiz": 2,
      "text": "Topologi tree memiliki struktur?",
      "choice_a": "Lingkaran",
      "choice_b": "Bintang",
      "choice_c": "Hierarkis",
      "choice_d": "Acak",
      "correct_choice": "C"
    }
  },
  {
    "model": "pramlearnapp.question",
    "pk": 15,
    "fields": {
      "quiz": 2,
      "text": "Topologi yang cocok untuk jaringan kecil adalah?",
      "choice_a": "Mesh",
      "choice_b": "Tree",
      "choice_c": "Star",
      "choice_d": "Ring",
      "correct_choice": "C"
    }
  },
  {
    "model": "pramlearnapp.question",
    "pk": 16,
    "fields": {
      "quiz": 3,
      "text": "Protokol yang digunakan untuk transfer file adalah?",
      "choice_a": "HTTP",
      "choice_b": "FTP",
      "choice_c": "SMTP",
      "choice_d": "DNS",
      "correct_choice": "B"
    }
  },
  {
    "model": "pramlearnapp.question",
    "pk": 17,
    "fields": {
      "quiz": 3,
      "text": "TCP/IP bekerja pada layer berapa di model OSI?",
      "choice_a": "Layer 1-2",
      "choice_b": "Layer 3-4",
      "choice_c": "Layer 5-6",
      "choice_d": "Layer 7",
      "correct_choice": "B"
    }
  },
  {
    "model": "pramlearnapp.question",
    "pk": 18,
    "fields": {
      "quiz": 3,
      "text": "Protokol untuk mengirim email adalah?",
      "choice_a": "HTTP",
      "choice_b": "FTP",
      "choice_c": "SMTP",
      "choice_d": "POP3",
      "correct_choice": "C"
    }
  },
  {
    "model": "pramlearnapp.question",
    "pk": 19,
    "fields": {
      "quiz": 3,
      "text": "DHCP berfungsi untuk?",
      "choice_a": "Transfer file",
      "choice_b": "Assign IP address",
      "choice_c": "Web browsing",
      "choice_d": "Email",
      "correct_choice": "B"
    }
  },
  {
    "model": "pramlearnapp.question",
    "pk": 20,
    "fields": {
      "quiz": 3,
      "text": "Protokol keamanan untuk web adalah?",
      "choice_a": "HTTP",
      "choice_b": "HTTPS",
      "choice_c": "FTP",
      "choice_d": "SMTP",
      "correct_choice": "B"
    }
  },
  {
    "model": "pramlearnapp.question",
    "pk": 21,
    "fields": {
      "quiz": 3,
      "text": "DNS berfungsi untuk?",
      "choice_a": "Transfer file",
      "choice_b": "Resolve nama domain",
      "choice_c": "Kirim email",
      "choice_d": "Browse web",
      "correct_choice": "B"
    }
  },
  {
    "model": "pramlearnapp.question",
    "pk": 22,
    "fields": {
      "quiz": 3,
      "text": "Port default untuk HTTP adalah?",
      "choice_a": "21",
      "choice_b": "25",
      "choice_c": "80",
      "choice_d": "443",
      "correct_choice": "C"
    }
  },
  {
    "model": "pramlearnapp.question",
    "pk": 23,
    "fields": {
      "quiz": 3,
      "text": "ICMP digunakan untuk?",
      "choice_a": "Transfer data",
      "choice_b": "Error reporting",
      "choice_c": "Email",
      "choice_d": "File sharing",
      "correct_choice": "B"
    }
  },
  {
    "model": "pramlearnapp.question",
    "pk": 24,
    "fields": {
      "quiz": 3,
      "text": "Protokol untuk sinkronisasi waktu adalah?",
      "choice_a": "NTP",
      "choice_b": "SNMP",
      "choice_c": "TFTP",
      "choice_d": "LDAP",
      "correct_choice": "A"
    }
  },
  {
    "model": "pramlearnapp.question",
    "pk": 25,
    "fields": {
      "quiz": 3,
      "text": "UDP memiliki karakteristik?",
      "choice_a": "Connection-oriented",
      "choice_b": "Connectionless",
      "choice_c": "Reliable",
      "choice_d": "Secure",
      "correct_choice": "B"
    }
  },
  {
    "model": "pramlearnapp.question",
    "pk": 26,
    "fields": {
      "quiz": 4,
      "text": "Perangkat yang bekerja di Physical Layer adalah?",
      "choice_a": "Router",
      "choice_b": "Switch",
      "choice_c": "Hub",
      "choice_d": "Gateway",
      "correct_choice": "C"
    }
  },
  {
    "model": "pramlearnapp.question",
    "pk": 27,
    "fields": {
      "quiz": 4,
      "text": "Switch bekerja berdasarkan?",
      "choice_a": "IP Address",
      "choice_b": "MAC Address",
      "choice_c": "Port Number",
      "choice_d": "Domain Name",
      "correct_choice": "B"
    }
  },
  {
    "model": "pramlearnapp.question",
    "pk": 28,
    "fields": {
      "quiz": 4,
      "text": "Router berfungsi untuk?",
      "choice_a": "Menghubungkan segmen jaringan",
      "choice_b": "Memperkuat sinyal",
      "choice_c": "Menyimpan data",
      "choice_d": "Mengamankan jaringan",
      "correct_choice": "A"
    }
  },
  {
    "model": "pramlearnapp.question",
    "pk": 29,
    "fields": {
      "quiz": 4,
      "text": "Bridge beroperasi di layer?",
      "choice_a": "Physical",
      "choice_b": "Data Link",
      "choice_c": "Network",
      "choice_d": "Transport",
      "correct_choice": "B"
    }
  },
  {
    "model": "pramlearnapp.question",
    "pk": 30,
    "fields": {
      "quiz": 4,
      "text": "Repeater berfungsi untuk?",
      "choice_a": "Routing",
      "choice_b": "Switching",
      "choice_c": "Memperkuat sinyal",
      "choice_d": "Filtering",
      "correct_choice": "C"
    }
  },
  {
    "model": "pramlearnapp.question",
    "pk": 31,
    "fields": {
      "quiz": 4,
      "text": "Access Point digunakan untuk?",
      "choice_a": "Jaringan kabel",
      "choice_b": "Jaringan wireless",
      "choice_c": "Internet",
      "choice_d": "Email",
      "correct_choice": "B"
    }
  },
  {
    "model": "pramlearnapp.question",
    "pk": 32,
    "fields": {
      "quiz": 5,
      "text": "Fungsi utama dari firewall adalah?",
      "choice_a": "Mempercepat koneksi",
      "choice_b": "Melindungi dari ancaman",
      "choice_c": "Menyimpan data",
      "choice_d": "Routing paket",
      "correct_choice": "B"
    }
  },
  {
    "model": "pramlearnapp.question",
    "pk": 33,
    "fields": {
      "quiz": 5,
      "text": "Enkripsi digunakan untuk?",
      "choice_a": "Mempercepat data",
      "choice_b": "Mengamankan data",
      "choice_c": "Mengkompresi data",
      "choice_d": "Menyimpan data",
      "correct_choice": "B"
    }
  },
  {
    "model": "pramlearnapp.question",
    "pk": 34,
    "fields": {
      "quiz": 5,
      "text": "VPN kepanjangan dari?",
      "choice_a": "Virtual Private Network",
      "choice_b": "Very Personal Network",
      "choice_c": "Virtual Public Network",
      "choice_d": "Visual Private Network",
      "correct_choice": "A"
    }
  },
  {
    "model": "pramlearnapp.question",
    "pk": 35,
    "fields": {
      "quiz": 5,
      "text": "Antivirus berfungsi untuk?",
      "choice_a": "Mempercepat sistem",
      "choice_b": "Melindungi dari malware",
      "choice_c": "Menghemat memory",
      "choice_d": "Backup data",
      "correct_choice": "B"
    }
  },
  {
    "model": "pramlearnapp.question",
    "pk": 36,
    "fields": {
      "quiz": 5,
      "text": "Intrusion Detection System (IDS) bertugas?",
      "choice_a": "Mencegah serangan",
      "choice_b": "Mendeteksi serangan",
      "choice_c": "Memperbaiki kerusakan",
      "choice_d": "Backup data",
      "correct_choice": "B"
    }
  },
  {
    "model": "pramlearnapp.question",
    "pk": 37,
    "fields": {
      "quiz": 5,
      "text": "Password yang kuat memiliki karakteristik?",
      "choice_a": "Hanya huruf",
      "choice_b": "Hanya angka",
      "choice_c": "Kombinasi huruf, angka, simbol",
      "choice_d": "Nama sendiri",
      "correct_choice": "C"
    }
  },
  {
    "model": "pramlearnapp.question",
    "pk": 38,
    "fields": {
      "quiz": 5,
      "text": "Social engineering adalah?",
      "choice_a": "Teknik programming",
      "choice_b": "Manipulasi psikologis",
      "choice_c": "Desain network",
      "choice_d": "Instalasi software",
      "correct_choice": "B"
    }
  },
  {
    "model": "pramlearnapp.question",
    "pk": 39,
    "fields": {
      "quiz": 5,
      "text": "Backup data sebaiknya dilakukan?",
      "choice_a": "Sebulan sekali",
      "choice_b": "Setahun sekali",
      "choice_c": "Secara berkala",
      "choice_d": "Tidak perlu",
      "correct_choice": "C"
    }
  },
  {
    "model": "pramlearnapp.question",
    "pk": 40,
    "fields": {
      "quiz": 5,
      "text": "Two-factor authentication menambah keamanan dengan?",
      "choice_a": "Password ganda",
      "choice_b": "Dua jenis verifikasi",
      "choice_c": "Dua komputer",
      "choice_d": "Dua jaringan",
      "correct_choice": "B"
    }
  },
  {
    "model": "pramlearnapp.question",
    "pk": 41,
    "fields": {
      "quiz": 6,
      "text": "Apakah sebutan untuk sekumpulan dua atau lebih perangkat komputasi yang saling terhubung dengan tujuan untuk berbagi data dan sumber daya?",
      "choice_a": "Sistem Operasi",
      "choice_b": "Jaringan Komputer",
      "choice_c": "Topologi",
      "choice_d": "Protokol",
      "correct_choice": "B"
    }
  },
  {
    "model": "pramlearnapp.question",
    "pk": 42,
    "fields": {
      "quiz": 6,
      "text": "Jenis jaringan komputer apakah yang memiliki skala jangkauan paling kecil dan biasanya digunakan untuk menghubungkan perangkat pribadi seperti smartphone dengan headset bluetooth?",
      "choice_a": "LAN",
      "choice_b": "MAN",
      "choice_c": "WAN",
      "choice_d": "PAN",
      "correct_choice": "D"
    }
  },
  {
    "model": "pramlearnapp.question",
    "pk": 43,
    "fields": {
      "quiz": 6,
      "text": "Perangkat keras apakah yang berfungsi untuk menghubungkan dua atau lebih jaringan yang berbeda, seperti menghubungkan LAN ke internet?",
      "choice_a": "Switch",
      "choice_b": "Hub",
      "choice_c": "Router",
      "choice_d": "Repeater",
      "correct_choice": "C"
    }
  },
  {
    "model": "pramlearnapp.question",
    "pk": 44,
    "fields": {
      "quiz": 6,
      "text": "Apakah sebutan untuk alamat fisik unik yang tidak bisa diubah dan menjadi identitas pada setiap kartu jaringan (NIC)?",
      "choice_a": "IP Address",
      "choice_b": "Subnet Mask",
      "choice_c": "Gateway",
      "choice_d": "MAC Address",
      "correct_choice": "D"
    }
  },
  {
    "model": "pramlearnapp.question",
    "pk": 45,
    "fields": {
      "quiz": 6,
      "text": "Apakah nama kumpulan protokol yang menjadi aturan standar untuk komunikasi data di seluruh jaringan internet?",
      "choice_a": "HTTP/FTP",
      "choice_b": "TCP/IP",
      "choice_c": "POP3/SMTP",
      "choice_d": "LAN/WAN",
      "correct_choice": "B"
    }
  },
  {
    "model": "pramlearnapp.question",
    "pk": 46,
    "fields": {
      "quiz": 6,
      "text": "Manakah pernyataan yang paling tepat untuk menjelaskan perbedaan utama antara Hub dan Switch?",
      "choice_a": "Hub lebih cepat dari Switch",
      "choice_b": "Switch mengirimkan data ke semua port, sedangkan Hub hanya ke tujuan",
      "choice_c": "Hub mengirimkan data ke semua port, sedangkan Switch hanya ke port tujuan",
      "choice_d": "Hub digunakan untuk WAN, Switch untuk LAN",
      "correct_choice": "C"
    }
  },
  {
    "model": "pramlearnapp.question",
    "pk": 47,
    "fields": {
      "quiz": 6,
      "text": "Dalam sebuah jaringan nirkabel, apakah fungsi utama dari sebuah Access Point (AP)?",
      "choice_a": "Polisi lalu lintas yang mengatur rute antar jaringan",
      "choice_b": "Jembatan yang menghubungkan perangkat nirkabel ke jaringan kabel",
      "choice_c": "Pustakawan yang menyimpan semua data penting",
      "choice_d": "Satpam yang menjaga keamanan seluruh jaringan",
      "correct_choice": "B"
    }
  },
  {
    "model": "pramlearnapp.question",
    "pk": 48,
    "fields": {
      "quiz": 6,
      "text": "Jaringan komputer yang menghubungkan kantor-kantor cabang sebuah bank di seluruh kota Bandung merupakan contoh implementasi dari jenis jaringan apa?",
      "choice_a": "LAN",
      "choice_b": "MAN",
      "choice_c": "WAN",
      "choice_d": "PAN",
      "correct_choice": "B"
    }
  },
  {
    "model": "pramlearnapp.question",
    "pk": 49,
    "fields": {
      "quiz": 6,
      "text": "Ketika sebuah laboratorium komputer dengan 30 PC dapat menggunakan satu printer secara bersama-sama, manfaat jaringan komputer dalam hal apakah yang ditunjukkan oleh kondisi tersebut?",
      "choice_a": "Keamanan data",
      "choice_b": "Reliabilitas tinggi",
      "choice_c": "Komunikasi efisien",
      "choice_d": "Menghemat biaya dan sumber daya",
      "correct_choice": "D"
    }
  },
  {
    "model": "pramlearnapp.question",
    "pk": 50,
    "fields": {
      "quiz": 6,
      "text": "Manakah situasi yang paling baik dalam mendeskripsikan konsep reliabilitas tinggi dalam sebuah jaringan?",
      "choice_a": "Jaringan memiliki kecepatan internet yang sangat tinggi",
      "choice_b": "Data penting perusahaan disalin secara otomatis ke server cadangan",
      "choice_c": "Semua komputer dalam jaringan menggunakan merek yang sama",
      "choice_d": "Jaringan dapat diakses dari mana saja di seluruh dunia",
      "correct_choice": "B"
    }
  },
  {
    "model": "pramlearnapp.question",
    "pk": 51,
    "fields": {
      "quiz": 6,
      "text": "Anda ditugaskan membangun jaringan di lab komputer dengan 40 PC dan 1 server. Agar komunikasi efisien dan data terkirim ke tujuan yang tepat, perangkat sentral apakah yang paling tepat untuk digunakan?",
      "choice_a": "Hub",
      "choice_b": "Switch",
      "choice_c": "Router",
      "choice_d": "Modem",
      "correct_choice": "B"
    }
  },
  {
    "model": "pramlearnapp.question",
    "pk": 52,
    "fields": {
      "quiz": 6,
      "text": "Sebuah warung internet (warnet) memiliki 10 komputer untuk pelanggan yang semuanya harus bisa mengakses internet dan berbagi data. Jenis jaringan apakah yang paling tepat untuk dibangun di dalam warnet tersebut?",
      "choice_a": "WAN",
      "choice_b": "MAN",
      "choice_c": "PAN",
      "choice_d": "LAN",
      "correct_choice": "D"
    }
  },
  {
    "model": "pramlearnapp.question",
    "pk": 53,
    "fields": {
      "quiz": 6,
      "text": "Saat Anda membuka aplikasi browser dan mengetikkan alamat https://www.google.com/search?q=google.com, komputer atau laptop yang Anda gunakan sedang berperan sebagai apa?",
      "choice_a": "Server",
      "choice_b": "Client",
      "choice_c": "Router",
      "choice_d": "Switch",
      "correct_choice": "B"
    }
  },
  {
    "model": "pramlearnapp.question",
    "pk": 54,
    "fields": {
      "quiz": 6,
      "text": "Sebuah perusahaan multinasional ingin menghubungkan kantor pusat di Jakarta dengan kantor cabang di Singapura dan Kuala Lumpur. Jenis jaringan apakah yang harus mereka bangun?",
      "choice_a": "LAN",
      "choice_b": "MAN",
      "choice_c": "WAN",
      "choice_d": "PAN",
      "correct_choice": "C"
    }
  },
  {
    "model": "pramlearnapp.question",
    "pk": 55,
    "fields": {
      "quiz": 6,
      "text": "Jika Anda diminta untuk menghubungkan 5 komputer dan 1 printer di dalam satu ruangan kantor kecil agar bisa saling berbagi file, jenis jaringan apakah yang sedang Anda bangun?",
      "choice_a": "WAN",
      "choice_b": "MAN",
      "choice_c": "Internet",
      "choice_d": "PAN",
      "correct_choice": "E"
    }
  },
  {
    "model": "pramlearnapp.question",
    "pk": 56,
    "fields": {
      "quiz": 6,
      "text": "Sebuah jaringan LAN dengan 30 komputer yang menggunakan Hub terasa sangat lambat saat banyak pengguna aktif. Apakah penyebab yang paling mungkin dari masalah ini?",
      "choice_a": "Kabel UTP yang digunakan terlalu panjang",
      "choice_b": "Terlalu sering terjadi tabrakan data (collision) karena sifat Hub",
      "choice_c": "Server yang digunakan memiliki spesifikasi rendah",
      "choice_d": "Semua komputer terinfeksi virus yang sama",
      "correct_choice": "B"
    }
  },
  {
    "model": "pramlearnapp.question",
    "pk": 57,
    "fields": {
      "quiz": 6,
      "text": "Dibandingkan dengan kabel UTP, apakah keunggulan utama dari media transmisi Fiber Optic?",
      "choice_a": "Harga yang lebih murah dan instalasi yang mudah",
      "choice_b": "Fleksibilitas dan tidak memerlukan perangkat khusus",
      "choice_c": "Kecepatan transfer data yang jauh lebih tinggi dan tahan interferensi",
      "choice_d": "Ketersediaan yang lebih luas di pasaran",
      "correct_choice": "C"
    }
  },
  {
    "model": "pramlearnapp.question",
    "pk": 58,
    "fields": {
      "quiz": 6,
      "text": "Perhatikan pernyataan berikut:\n            - Menghubungkan perangkat dalam satu segmen jaringan lokal.\n            - Bekerja menggunakan MAC Address untuk mengirim data.\n            - Menentukan rute terbaik untuk mengirim data antar jaringan yang berbeda.\n            - Bekerja menggunakan IP Address untuk mengambil keputusan.\n            Dari pernyataan tersebut, manakah yang mendeskripsikan peran sebuah Router?",
      "choice_a": "1 dan 2",
      "choice_b": "2 dan 3",
      "choice_c": "3 dan 4",
      "choice_d": "1 dan 4",
      "correct_choice": "C"
    }
  },
  {
    "model": "pramlearnapp.question",
    "pk": 59,
    "fields": {
      "quiz": 6,
      "text": "Untuk membangun jaringan Wi-Fi di rumah yang dapat terhubung ke internet, kombinasi perangkat minimal apakah yang harus dimiliki?",
      "choice_a": "Switch, Hub, dan Kabel UTP",
      "choice_b": "Modem, Router dengan fitur Wi-Fi/AP, dan NIC pada perangkat client",
      "choice_c": "Server, Client, dan Kabel Fiber Optic",
      "choice_d": "Repeater, Switch, dan Server",
      "correct_choice": "B"
    }
  },
  {
    "model": "pramlearnapp.question",
    "pk": 60,
    "fields": {
      "quiz": 6,
      "text": "Saat menggunakan jaringan Wi-Fi publik di kafe atau bandara, apakah risiko keamanan utama yang harus diwaspadai oleh pengguna?",
      "choice_a": "Kecepatan internet yang menjadi lambat",
      "choice_b": "Baterai perangkat menjadi cepat habis",
      "choice_c": "Potensi pencurian data pribadi oleh pihak ketiga (Man-in-the-Middle Attack)",
      "choice_d": "Perangkat menjadi panas karena terlalu banyak pengguna",
      "correct_choice": "C"
    }
  },
  {
    "model": "pramlearnapp.question",
    "pk": 61,
    "fields": {
      "quiz": 6,
      "text": "Menurut prinsip perancangan jaringan yang baik (Top-Down Network Design), langkah manakah yang paling krusial dan harus ditentukan pertama kali sebelum membeli perangkat?",
      "choice_a": "Memilih merek perangkat yang paling terkenal",
      "choice_b": "Menentukan skema pengalamatan IP Address",
      "choice_c": "Menganalisis kebutuhan bisnis dan teknis dari pengguna",
      "choice_d": "Menggambar topologi fisik jaringan secara detail",
      "correct_choice": "C"
    }
  },
  {
    "model": "pramlearnapp.question",
    "pk": 62,
    "fields": {
      "quiz": 6,
      "text": "Seorang teknisi menyarankan untuk menghubungkan server data penting perusahaan langsung ke internet tanpa pelindung seperti router atau firewall, dengan alasan agar mudah diakses. Mengapa saran ini sangat tidak direkomendasikan?",
      "choice_a": "Akan membuat koneksi server menjadi lambat",
      "choice_b": "Membuat server sangat rentan terhadap serangan langsung dari internet",
      "choice_c": "Akan menghabiskan biaya internet yang sangat mahal",
      "choice_d": "Akan menyulitkan karyawan untuk mengakses server",
      "correct_choice": "B"
    }
  },
  {
    "model": "pramlearnapp.question",
    "pk": 63,
    "fields": {
      "quiz": 6,
      "text": "Sebuah sekolah dengan anggaran terbatas ingin menyediakan koneksi internet untuk 30 komputer di lab. Pilihan media transmisi apakah yang paling realistis dari segi biaya dan kemudahan instalasi?",
      "choice_a": "Fiber Optic",
      "choice_b": "Kabel UTP",
      "choice_c": "Satelit",
      "choice_d": "Bluetooth",
      "correct_choice": "B"
    }
  },
  {
    "model": "pramlearnapp.question",
    "pk": 64,
    "fields": {
      "quiz": 6,
      "text": "Untuk sebuah turnamen e-sports yang menuntut koneksi paling stabil dan latensi (delay) terendah, mengapa penggunaan jaringan kabel (LAN) lebih direkomendasikan daripada Wi-Fi?",
      "choice_a": "Jaringan kabel lebih mudah dipasang daripada Wi-Fi",
      "choice_b": "Jaringan kabel memiliki jangkauan yang lebih luas",
      "choice_c": "Jaringan kabel lebih aman dari peretasan",
      "choice_d": "Jaringan kabel lebih stabil dan minim interferensi gelombang radio",
      "correct_choice": "D"
    }
  },
  {
    "model": "pramlearnapp.question",
    "pk": 65,
    "fields": {
      "quiz": 6,
      "text": "Seorang admin jaringan memutuskan untuk menggunakan Hub daripada Switch untuk jaringan kantor baru dengan 50 komputer dengan alasan harga Hub lebih murah. Dari sudut pandang performa, mengapa keputusan ini kurang tepat?",
      "choice_a": "Hub memerlukan konfigurasi yang lebih rumit",
      "choice_b": "Hub akan menyebabkan traffic jaringan menjadi padat dan lambat",
      "choice_c": "Hub mengonsumsi daya listrik yang lebih besar",
      "choice_d": "Hub tidak kompatibel dengan komputer modern",
      "correct_choice": "B"
    }
  },
  {
    "model": "pramlearnapp.question",
    "pk": 66,
    "fields": {
      "quiz": 6,
      "text": "Anda diminta merancang jaringan untuk acara live streaming di aula sekolah dengan kebutuhan koneksi stabil untuk 3 PC panitia dan koneksi nirkabel untuk tamu. Rancangan manakah yang paling efektif?",
      "choice_a": "Menghubungkan semua perangkat ke satu Hub besar",
      "choice_b": "Menggunakan satu Router Wi-Fi rumahan untuk semua perangkat",
      "choice_c": "Menghubungkan 3 PC panitia ke Switch via kabel, lalu Switch dihubungkan ke Router. Untuk tamu, dipasang Access Point yang juga terhubung ke Router.",
      "choice_d": "Hanya menyediakan koneksi Wi-Fi untuk semua perangkat agar lebih praktis",
      "correct_choice": "C"
    }
  },
  {
    "model": "pramlearnapp.question",
    "pk": 67,
    "fields": {
      "quiz": 6,
      "text": "Sebuah kafe ingin menyediakan Wi-Fi gratis untuk pelanggan dan jaringan terpisah untuk kasir agar transaksi aman. Konfigurasi perangkat apakah yang paling sederhana dan efektif untuk kebutuhan ini?",
      "choice_a": "Memasang dua modem internet yang berbeda",
      "choice_b": "Menggunakan satu modem yang terhubung ke Router yang mendukung fitur Guest Network",
      "choice_c": "Menghubungkan kasir dan pelanggan ke satu Switch yang sama",
      "choice_d": "Memasang banyak Repeater di seluruh area kafe",
      "correct_choice": "B"
    }
  },
  {
    "model": "pramlearnapp.question",
    "pk": 68,
    "fields": {
      "quiz": 6,
      "text": "Jaringan di sebuah sekolah seringkali lambat pada jam istirahat karena banyak siswa mengakses video. Usulan teknis apakah yang paling logis untuk diajukan guna mengatasi masalah ini?",
      "choice_a": "Mengurangi jumlah komputer di sekolah",
      "choice_b": "Mematikan jaringan pada jam istirahat",
      "choice_c": "Meningkatkan paket bandwidth internet dan memasang sistem manajemen bandwidth (QoS)",
      "choice_d": "Mengganti semua komputer dengan laptop",
      "correct_choice": "C"
    }
  },
  {
    "model": "pramlearnapp.question",
    "pk": 69,
    "fields": {
      "quiz": 6,
      "text": "Untuk melindungi data penting pada file server di sebuah kantor kecil dari risiko kerusakan hard disk, strategi backup data paling dasar apakah yang bisa Anda usulkan?",
      "choice_a": "Menyimpan semua data hanya di server tanpa backup",
      "choice_b": "Meminta setiap karyawan menyimpan data di komputernya masing-masing",
      "choice_c": "Menjadwalkan backup otomatis setiap malam ke hard disk eksternal atau cloud storage",
      "choice_d": "Mencetak semua data penting setiap hari",
      "correct_choice": "C"
    }
  },
  {
    "model": "pramlearnapp.question",
    "pk": 70,
    "fields": {
      "quiz": 6,
      "text": "Anda diminta membuat 3 aturan kebijakan keamanan paling dasar untuk jaringan Wi-Fi di rumah. Kombinasi kebijakan manakah yang paling efektif?",
      "choice_a": "Membiarkan nama Wi-Fi default, tanpa password, dan menyala 24 jam",
      "choice_b": "Mengganti nama Wi-Fi (SSID), menggunakan password WPA2/WPA3 yang kuat, dan mematikan fitur WPS",
      "choice_c": "Memberitahu password Wi-Fi ke semua tetangga",
      "choice_d": "Menggunakan password yang mudah diingat seperti 12345678",
      "correct_choice": "B"
    }
  },
  {
    "model": "pramlearnapp.assignment",
    "pk": 1,
    "fields": {
      "title": "Assignment 1: Analisis Konsep Jaringan Komputer",
      "slug": "assignment-1-analisis-konsep-jaringan-komputer",
      "description": "Tugas untuk menganalisis konsep dasar jaringan komputer dan implementasinya",
      "material": 1,
      "created_at": "2025-07-01T08:00:00Z",
      "updated_at": "2025-07-01T08:00:00Z",
      "due_date": "2025-08-02T23:59:59Z"
    }
  },
  {
    "model": "pramlearnapp.assignment",
    "pk": 2,
    "fields": {
      "title": "Assignment 2: Desain Topologi Jaringan",
      "slug": "assignment-2-desain-topologi-jaringan",
      "description": "Tugas merancang topologi jaringan untuk kebutuhan organisasi",
      "material": 1,
      "created_at": "2025-07-01T08:00:00Z",
      "updated_at": "2025-07-01T08:00:00Z",
      "due_date": "2025-08-02T23:59:59Z"
    }
  },
  {
    "model": "pramlearnapp.assignment",
    "pk": 3,
    "fields": {
      "title": "Assignment 3: Konfigurasi Protokol Jaringan",
      "slug": "assignment-3-konfigurasi-protokol-jaringan",
      "description": "Tugas praktik konfigurasi protokol jaringan",
      "material": 1,
      "created_at": "2025-07-01T08:00:00Z",
      "updated_at": "2025-07-01T08:00:00Z",
      "due_date": "2025-08-02T23:59:59Z"
    }
  },
  {
    "model": "pramlearnapp.assignment",
    "pk": 4,
    "fields": {
      "title": "Assignment 4: Evaluasi Perangkat Jaringan",
      "slug": "assignment-4-evaluasi-perangkat-jaringan",
      "description": "Tugas evaluasi dan pemilihan perangkat jaringan yang tepat",
      "material": 1,
      "created_at": "2025-07-01T08:00:00Z",
      "updated_at": "2025-07-01T08:00:00Z",
      "due_date": "2025-08-02T23:59:59Z"
    }
  },
  {
    "model": "pramlearnapp.assignment",
    "pk": 5,
    "fields": {
      "title": "Assignment 5: Implementasi Keamanan Jaringan",
      "slug": "assignment-5-implementasi-keamanan-jaringan",
      "description": "Tugas implementasi strategi keamanan jaringan komputer",
      "material": 1,
      "created_at": "2025-07-01T08:00:00Z",
      "updated_at": "2025-07-01T08:00:00Z",
      "due_date": "2025-08-02T23:59:59Z"
    }
  },
  {
    "model": "pramlearnapp.assignmentquestion",
    "pk": 1,
    "fields": {
      "assignment": 1,
      "text": "Jelaskan perbedaan antara LAN, MAN, dan WAN beserta contoh implementasinya masing-masing!",
      "explanation": "Pertanyaan essay tentang klasifikasi jaringan berdasarkan geografis",
      "choice_a": null,
      "choice_b": null,
      "choice_c": null,
      "choice_d": null,
      "correct_choice": null
    }
  },
  {
    "model": "pramlearnapp.assignmentquestion",
    "pk": 2,
    "fields": {
      "assignment": 1,
      "text": "Apa keuntungan dan kerugian dari model jaringan peer-to-peer dibandingkan dengan client-server?",
      "explanation": "Analisis perbandingan model jaringan",
      "choice_a": null,
      "choice_b": null,
      "choice_c": null,
      "choice_d": null,
      "correct_choice": null
    }
  },
  {
    "model": "pramlearnapp.assignmentquestion",
    "pk": 3,
    "fields": {
      "assignment": 1,
      "text": "Manakah yang termasuk komponen hardware dalam jaringan komputer?",
      "explanation": "Pertanyaan pilihan ganda tentang komponen jaringan",
      "choice_a": "NIC, Kabel, Switch",
      "choice_b": "Software, Driver, OS",
      "choice_c": "Protocol, TCP/IP, HTTP",
      "choice_d": "Database, File, Folder",
      "correct_choice": "A"
    }
  },
  {
    "model": "pramlearnapp.assignmentquestion",
    "pk": 4,
    "fields": {
      "assignment": 1,
      "text": "Sebutkan dan jelaskan 3 faktor yang mempengaruhi performa jaringan komputer!",
      "explanation": "Pertanyaan essay tentang faktor performa jaringan",
      "choice_a": null,
      "choice_b": null,
      "choice_c": null,
      "choice_d": null,
      "correct_choice": null
    }
  },
  {
    "model": "pramlearnapp.assignmentquestion",
    "pk": 5,
    "fields": {
      "assignment": 2,
      "text": "Buatlah diagram topologi jaringan star untuk kantor dengan 20 komputer dan jelaskan keunggulannya!",
      "explanation": "Tugas menggambar dan analisis topologi star",
      "choice_a": null,
      "choice_b": null,
      "choice_c": null,
      "choice_d": null,
      "correct_choice": null
    }
  },
  {
    "model": "pramlearnapp.assignmentquestion",
    "pk": 6,
    "fields": {
      "assignment": 2,
      "text": "Topologi mana yang paling cocok untuk jaringan dengan kebutuhan high availability?",
      "explanation": "Pertanyaan pilihan ganda tentang topologi untuk high availability",
      "choice_a": "Bus",
      "choice_b": "Ring",
      "choice_c": "Star",
      "choice_d": "Mesh",
      "correct_choice": "D"
    }
  },
  {
    "model": "pramlearnapp.assignmentquestion",
    "pk": 7,
    "fields": {
      "assignment": 2,
      "text": "Analisis biaya implementasi topologi bus vs star untuk 15 komputer!",
      "explanation": "Pertanyaan analisis biaya implementasi",
      "choice_a": null,
      "choice_b": null,
      "choice_c": null,
      "choice_d": null,
      "correct_choice": null
    }
  },
  {
    "model": "pramlearnapp.assignmentquestion",
    "pk": 8,
    "fields": {
      "assignment": 2,
      "text": "Apa yang terjadi jika central hub pada topologi star mengalami kerusakan?",
      "explanation": "Pertanyaan pilihan ganda tentang single point of failure",
      "choice_a": "Hanya 1 komputer mati",
      "choice_b": "Setengah jaringan mati",
      "choice_c": "Seluruh jaringan mati",
      "choice_d": "Tidak ada pengaruh",
      "correct_choice": "C"
    }
  },
  {
    "model": "pramlearnapp.assignmentquestion",
    "pk": 9,
    "fields": {
      "assignment": 2,
      "text": "Rancang topologi hybrid yang menggabungkan star dan ring untuk gedung 3 lantai!",
      "explanation": "Tugas desain topologi hybrid",
      "choice_a": null,
      "choice_b": null,
      "choice_c": null,
      "choice_d": null,
      "correct_choice": null
    }
  },
  {
    "model": "pramlearnapp.assignmentquestion",
    "pk": 10,
    "fields": {
      "assignment": 3,
      "text": "Jelaskan langkah-langkah konfigurasi TCP/IP pada Windows!",
      "explanation": "Tugas praktik konfigurasi TCP/IP",
      "choice_a": null,
      "choice_b": null,
      "choice_c": null,
      "choice_d": null,
      "correct_choice": null
    }
  },
  {
    "model": "pramlearnapp.assignmentquestion",
    "pk": 11,
    "fields": {
      "assignment": 3,
      "text": "Port berapa yang digunakan untuk protokol HTTPS?",
      "explanation": "Pertanyaan tentang port protokol",
      "choice_a": "80",
      "choice_b": "443",
      "choice_c": "21",
      "choice_d": "25",
      "correct_choice": "B"
    }
  },
  {
    "model": "pramlearnapp.assignmentquestion",
    "pk": 12,
    "fields": {
      "assignment": 3,
      "text": "Apa fungsi dari subnet mask dalam konfigurasi IP?",
      "explanation": "Pertanyaan essay tentang subnet mask",
      "choice_a": null,
      "choice_b": null,
      "choice_c": null,
      "choice_d": null,
      "correct_choice": null
    }
  },
  {
    "model": "pramlearnapp.assignmentquestion",
    "pk": 13,
    "fields": {
      "assignment": 3,
      "text": "Protokol mana yang digunakan untuk transfer file secara aman?",
      "explanation": "Pertanyaan tentang protokol file transfer aman",
      "choice_a": "FTP",
      "choice_b": "TFTP",
      "choice_c": "SFTP",
      "choice_d": "HTTP",
      "correct_choice": "C"
    }
  },
  {
    "model": "pramlearnapp.assignmentquestion",
    "pk": 14,
    "fields": {
      "assignment": 3,
      "text": "Konfigurasikan DHCP server untuk range IP 192.168.1.100-200!",
      "explanation": "Tugas konfigurasi DHCP",
      "choice_a": null,
      "choice_b": null,
      "choice_c": null,
      "choice_d": null,
      "correct_choice": null
    }
  },
  {
    "model": "pramlearnapp.assignmentquestion",
    "pk": 15,
    "fields": {
      "assignment": 3,
      "text": "Apa perbedaan TCP dan UDP dalam hal reliability?",
      "explanation": "Pertanyaan essay perbandingan TCP vs UDP",
      "choice_a": null,
      "choice_b": null,
      "choice_c": null,
      "choice_d": null,
      "correct_choice": null
    }
  },
  {
    "model": "pramlearnapp.assignmentquestion",
    "pk": 16,
    "fields": {
      "assignment": 4,
      "text": "Bandingkan fungsi dan kegunaan Hub, Switch, dan Router!",
      "explanation": "Pertanyaan essay perbandingan perangkat jaringan",
      "choice_a": null,
      "choice_b": null,
      "choice_c": null,
      "choice_d": null,
      "correct_choice": null
    }
  },
  {
    "model": "pramlearnapp.assignmentquestion",
    "pk": 17,
    "fields": {
      "assignment": 4,
      "text": "Perangkat apa yang bekerja di Layer 2 OSI Model?",
      "explanation": "Pertanyaan tentang layer perangkat jaringan",
      "choice_a": "Hub",
      "choice_b": "Switch",
      "choice_c": "Router",
      "choice_d": "Gateway",
      "correct_choice": "B"
    }
  },
  {
    "model": "pramlearnapp.assignmentquestion",
    "pk": 18,
    "fields": {
      "assignment": 4,
      "text": "Evaluasi kebutuhan perangkat jaringan untuk kantor 50 orang dengan 3 departemen!",
      "explanation": "Tugas evaluasi kebutuhan perangkat",
      "choice_a": null,
      "choice_b": null,
      "choice_c": null,
      "choice_d": null,
      "correct_choice": null
    }
  },
  {
    "model": "pramlearnapp.assignmentquestion",
    "pk": 19,
    "fields": {
      "assignment": 4,
      "text": "Sebutkan 4 kriteria pemilihan switch untuk jaringan enterprise!",
      "explanation": "Pertanyaan essay kriteria pemilihan switch",
      "choice_a": null,
      "choice_b": null,
      "choice_c": null,
      "choice_d": null,
      "correct_choice": null
    }
  },
  {
    "model": "pramlearnapp.assignmentquestion",
    "pk": 20,
    "fields": {
      "assignment": 5,
      "text": "Rancang strategi keamanan berlapis (defense in depth) untuk jaringan perusahaan!",
      "explanation": "Tugas perancangan strategi keamanan berlapis",
      "choice_a": null,
      "choice_b": null,
      "choice_c": null,
      "choice_d": null,
      "correct_choice": null
    }
  },
  {
    "model": "pramlearnapp.assignmentquestion",
    "pk": 21,
    "fields": {
      "assignment": 5,
      "text": "Apa yang dimaksud dengan social engineering dalam konteks keamanan jaringan?",
      "explanation": "Pertanyaan pilihan ganda tentang social engineering",
      "choice_a": "Teknik hacking",
      "choice_b": "Manipulasi psikologis",
      "choice_c": "Desain jaringan",
      "choice_d": "Instalasi perangkat",
      "correct_choice": "B"
    }
  },
  {
    "model": "pramlearnapp.assignmentquestion",
    "pk": 22,
    "fields": {
      "assignment": 5,
      "text": "Jelaskan perbedaan antara firewall hardware dan software beserta kelebihan masing-masing!",
      "explanation": "Pertanyaan essay perbandingan jenis firewall",
      "choice_a": null,
      "choice_b": null,
      "choice_c": null,
      "choice_d": null,
      "correct_choice": null
    }
  },
  {
    "model": "pramlearnapp.assignmentquestion",
    "pk": 23,
    "fields": {
      "assignment": 5,
      "text": "Metode enkripsi mana yang paling aman untuk data sensitif?",
      "explanation": "Pertanyaan tentang metode enkripsi",
      "choice_a": "DES",
      "choice_b": "3DES",
      "choice_c": "AES",
      "choice_d": "RC4",
      "correct_choice": "C"
    }
  },
  {
    "model": "pramlearnapp.assignmentquestion",
    "pk": 24,
    "fields": {
      "assignment": 5,
      "text": "Buatlah kebijakan password yang aman untuk organisasi dengan 100 karyawan!",
      "explanation": "Tugas pembuatan kebijakan password",
      "choice_a": null,
      "choice_b": null,
      "choice_c": null,
      "choice_d": null,
      "correct_choice": null
    }
  },
  {
    "model": "pramlearnapp.arcsquestionnaire",
    "pk": 1,
    "fields": {
      "title": "Kuesioner ARCS Sebelum Pembelajaran",
      "slug": "arcs-sebelum-pembelajaran-jaringan",
      "description": "Kuesioner untuk mengukur motivasi belajar siswa sebelum mempelajari materi Jaringan Komputer",
      "material": 1,
      "questionnaire_type": "pre",
      "is_active": true,
      "duration_minutes": 15,
      "start_date": "2025-07-01T07:00:00Z",
      "end_date": "2025-08-02T23:59:59Z",
      "created_at": "2025-07-01T06:00:00Z",
      "updated_at": "2025-07-01T06:00:00Z",
      "created_by": 2
    }
  },
  {
    "model": "pramlearnapp.arcsquestion",
    "pk": 1,
    "fields": {
      "questionnaire": 1,
      "text": "Saya merasa tertarik untuk mempelajari materi jaringan komputer",
      "dimension": "attention",
      "question_type": "likert_5",
      "order": 1,
      "is_required": true,
      "scale_min": 1,
      "scale_max": 5,
      "scale_label_min": "Sangat Tidak Setuju",
      "scale_label_max": "Sangat Setuju",
      "created_at": "2025-07-01T06:00:00Z",
      "updated_at": "2025-07-01T06:00:00Z"
    }
  },
  {
    "model": "pramlearnapp.arcsquestion",
    "pk": 2,
    "fields": {
      "questionnaire": 1,
      "text": "Materi jaringan komputer tampak menarik bagi saya",
      "dimension": "attention",
      "question_type": "likert_5",
      "order": 2,
      "is_required": true,
      "scale_min": 1,
      "scale_max": 5,
      "scale_label_min": "Sangat Tidak Setuju",
      "scale_label_max": "Sangat Setuju",
      "created_at": "2025-07-01T06:00:00Z",
      "updated_at": "2025-07-01T06:00:00Z"
    }
  },
  {
    "model": "pramlearnapp.arcsquestion",
    "pk": 3,
    "fields": {
      "questionnaire": 1,
      "text": "Saya penasaran dengan konsep-konsep dalam jaringan komputer",
      "dimension": "attention",
      "question_type": "likert_5",
      "order": 3,
      "is_required": true,
      "scale_min": 1,
      "scale_max": 5,
      "scale_label_min": "Sangat Tidak Setuju",
      "scale_label_max": "Sangat Setuju",
      "created_at": "2025-07-01T06:00:00Z",
      "updated_at": "2025-07-01T06:00:00Z"
    }
  },
  {
    "model": "pramlearnapp.arcsquestion",
    "pk": 4,
    "fields": {
      "questionnaire": 1,
      "text": "Saya mudah fokus saat belajar tentang jaringan komputer",
      "dimension": "attention",
      "question_type": "likert_5",
      "order": 4,
      "is_required": true,
      "scale_min": 1,
      "scale_max": 5,
      "scale_label_min": "Sangat Tidak Setuju",
      "scale_label_max": "Sangat Setuju",
      "created_at": "2025-07-01T06:00:00Z",
      "updated_at": "2025-07-01T06:00:00Z"
    }
  },
  {
    "model": "pramlearnapp.arcsquestion",
    "pk": 5,
    "fields": {
      "questionnaire": 1,
      "text": "Topik jaringan komputer memicu rasa ingin tahu saya",
      "dimension": "attention",
      "question_type": "likert_5",
      "order": 5,
      "is_required": true,
      "scale_min": 1,
      "scale_max": 5,
      "scale_label_min": "Sangat Tidak Setuju",
      "scale_label_max": "Sangat Setuju",
      "created_at": "2025-07-01T06:00:00Z",
      "updated_at": "2025-07-01T06:00:00Z"
    }
  },
  {
    "model": "pramlearnapp.arcsquestion",
    "pk": 6,
    "fields": {
      "questionnaire": 1,
      "text": "Materi jaringan komputer berguna untuk masa depan saya",
      "dimension": "relevance",
      "question_type": "likert_5",
      "order": 6,
      "is_required": true,
      "scale_min": 1,
      "scale_max": 5,
      "scale_label_min": "Sangat Tidak Setuju",
      "scale_label_max": "Sangat Setuju",
      "created_at": "2025-07-01T06:00:00Z",
      "updated_at": "2025-07-01T06:00:00Z"
    }
  },
  {
    "model": "pramlearnapp.arcsquestion",
    "pk": 7,
    "fields": {
      "questionnaire": 1,
      "text": "Saya dapat menghubungkan materi ini dengan pengalaman sehari-hari",
      "dimension": "relevance",
      "question_type": "likert_5",
      "order": 7,
      "is_required": true,
      "scale_min": 1,
      "scale_max": 5,
      "scale_label_min": "Sangat Tidak Setuju",
      "scale_label_max": "Sangat Setuju",
      "created_at": "2025-07-01T06:00:00Z",
      "updated_at": "2025-07-01T06:00:00Z"
    }
  },
  {
    "model": "pramlearnapp.arcsquestion",
    "pk": 8,
    "fields": {
      "questionnaire": 1,
      "text": "Pembelajaran jaringan komputer sesuai dengan minat saya",
      "dimension": "relevance",
      "question_type": "likert_5",
      "order": 8,
      "is_required": true,
      "scale_min": 1,
      "scale_max": 5,
      "scale_label_min": "Sangat Tidak Setuju",
      "scale_label_max": "Sangat Setuju",
      "created_at": "2025-07-01T06:00:00Z",
      "updated_at": "2025-07-01T06:00:00Z"
    }
  },
  {
    "model": "pramlearnapp.arcsquestion",
    "pk": 9,
    "fields": {
      "questionnaire": 1,
      "text": "Materi ini akan membantu saya dalam karir di bidang IT",
      "dimension": "relevance",
      "question_type": "likert_5",
      "order": 9,
      "is_required": true,
      "scale_min": 1,
      "scale_max": 5,
      "scale_label_min": "Sangat Tidak Setuju",
      "scale_label_max": "Sangat Setuju",
      "created_at": "2025-07-01T06:00:00Z",
      "updated_at": "2025-07-01T06:00:00Z"
    }
  },
  {
    "model": "pramlearnapp.arcsquestion",
    "pk": 10,
    "fields": {
      "questionnaire": 1,
      "text": "Saya membutuhkan pengetahuan jaringan komputer untuk pekerjaan",
      "dimension": "relevance",
      "question_type": "likert_5",
      "order": 10,
      "is_required": true,
      "scale_min": 1,
      "scale_max": 5,
      "scale_label_min": "Sangat Tidak Setuju",
      "scale_label_max": "Sangat Setuju",
      "created_at": "2025-07-01T06:00:00Z",
      "updated_at": "2025-07-01T06:00:00Z"
    }
  },
  {
    "model": "pramlearnapp.arcsquestion",
    "pk": 11,
    "fields": {
      "questionnaire": 1,
      "text": "Saya yakin dapat memahami materi jaringan komputer dengan baik",
      "dimension": "confidence",
      "question_type": "likert_5",
      "order": 11,
      "is_required": true,
      "scale_min": 1,
      "scale_max": 5,
      "scale_label_min": "Sangat Tidak Setuju",
      "scale_label_max": "Sangat Setuju",
      "created_at": "2025-07-01T06:00:00Z",
      "updated_at": "2025-07-01T06:00:00Z"
    }
  },
  {
    "model": "pramlearnapp.arcsquestion",
    "pk": 12,
    "fields": {
      "questionnaire": 1,
      "text": "Saya merasa mampu menyelesaikan tugas-tugas jaringan komputer",
      "dimension": "confidence",
      "question_type": "likert_5",
      "order": 12,
      "is_required": true,
      "scale_min": 1,
      "scale_max": 5,
      "scale_label_min": "Sangat Tidak Setuju",
      "scale_label_max": "Sangat Setuju",
      "created_at": "2025-07-01T06:00:00Z",
      "updated_at": "2025-07-01T06:00:00Z"
    }
  },
  {
    "model": "pramlearnapp.arcsquestion",
    "pk": 13,
    "fields": {
      "questionnaire": 1,
      "text": "Saya percaya diri dengan kemampuan belajar saya",
      "dimension": "confidence",
      "question_type": "likert_5",
      "order": 13,
      "is_required": true,
      "scale_min": 1,
      "scale_max": 5,
      "scale_label_min": "Sangat Tidak Setuju",
      "scale_label_max": "Sangat Setuju",
      "created_at": "2025-07-01T06:00:00Z",
      "updated_at": "2025-07-01T06:00:00Z"
    }
  },
  {
    "model": "pramlearnapp.arcsquestion",
    "pk": 14,
    "fields": {
      "questionnaire": 1,
      "text": "Materi jaringan komputer tidak terlalu sulit bagi saya",
      "dimension": "confidence",
      "question_type": "likert_5",
      "order": 14,
      "is_required": true,
      "scale_min": 1,
      "scale_max": 5,
      "scale_label_min": "Sangat Tidak Setuju",
      "scale_label_max": "Sangat Setuju",
      "created_at": "2025-07-01T06:00:00Z",
      "updated_at": "2025-07-01T06:00:00Z"
    }
  },
  {
    "model": "pramlearnapp.arcsquestion",
    "pk": 15,
    "fields": {
      "questionnaire": 1,
      "text": "Saya optimis akan berhasil dalam pembelajaran ini",
      "dimension": "confidence",
      "question_type": "likert_5",
      "order": 15,
      "is_required": true,
      "scale_min": 1,
      "scale_max": 5,
      "scale_label_min": "Sangat Tidak Setuju",
      "scale_label_max": "Sangat Setuju",
      "created_at": "2025-07-01T06:00:00Z",
      "updated_at": "2025-07-01T06:00:00Z"
    }
  },
  {
    "model": "pramlearnapp.arcsquestion",
    "pk": 16,
    "fields": {
      "questionnaire": 1,
      "text": "Saya merasa puas dengan cara pembelajaran jaringan komputer",
      "dimension": "satisfaction",
      "question_type": "likert_5",
      "order": 16,
      "is_required": true,
      "scale_min": 1,
      "scale_max": 5,
      "scale_label_min": "Sangat Tidak Setuju",
      "scale_label_max": "Sangat Setuju",
      "created_at": "2025-07-01T06:00:00Z",
      "updated_at": "2025-07-01T06:00:00Z"
    }
  },
  {
    "model": "pramlearnapp.arcsquestion",
    "pk": 17,
    "fields": {
      "questionnaire": 1,
      "text": "Pembelajaran ini membuat saya senang",
      "dimension": "satisfaction",
      "question_type": "likert_5",
      "order": 17,
      "is_required": true,
      "scale_min": 1,
      "scale_max": 5,
      "scale_label_min": "Sangat Tidak Setuju",
      "scale_label_max": "Sangat Setuju",
      "created_at": "2025-07-01T06:00:00Z",
      "updated_at": "2025-07-01T06:00:00Z"
    }
  },
  {
    "model": "pramlearnapp.arcsquestion",
    "pk": 18,
    "fields": {
      "questionnaire": 1,
      "text": "Saya mendapat kepuasan dari belajar jaringan komputer",
      "dimension": "satisfaction",
      "question_type": "likert_5",
      "order": 18,
      "is_required": true,
      "scale_min": 1,
      "scale_max": 5,
      "scale_label_min": "Sangat Tidak Setuju",
      "scale_label_max": "Sangat Setuju",
      "created_at": "2025-07-01T06:00:00Z",
      "updated_at": "2025-07-01T06:00:00Z"
    }
  },
  {
    "model": "pramlearnapp.arcsquestion",
    "pk": 19,
    "fields": {
      "questionnaire": 1,
      "text": "Aktivitas pembelajaran ini menyenangkan",
      "dimension": "satisfaction",
      "question_type": "likert_5",
      "order": 19,
      "is_required": true,
      "scale_min": 1,
      "scale_max": 5,
      "scale_label_min": "Sangat Tidak Setuju",
      "scale_label_max": "Sangat Setuju",
      "created_at": "2025-07-01T06:00:00Z",
      "updated_at": "2025-07-01T06:00:00Z"
    }
  },
  {
    "model": "pramlearnapp.arcsquestion",
    "pk": 20,
    "fields": {
      "questionnaire": 1,
      "text": "Saya merasa bangga ketika memahami konsep jaringan komputer",
      "dimension": "satisfaction",
      "question_type": "likert_5",
      "order": 20,
      "is_required": true,
      "scale_min": 1,
      "scale_max": 5,
      "scale_label_min": "Sangat Tidak Setuju",
      "scale_label_max": "Sangat Setuju",
      "created_at": "2025-07-01T06:00:00Z",
      "updated_at": "2025-07-01T06:00:00Z"
    }
  },
  {
    "model": "pramlearnapp.arcsresponse",
    "pk": 1,
    "fields": {
      "questionnaire": 1,
      "student": 3,
      "submitted_at": "2025-07-01T08:30:00Z",
      "completed_at": "2025-07-01T08:45:00Z",
      "is_completed": true
    }
  },
  {
    "model": "pramlearnapp.arcsresponse",
    "pk": 2,
    "fields": {
      "questionnaire": 1,
      "student": 4,
      "submitted_at": "2025-07-01T08:30:00Z",
      "completed_at": "2025-07-01T08:45:00Z",
      "is_completed": true
    }
  },
  {
    "model": "pramlearnapp.arcsresponse",
    "pk": 3,
    "fields": {
      "questionnaire": 1,
      "student": 5,
      "submitted_at": "2025-07-01T08:30:00Z",
      "completed_at": "2025-07-01T08:45:00Z",
      "is_completed": true
    }
  },
  {
    "model": "pramlearnapp.arcsresponse",
    "pk": 4,
    "fields": {
      "questionnaire": 1,
      "student": 6,
      "submitted_at": "2025-07-01T08:30:00Z",
      "completed_at": "2025-07-01T08:45:00Z",
      "is_completed": true
    }
  },
  {
    "model": "pramlearnapp.arcsresponse",
    "pk": 5,
    "fields": {
      "questionnaire": 1,
      "student": 7,
      "submitted_at": "2025-07-01T08:30:00Z",
      "completed_at": "2025-07-01T08:45:00Z",
      "is_completed": true
    }
  },
  {
    "model": "pramlearnapp.arcsresponse",
    "pk": 6,
    "fields": {
      "questionnaire": 1,
      "student": 8,
      "submitted_at": "2025-07-01T08:30:00Z",
      "completed_at": "2025-07-01T08:45:00Z",
      "is_completed": true
    }
  },
  {
    "model": "pramlearnapp.arcsresponse",
    "pk": 7,
    "fields": {
      "questionnaire": 1,
      "student": 9,
      "submitted_at": "2025-07-01T08:30:00Z",
      "completed_at": "2025-07-01T08:45:00Z",
      "is_completed": true
    }
  },
  {
    "model": "pramlearnapp.arcsresponse",
    "pk": 8,
    "fields": {
      "questionnaire": 1,
      "student": 10,
      "submitted_at": "2025-07-01T08:30:00Z",
      "completed_at": "2025-07-01T08:45:00Z",
      "is_completed": true
    }
  },
  {
    "model": "pramlearnapp.arcsresponse",
    "pk": 9,
    "fields": {
      "questionnaire": 1,
      "student": 11,
      "submitted_at": "2025-07-01T08:30:00Z",
      "completed_at": "2025-07-01T08:45:00Z",
      "is_completed": true
    }
  },
  {
    "model": "pramlearnapp.arcsresponse",
    "pk": 10,
    "fields": {
      "questionnaire": 1,
      "student": 12,
      "submitted_at": "2025-07-01T08:30:00Z",
      "completed_at": "2025-07-01T08:45:00Z",
      "is_completed": true
    }
  },
  {
    "model": "pramlearnapp.arcsresponse",
    "pk": 11,
    "fields": {
      "questionnaire": 1,
      "student": 13,
      "submitted_at": "2025-07-01T08:30:00Z",
      "completed_at": "2025-07-01T08:45:00Z",
      "is_completed": true
    }
  },
  {
    "model": "pramlearnapp.arcsresponse",
    "pk": 12,
    "fields": {
      "questionnaire": 1,
      "student": 14,
      "submitted_at": "2025-07-01T08:30:00Z",
      "completed_at": "2025-07-01T08:45:00Z",
      "is_completed": true
    }
  },
  {
    "model": "pramlearnapp.arcsresponse",
    "pk": 13,
    "fields": {
      "questionnaire": 1,
      "student": 15,
      "submitted_at": "2025-07-01T08:30:00Z",
      "completed_at": "2025-07-01T08:45:00Z",
      "is_completed": true
    }
  },
  {
    "model": "pramlearnapp.arcsresponse",
    "pk": 14,
    "fields": {
      "questionnaire": 1,
      "student": 16,
      "submitted_at": "2025-07-01T08:30:00Z",
      "completed_at": "2025-07-01T08:45:00Z",
      "is_completed": true
    }
  },
  {
    "model": "pramlearnapp.arcsresponse",
    "pk": 15,
    "fields": {
      "questionnaire": 1,
      "student": 17,
      "submitted_at": "2025-07-01T08:30:00Z",
      "completed_at": "2025-07-01T08:45:00Z",
      "is_completed": true
    }
  },
  {
    "model": "pramlearnapp.arcsresponse",
    "pk": 16,
    "fields": {
      "questionnaire": 1,
      "student": 18,
      "submitted_at": "2025-07-01T08:30:00Z",
      "completed_at": "2025-07-01T08:45:00Z",
      "is_completed": true
    }
  },
  {
    "model": "pramlearnapp.arcsresponse",
    "pk": 17,
    "fields": {
      "questionnaire": 1,
      "student": 19,
      "submitted_at": "2025-07-01T08:30:00Z",
      "completed_at": "2025-07-01T08:45:00Z",
      "is_completed": true
    }
  },
  {
    "model": "pramlearnapp.arcsresponse",
    "pk": 18,
    "fields": {
      "questionnaire": 1,
      "student": 20,
      "submitted_at": "2025-07-01T08:30:00Z",
      "completed_at": "2025-07-01T08:45:00Z",
      "is_completed": true
    }
  },
  {
    "model": "pramlearnapp.arcsresponse",
    "pk": 19,
    "fields": {
      "questionnaire": 1,
      "student": 21,
      "submitted_at": "2025-07-01T08:30:00Z",
      "completed_at": "2025-07-01T08:45:00Z",
      "is_completed": true
    }
  },
  {
    "model": "pramlearnapp.arcsresponse",
    "pk": 20,
    "fields": {
      "questionnaire": 1,
      "student": 22,
      "submitted_at": "2025-07-01T08:30:00Z",
      "completed_at": "2025-07-01T08:45:00Z",
      "is_completed": true
    }
  },
  {
    "model": "pramlearnapp.arcsresponse",
    "pk": 21,
    "fields": {
      "questionnaire": 1,
      "student": 23,
      "submitted_at": "2025-07-01T08:30:00Z",
      "completed_at": "2025-07-01T08:45:00Z",
      "is_completed": true
    }
  },
  {
    "model": "pramlearnapp.arcsresponse",
    "pk": 22,
    "fields": {
      "questionnaire": 1,
      "student": 24,
      "submitted_at": "2025-07-01T08:30:00Z",
      "completed_at": "2025-07-01T08:45:00Z",
      "is_completed": true
    }
  },
  {
    "model": "pramlearnapp.arcsresponse",
    "pk": 23,
    "fields": {
      "questionnaire": 1,
      "student": 25,
      "submitted_at": "2025-07-01T08:30:00Z",
      "completed_at": "2025-07-01T08:45:00Z",
      "is_completed": true
    }
  },
  {
    "model": "pramlearnapp.arcsresponse",
    "pk": 24,
    "fields": {
      "questionnaire": 1,
      "student": 26,
      "submitted_at": "2025-07-01T08:30:00Z",
      "completed_at": "2025-07-01T08:45:00Z",
      "is_completed": true
    }
  },
  {
    "model": "pramlearnapp.arcsresponse",
    "pk": 25,
    "fields": {
      "questionnaire": 1,
      "student": 27,
      "submitted_at": "2025-07-01T08:30:00Z",
      "completed_at": "2025-07-01T08:45:00Z",
      "is_completed": true
    }
  },
  {
    "model": "pramlearnapp.arcsresponse",
    "pk": 26,
    "fields": {
      "questionnaire": 1,
      "student": 28,
      "submitted_at": "2025-07-01T08:30:00Z",
      "completed_at": "2025-07-01T08:45:00Z",
      "is_completed": true
    }
  },
  {
    "model": "pramlearnapp.arcsresponse",
    "pk": 27,
    "fields": {
      "questionnaire": 1,
      "student": 29,
      "submitted_at": "2025-07-01T08:30:00Z",
      "completed_at": "2025-07-01T08:45:00Z",
      "is_completed": true
    }
  },
  {
    "model": "pramlearnapp.arcsresponse",
    "pk": 28,
    "fields": {
      "questionnaire": 1,
      "student": 30,
      "submitted_at": "2025-07-01T08:30:00Z",
      "completed_at": "2025-07-01T08:45:00Z",
      "is_completed": true
    }
  },
  {
    "model": "pramlearnapp.arcsresponse",
    "pk": 29,
    "fields": {
      "questionnaire": 1,
      "student": 31,
      "submitted_at": "2025-07-01T08:30:00Z",
      "completed_at": "2025-07-01T08:45:00Z",
      "is_completed": true
    }
  },
  {
    "model": "pramlearnapp.arcsresponse",
    "pk": 30,
    "fields": {
      "questionnaire": 1,
      "student": 32,
      "submitted_at": "2025-07-01T08:30:00Z",
      "completed_at": "2025-07-01T08:45:00Z",
      "is_completed": true
    }
  },
  {
    "model": "pramlearnapp.arcsresponse",
    "pk": 31,
    "fields": {
      "questionnaire": 1,
      "student": 33,
      "submitted_at": "2025-07-01T08:30:00Z",
      "completed_at": "2025-07-01T08:45:00Z",
      "is_completed": true
    }
  },
  {
    "model": "pramlearnapp.arcsresponse",
    "pk": 32,
    "fields": {
      "questionnaire": 1,
      "student": 34,
      "submitted_at": "2025-07-01T08:30:00Z",
      "completed_at": "2025-07-01T08:45:00Z",
      "is_completed": true
    }
  },
  {
    "model": "pramlearnapp.arcsresponse",
    "pk": 33,
    "fields": {
      "questionnaire": 1,
      "student": 35,
      "submitted_at": "2025-07-01T08:30:00Z",
      "completed_at": "2025-07-01T08:45:00Z",
      "is_completed": true
    }
  },
  {
    "model": "pramlearnapp.arcsresponse",
    "pk": 34,
    "fields": {
      "questionnaire": 1,
      "student": 36,
      "submitted_at": "2025-07-01T08:30:00Z",
      "completed_at": "2025-07-01T08:45:00Z",
      "is_completed": true
    }
  },
  {
    "model": "pramlearnapp.arcsanswer",
    "pk": 1,
    "fields": {
      "response": 1,
      "question": 1,
      "likert_value": 5,
      "choice_value": null,
      "text_value": null,
      "answered_at": "2025-07-01T08:35:00Z"
    }
  },
  {
    "model": "pramlearnapp.arcsanswer",
    "pk": 2,
    "fields": {
      "response": 1,
      "question": 2,
      "likert_value": 5,
      "choice_value": null,
      "text_value": null,
      "answered_at": "2025-07-01T08:35:00Z"
    }
  },
  {
    "model": "pramlearnapp.arcsanswer",
    "pk": 3,
    "fields": {
      "response": 1,
      "question": 3,
      "likert_value": 5,
      "choice_value": null,
      "text_value": null,
      "answered_at": "2025-07-01T08:35:00Z"
    }
  },
  {
    "model": "pramlearnapp.arcsanswer",
    "pk": 4,
    "fields": {
      "response": 1,
      "question": 4,
      "likert_value": 5,
      "choice_value": null,
      "text_value": null,
      "answered_at": "2025-07-01T08:35:00Z"
    }
  },
  {
    "model": "pramlearnapp.arcsanswer",
    "pk": 5,
    "fields": {
      "response": 1,
      "question": 5,
      "likert_value": 5,
      "choice_value": null,
      "text_value": null,
      "answered_at": "2025-07-01T08:35:00Z"
    }
  },
  {
    "model": "pramlearnapp.arcsanswer",
    "pk": 6,
    "fields": {
      "response": 1,
      "question": 6,
      "likert_value": 3,
      "choice_value": null,
      "text_value": null,
      "answered_at": "2025-07-01T08:35:00Z"
    }
  },
  {
    "model": "pramlearnapp.arcsanswer",
    "pk": 7,
    "fields": {
      "response": 1,
      "question": 7,
      "likert_value": 4,
      "choice_value": null,
      "text_value": null,
      "answered_at": "2025-07-01T08:35:00Z"
    }
  },
  {
    "model": "pramlearnapp.arcsanswer",
    "pk": 8,
    "fields": {
      "response": 1,
      "question": 8,
      "likert_value": 3,
      "choice_value": null,
      "text_value": null,
      "answered_at": "2025-07-01T08:35:00Z"
    }
  },
  {
    "model": "pramlearnapp.arcsanswer",
    "pk": 9,
    "fields": {
      "response": 1,
      "question": 9,
      "likert_value": 5,
      "choice_value": null,
      "text_value": null,
      "answered_at": "2025-07-01T08:35:00Z"
    }
  },
  {
    "model": "pramlearnapp.arcsanswer",
    "pk": 10,
    "fields": {
      "response": 1,
      "question": 10,
      "likert_value": 3,
      "choice_value": null,
      "text_value": null,
      "answered_at": "2025-07-01T08:35:00Z"
    }
  },
  {
    "model": "pramlearnapp.arcsanswer",
    "pk": 11,
    "fields": {
      "response": 1,
      "question": 11,
      "likert_value": 2,
      "choice_value": null,
      "text_value": null,
      "answered_at": "2025-07-01T08:35:00Z"
    }
  },
  {
    "model": "pramlearnapp.arcsanswer",
    "pk": 12,
    "fields": {
      "response": 1,
      "question": 12,
      "likert_value": 4,
      "choice_value": null,
      "text_value": null,
      "answered_at": "2025-07-01T08:35:00Z"
    }
  },
  {
    "model": "pramlearnapp.arcsanswer",
    "pk": 13,
    "fields": {
      "response": 1,
      "question": 13,
      "likert_value": 4,
      "choice_value": null,
      "text_value": null,
      "answered_at": "2025-07-01T08:35:00Z"
    }
  },
  {
    "model": "pramlearnapp.arcsanswer",
    "pk": 14,
    "fields": {
      "response": 1,
      "question": 14,
      "likert_value": 5,
      "choice_value": null,
      "text_value": null,
      "answered_at": "2025-07-01T08:35:00Z"
    }
  },
  {
    "model": "pramlearnapp.arcsanswer",
    "pk": 15,
    "fields": {
      "response": 1,
      "question": 15,
      "likert_value": 4,
      "choice_value": null,
      "text_value": null,
      "answered_at": "2025-07-01T08:35:00Z"
    }
  },
  {
    "model": "pramlearnapp.arcsanswer",
    "pk": 16,
    "fields": {
      "response": 1,
      "question": 16,
      "likert_value": 3,
      "choice_value": null,
      "text_value": null,
      "answered_at": "2025-07-01T08:35:00Z"
    }
  },
  {
    "model": "pramlearnapp.arcsanswer",
    "pk": 17,
    "fields": {
      "response": 1,
      "question": 17,
      "likert_value": 5,
      "choice_value": null,
      "text_value": null,
      "answered_at": "2025-07-01T08:35:00Z"
    }
  },
  {
    "model": "pramlearnapp.arcsanswer",
    "pk": 18,
    "fields": {
      "response": 1,
      "question": 18,
      "likert_value": 3,
      "choice_value": null,
      "text_value": null,
      "answered_at": "2025-07-01T08:35:00Z"
    }
  },
  {
    "model": "pramlearnapp.arcsanswer",
    "pk": 19,
    "fields": {
      "response": 1,
      "question": 19,
      "likert_value": 3,
      "choice_value": null,
      "text_value": null,
      "answered_at": "2025-07-01T08:35:00Z"
    }
  },
  {
    "model": "pramlearnapp.arcsanswer",
    "pk": 20,
    "fields": {
      "response": 1,
      "question": 20,
      "likert_value": 3,
      "choice_value": null,
      "text_value": null,
      "answered_at": "2025-07-01T08:35:00Z"
    }
  },
  {
    "model": "pramlearnapp.arcsanswer",
    "pk": 21,
    "fields": {
      "response": 2,
      "question": 1,
      "likert_value": 4,
      "choice_value": null,
      "text_value": null,
      "answered_at": "2025-07-01T08:35:00Z"
    }
  },
  {
    "model": "pramlearnapp.arcsanswer",
    "pk": 22,
    "fields": {
      "response": 2,
      "question": 2,
      "likert_value": 5,
      "choice_value": null,
      "text_value": null,
      "answered_at": "2025-07-01T08:35:00Z"
    }
  },
  {
    "model": "pramlearnapp.arcsanswer",
    "pk": 23,
    "fields": {
      "response": 2,
      "question": 3,
      "likert_value": 5,
      "choice_value": null,
      "text_value": null,
      "answered_at": "2025-07-01T08:35:00Z"
    }
  },
  {
    "model": "pramlearnapp.arcsanswer",
    "pk": 24,
    "fields": {
      "response": 2,
      "question": 4,
      "likert_value": 5,
      "choice_value": null,
      "text_value": null,
      "answered_at": "2025-07-01T08:35:00Z"
    }
  },
  {
    "model": "pramlearnapp.arcsanswer",
    "pk": 25,
    "fields": {
      "response": 2,
      "question": 5,
      "likert_value": 5,
      "choice_value": null,
      "text_value": null,
      "answered_at": "2025-07-01T08:35:00Z"
    }
  },
  {
    "model": "pramlearnapp.arcsanswer",
    "pk": 26,
    "fields": {
      "response": 2,
      "question": 6,
      "likert_value": 3,
      "choice_value": null,
      "text_value": null,
      "answered_at": "2025-07-01T08:35:00Z"
    }
  },
  {
    "model": "pramlearnapp.arcsanswer",
    "pk": 27,
    "fields": {
      "response": 2,
      "question": 7,
      "likert_value": 5,
      "choice_value": null,
      "text_value": null,
      "answered_at": "2025-07-01T08:35:00Z"
    }
  },
  {
    "model": "pramlearnapp.arcsanswer",
    "pk": 28,
    "fields": {
      "response": 2,
      "question": 8,
      "likert_value": 4,
      "choice_value": null,
      "text_value": null,
      "answered_at": "2025-07-01T08:35:00Z"
    }
  },
  {
    "model": "pramlearnapp.arcsanswer",
    "pk": 29,
    "fields": {
      "response": 2,
      "question": 9,
      "likert_value": 4,
      "choice_value": null,
      "text_value": null,
      "answered_at": "2025-07-01T08:35:00Z"
    }
  },
  {
    "model": "pramlearnapp.arcsanswer",
    "pk": 30,
    "fields": {
      "response": 2,
      "question": 10,
      "likert_value": 4,
      "choice_value": null,
      "text_value": null,
      "answered_at": "2025-07-01T08:35:00Z"
    }
  },
  {
    "model": "pramlearnapp.arcsanswer",
    "pk": 31,
    "fields": {
      "response": 2,
      "question": 11,
      "likert_value": 4,
      "choice_value": null,
      "text_value": null,
      "answered_at": "2025-07-01T08:35:00Z"
    }
  },
  {
    "model": "pramlearnapp.arcsanswer",
    "pk": 32,
    "fields": {
      "response": 2,
      "question": 12,
      "likert_value": 3,
      "choice_value": null,
      "text_value": null,
      "answered_at": "2025-07-01T08:35:00Z"
    }
  },
  {
    "model": "pramlearnapp.arcsanswer",
    "pk": 33,
    "fields": {
      "response": 2,
      "question": 13,
      "likert_value": 4,
      "choice_value": null,
      "text_value": null,
      "answered_at": "2025-07-01T08:35:00Z"
    }
  },
  {
    "model": "pramlearnapp.arcsanswer",
    "pk": 34,
    "fields": {
      "response": 2,
      "question": 14,
      "likert_value": 4,
      "choice_value": null,
      "text_value": null,
      "answered_at": "2025-07-01T08:35:00Z"
    }
  },
  {
    "model": "pramlearnapp.arcsanswer",
    "pk": 35,
    "fields": {
      "response": 2,
      "question": 15,
      "likert_value": 5,
      "choice_value": null,
      "text_value": null,
      "answered_at": "2025-07-01T08:35:00Z"
    }
  },
  {
    "model": "pramlearnapp.arcsanswer",
    "pk": 36,
    "fields": {
      "response": 2,
      "question": 16,
      "likert_value": 5,
      "choice_value": null,
      "text_value": null,
      "answered_at": "2025-07-01T08:35:00Z"
    }
  },
  {
    "model": "pramlearnapp.arcsanswer",
    "pk": 37,
    "fields": {
      "response": 2,
      "question": 17,
      "likert_value": 4,
      "choice_value": null,
      "text_value": null,
      "answered_at": "2025-07-01T08:35:00Z"
    }
  },
  {
    "model": "pramlearnapp.arcsanswer",
    "pk": 38,
    "fields": {
      "response": 2,
      "question": 18,
      "likert_value": 4,
      "choice_value": null,
      "text_value": null,
      "answered_at": "2025-07-01T08:35:00Z"
    }
  },
  {
    "model": "pramlearnapp.arcsanswer",
    "pk": 39,
    "fields": {
      "response": 2,
      "question": 19,
      "likert_value": 5,
      "choice_value": null,
      "text_value": null,
      "answered_at": "2025-07-01T08:35:00Z"
    }
  },
  {
    "model": "pramlearnapp.arcsanswer",
    "pk": 40,
    "fields": {
      "response": 2,
      "question": 20,
      "likert_value": 2,
      "choice_value": null,
      "text_value": null,
      "answered_at": "2025-07-01T08:35:00Z"
    }
  },
  {
    "model": "pramlearnapp.arcsanswer",
    "pk": 41,
    "fields": {
      "response": 3,
      "question": 1,
      "likert_value": 4,
      "choice_value": null,
      "text_value": null,
      "answered_at": "2025-07-01T08:35:00Z"
    }
  },
  {
    "model": "pramlearnapp.arcsanswer",
    "pk": 42,
    "fields": {
      "response": 3,
      "question": 2,
      "likert_value": 3,
      "choice_value": null,
      "text_value": null,
      "answered_at": "2025-07-01T08:35:00Z"
    }
  },
  {
    "model": "pramlearnapp.arcsanswer",
    "pk": 43,
    "fields": {
      "response": 3,
      "question": 3,
      "likert_value": 4,
      "choice_value": null,
      "text_value": null,
      "answered_at": "2025-07-01T08:35:00Z"
    }
  },
  {
    "model": "pramlearnapp.arcsanswer",
    "pk": 44,
    "fields": {
      "response": 3,
      "question": 4,
      "likert_value": 4,
      "choice_value": null,
      "text_value": null,
      "answered_at": "2025-07-01T08:35:00Z"
    }
  },
  {
    "model": "pramlearnapp.arcsanswer",
    "pk": 45,
    "fields": {
      "response": 3,
      "question": 5,
      "likert_value": 4,
      "choice_value": null,
      "text_value": null,
      "answered_at": "2025-07-01T08:35:00Z"
    }
  },
  {
    "model": "pramlearnapp.arcsanswer",
    "pk": 46,
    "fields": {
      "response": 3,
      "question": 6,
      "likert_value": 5,
      "choice_value": null,
      "text_value": null,
      "answered_at": "2025-07-01T08:35:00Z"
    }
  },
  {
    "model": "pramlearnapp.arcsanswer",
    "pk": 47,
    "fields": {
      "response": 3,
      "question": 7,
      "likert_value": 4,
      "choice_value": null,
      "text_value": null,
      "answered_at": "2025-07-01T08:35:00Z"
    }
  },
  {
    "model": "pramlearnapp.arcsanswer",
    "pk": 48,
    "fields": {
      "response": 3,
      "question": 8,
      "likert_value": 3,
      "choice_value": null,
      "text_value": null,
      "answered_at": "2025-07-01T08:35:00Z"
    }
  },
  {
    "model": "pramlearnapp.arcsanswer",
    "pk": 49,
    "fields": {
      "response": 3,
      "question": 9,
      "likert_value": 5,
      "choice_value": null,
      "text_value": null,
      "answered_at": "2025-07-01T08:35:00Z"
    }
  },
  {
    "model": "pramlearnapp.arcsanswer",
    "pk": 50,
    "fields": {
      "response": 3,
      "question": 10,
      "likert_value": 3,
      "choice_value": null,
      "text_value": null,
      "answered_at": "2025-07-01T08:35:00Z"
    }
  },
  {
    "model": "pramlearnapp.arcsanswer",
    "pk": 51,
    "fields": {
      "response": 3,
      "question": 11,
      "likert_value": 4,
      "choice_value": null,
      "text_value": null,
      "answered_at": "2025-07-01T08:35:00Z"
    }
  },
  {
    "model": "pramlearnapp.arcsanswer",
    "pk": 52,
    "fields": {
      "response": 3,
      "question": 12,
      "likert_value": 2,
      "choice_value": null,
      "text_value": null,
      "answered_at": "2025-07-01T08:35:00Z"
    }
  },
  {
    "model": "pramlearnapp.arcsanswer",
    "pk": 53,
    "fields": {
      "response": 3,
      "question": 13,
      "likert_value": 4,
      "choice_value": null,
      "text_value": null,
      "answered_at": "2025-07-01T08:35:00Z"
    }
  },
  {
    "model": "pramlearnapp.arcsanswer",
    "pk": 54,
    "fields": {
      "response": 3,
      "question": 14,
      "likert_value": 3,
      "choice_value": null,
      "text_value": null,
      "answered_at": "2025-07-01T08:35:00Z"
    }
  },
  {
    "model": "pramlearnapp.arcsanswer",
    "pk": 55,
    "fields": {
      "response": 3,
      "question": 15,
      "likert_value": 2,
      "choice_value": null,
      "text_value": null,
      "answered_at": "2025-07-01T08:35:00Z"
    }
  },
  {
    "model": "pramlearnapp.arcsanswer",
    "pk": 56,
    "fields": {
      "response": 3,
      "question": 16,
      "likert_value": 4,
      "choice_value": null,
      "text_value": null,
      "answered_at": "2025-07-01T08:35:00Z"
    }
  },
  {
    "model": "pramlearnapp.arcsanswer",
    "pk": 57,
    "fields": {
      "response": 3,
      "question": 17,
      "likert_value": 4,
      "choice_value": null,
      "text_value": null,
      "answered_at": "2025-07-01T08:35:00Z"
    }
  },
  {
    "model": "pramlearnapp.arcsanswer",
    "pk": 58,
    "fields": {
      "response": 3,
      "question": 18,
      "likert_value": 4,
      "choice_value": null,
      "text_value": null,
      "answered_at": "2025-07-01T08:35:00Z"
    }
  },
  {
    "model": "pramlearnapp.arcsanswer",
    "pk": 59,
    "fields": {
      "response": 3,
      "question": 19,
      "likert_value": 2,
      "choice_value": null,
      "text_value": null,
      "answered_at": "2025-07-01T08:35:00Z"
    }
  },
  {
    "model": "pramlearnapp.arcsanswer",
    "pk": 60,
    "fields": {
      "response": 3,
      "question": 20,
      "likert_value": 3,
      "choice_value": null,
      "text_value": null,
      "answered_at": "2025-07-01T08:35:00Z"
    }
  },
  {
    "model": "pramlearnapp.arcsanswer",
    "pk": 61,
    "fields": {
      "response": 4,
      "question": 1,
      "likert_value": 4,
      "choice_value": null,
      "text_value": null,
      "answered_at": "2025-07-01T08:35:00Z"
    }
  },
  {
    "model": "pramlearnapp.arcsanswer",
    "pk": 62,
    "fields": {
      "response": 4,
      "question": 2,
      "likert_value": 4,
      "choice_value": null,
      "text_value": null,
      "answered_at": "2025-07-01T08:35:00Z"
    }
  },
  {
    "model": "pramlearnapp.arcsanswer",
    "pk": 63,
    "fields": {
      "response": 4,
      "question": 3,
      "likert_value": 4,
      "choice_value": null,
      "text_value": null,
      "answered_at": "2025-07-01T08:35:00Z"
    }
  },
  {
    "model": "pramlearnapp.arcsanswer",
    "pk": 64,
    "fields": {
      "response": 4,
      "question": 4,
      "likert_value": 5,
      "choice_value": null,
      "text_value": null,
      "answered_at": "2025-07-01T08:35:00Z"
    }
  },
  {
    "model": "pramlearnapp.arcsanswer",
    "pk": 65,
    "fields": {
      "response": 4,
      "question": 5,
      "likert_value": 4,
      "choice_value": null,
      "text_value": null,
      "answered_at": "2025-07-01T08:35:00Z"
    }
  },
  {
    "model": "pramlearnapp.arcsanswer",
    "pk": 66,
    "fields": {
      "response": 4,
      "question": 6,
      "likert_value": 4,
      "choice_value": null,
      "text_value": null,
      "answered_at": "2025-07-01T08:35:00Z"
    }
  },
  {
    "model": "pramlearnapp.arcsanswer",
    "pk": 67,
    "fields": {
      "response": 4,
      "question": 7,
      "likert_value": 5,
      "choice_value": null,
      "text_value": null,
      "answered_at": "2025-07-01T08:35:00Z"
    }
  },
  {
    "model": "pramlearnapp.arcsanswer",
    "pk": 68,
    "fields": {
      "response": 4,
      "question": 8,
      "likert_value": 4,
      "choice_value": null,
      "text_value": null,
      "answered_at": "2025-07-01T08:35:00Z"
    }
  },
  {
    "model": "pramlearnapp.arcsanswer",
    "pk": 69,
    "fields": {
      "response": 4,
      "question": 9,
      "likert_value": 5,
      "choice_value": null,
      "text_value": null,
      "answered_at": "2025-07-01T08:35:00Z"
    }
  },
  {
    "model": "pramlearnapp.arcsanswer",
    "pk": 70,
    "fields": {
      "response": 4,
      "question": 10,
      "likert_value": 5,
      "choice_value": null,
      "text_value": null,
      "answered_at": "2025-07-01T08:35:00Z"
    }
  },
  {
    "model": "pramlearnapp.arcsanswer",
    "pk": 71,
    "fields": {
      "response": 4,
      "question": 11,
      "likert_value": 3,
      "choice_value": null,
      "text_value": null,
      "answered_at": "2025-07-01T08:35:00Z"
    }
  },
  {
    "model": "pramlearnapp.arcsanswer",
    "pk": 72,
    "fields": {
      "response": 4,
      "question": 12,
      "likert_value": 4,
      "choice_value": null,
      "text_value": null,
      "answered_at": "2025-07-01T08:35:00Z"
    }
  },
  {
    "model": "pramlearnapp.arcsanswer",
    "pk": 73,
    "fields": {
      "response": 4,
      "question": 13,
      "likert_value": 5,
      "choice_value": null,
      "text_value": null,
      "answered_at": "2025-07-01T08:35:00Z"
    }
  },
  {
    "model": "pramlearnapp.arcsanswer",
    "pk": 74,
    "fields": {
      "response": 4,
      "question": 14,
      "likert_value": 2,
      "choice_value": null,
      "text_value": null,
      "answered_at": "2025-07-01T08:35:00Z"
    }
  },
  {
    "model": "pramlearnapp.arcsanswer",
    "pk": 75,
    "fields": {
      "response": 4,
      "question": 15,
      "likert_value": 4,
      "choice_value": null,
      "text_value": null,
      "answered_at": "2025-07-01T08:35:00Z"
    }
  },
  {
    "model": "pramlearnapp.arcsanswer",
    "pk": 76,
    "fields": {
      "response": 4,
      "question": 16,
      "likert_value": 5,
      "choice_value": null,
      "text_value": null,
      "answered_at": "2025-07-01T08:35:00Z"
    }
  },
  {
    "model": "pramlearnapp.arcsanswer",
    "pk": 77,
    "fields": {
      "response": 4,
      "question": 17,
      "likert_value": 4,
      "choice_value": null,
      "text_value": null,
      "answered_at": "2025-07-01T08:35:00Z"
    }
  },
  {
    "model": "pramlearnapp.arcsanswer",
    "pk": 78,
    "fields": {
      "response": 4,
      "question": 18,
      "likert_value": 5,
      "choice_value": null,
      "text_value": null,
      "answered_at": "2025-07-01T08:35:00Z"
    }
  },
  {
    "model": "pramlearnapp.arcsanswer",
    "pk": 79,
    "fields": {
      "response": 4,
      "question": 19,
      "likert_value": 5,
      "choice_value": null,
      "text_value": null,
      "answered_at": "2025-07-01T08:35:00Z"
    }
  },
  {
    "model": "pramlearnapp.arcsanswer",
    "pk": 80,
    "fields": {
      "response": 4,
      "question": 20,
      "likert_value": 5,
      "choice_value": null,
      "text_value": null,
      "answered_at": "2025-07-01T08:35:00Z"
    }
  },
  {
    "model": "pramlearnapp.arcsanswer",
    "pk": 81,
    "fields": {
      "response": 5,
      "question": 1,
      "likert_value": 3,
      "choice_value": null,
      "text_value": null,
      "answered_at": "2025-07-01T08:35:00Z"
    }
  },
  {
    "model": "pramlearnapp.arcsanswer",
    "pk": 82,
    "fields": {
      "response": 5,
      "question": 2,
      "likert_value": 5,
      "choice_value": null,
      "text_value": null,
      "answered_at": "2025-07-01T08:35:00Z"
    }
  },
  {
    "model": "pramlearnapp.arcsanswer",
    "pk": 83,
    "fields": {
      "response": 5,
      "question": 3,
      "likert_value": 3,
      "choice_value": null,
      "text_value": null,
      "answered_at": "2025-07-01T08:35:00Z"
    }
  },
  {
    "model": "pramlearnapp.arcsanswer",
    "pk": 84,
    "fields": {
      "response": 5,
      "question": 4,
      "likert_value": 5,
      "choice_value": null,
      "text_value": null,
      "answered_at": "2025-07-01T08:35:00Z"
    }
  },
  {
    "model": "pramlearnapp.arcsanswer",
    "pk": 85,
    "fields": {
      "response": 5,
      "question": 5,
      "likert_value": 4,
      "choice_value": null,
      "text_value": null,
      "answered_at": "2025-07-01T08:35:00Z"
    }
  },
  {
    "model": "pramlearnapp.arcsanswer",
    "pk": 86,
    "fields": {
      "response": 5,
      "question": 6,
      "likert_value": 5,
      "choice_value": null,
      "text_value": null,
      "answered_at": "2025-07-01T08:35:00Z"
    }
  },
  {
    "model": "pramlearnapp.arcsanswer",
    "pk": 87,
    "fields": {
      "response": 5,
      "question": 7,
      "likert_value": 4,
      "choice_value": null,
      "text_value": null,
      "answered_at": "2025-07-01T08:35:00Z"
    }
  },
  {
    "model": "pramlearnapp.arcsanswer",
    "pk": 88,
    "fields": {
      "response": 5,
      "question": 8,
      "likert_value": 4,
      "choice_value": null,
      "text_value": null,
      "answered_at": "2025-07-01T08:35:00Z"
    }
  },
  {
    "model": "pramlearnapp.arcsanswer",
    "pk": 89,
    "fields": {
      "response": 5,
      "question": 9,
      "likert_value": 4,
      "choice_value": null,
      "text_value": null,
      "answered_at": "2025-07-01T08:35:00Z"
    }
  },
  {
    "model": "pramlearnapp.arcsanswer",
    "pk": 90,
    "fields": {
      "response": 5,
      "question": 10,
      "likert_value": 5,
      "choice_value": null,
      "text_value": null,
      "answered_at": "2025-07-01T08:35:00Z"
    }
  },
  {
    "model": "pramlearnapp.arcsanswer",
    "pk": 91,
    "fields": {
      "response": 5,
      "question": 11,
      "likert_value": 3,
      "choice_value": null,
      "text_value": null,
      "answered_at": "2025-07-01T08:35:00Z"
    }
  },
  {
    "model": "pramlearnapp.arcsanswer",
    "pk": 92,
    "fields": {
      "response": 5,
      "question": 12,
      "likert_value": 5,
      "choice_value": null,
      "text_value": null,
      "answered_at": "2025-07-01T08:35:00Z"
    }
  },
  {
    "model": "pramlearnapp.arcsanswer",
    "pk": 93,
    "fields": {
      "response": 5,
      "question": 13,
      "likert_value": 3,
      "choice_value": null,
      "text_value": null,
      "answered_at": "2025-07-01T08:35:00Z"
    }
  },
  {
    "model": "pramlearnapp.arcsanswer",
    "pk": 94,
    "fields": {
      "response": 5,
      "question": 14,
      "likert_value": 4,
      "choice_value": null,
      "text_value": null,
      "answered_at": "2025-07-01T08:35:00Z"
    }
  },
  {
    "model": "pramlearnapp.arcsanswer",
    "pk": 95,
    "fields": {
      "response": 5,
      "question": 15,
      "likert_value": 4,
      "choice_value": null,
      "text_value": null,
      "answered_at": "2025-07-01T08:35:00Z"
    }
  },
  {
    "model": "pramlearnapp.arcsanswer",
    "pk": 96,
    "fields": {
      "response": 5,
      "question": 16,
      "likert_value": 5,
      "choice_value": null,
      "text_value": null,
      "answered_at": "2025-07-01T08:35:00Z"
    }
  },
  {
    "model": "pramlearnapp.arcsanswer",
    "pk": 97,
    "fields": {
      "response": 5,
      "question": 17,
      "likert_value": 5,
      "choice_value": null,
      "text_value": null,
      "answered_at": "2025-07-01T08:35:00Z"
    }
  },
  {
    "model": "pramlearnapp.arcsanswer",
    "pk": 98,
    "fields": {
      "response": 5,
      "question": 18,
      "likert_value": 2,
      "choice_value": null,
      "text_value": null,
      "answered_at": "2025-07-01T08:35:00Z"
    }
  },
  {
    "model": "pramlearnapp.arcsanswer",
    "pk": 99,
    "fields": {
      "response": 5,
      "question": 19,
      "likert_value": 5,
      "choice_value": null,
      "text_value": null,
      "answered_at": "2025-07-01T08:35:00Z"
    }
  },
  {
    "model": "pramlearnapp.arcsanswer",
    "pk": 100,
    "fields": {
      "response": 5,
      "question": 20,
      "likert_value": 4,
      "choice_value": null,
      "text_value": null,
      "answered_at": "2025-07-01T08:35:00Z"
    }
  },
  {
    "model": "pramlearnapp.arcsanswer",
    "pk": 101,
    "fields": {
      "response": 6,
      "question": 1,
      "likert_value": 3,
      "choice_value": null,
      "text_value": null,
      "answered_at": "2025-07-01T08:35:00Z"
    }
  },
  {
    "model": "pramlearnapp.arcsanswer",
    "pk": 102,
    "fields": {
      "response": 6,
      "question": 2,
      "likert_value": 5,
      "choice_value": null,
      "text_value": null,
      "answered_at": "2025-07-01T08:35:00Z"
    }
  },
  {
    "model": "pramlearnapp.arcsanswer",
    "pk": 103,
    "fields": {
      "response": 6,
      "question": 3,
      "likert_value": 4,
      "choice_value": null,
      "text_value": null,
      "answered_at": "2025-07-01T08:35:00Z"
    }
  },
  {
    "model": "pramlearnapp.arcsanswer",
    "pk": 104,
    "fields": {
      "response": 6,
      "question": 4,
      "likert_value": 4,
      "choice_value": null,
      "text_value": null,
      "answered_at": "2025-07-01T08:35:00Z"
    }
  },
  {
    "model": "pramlearnapp.arcsanswer",
    "pk": 105,
    "fields": {
      "response": 6,
      "question": 5,
      "likert_value": 5,
      "choice_value": null,
      "text_value": null,
      "answered_at": "2025-07-01T08:35:00Z"
    }
  },
  {
    "model": "pramlearnapp.arcsanswer",
    "pk": 106,
    "fields": {
      "response": 6,
      "question": 6,
      "likert_value": 5,
      "choice_value": null,
      "text_value": null,
      "answered_at": "2025-07-01T08:35:00Z"
    }
  },
  {
    "model": "pramlearnapp.arcsanswer",
    "pk": 107,
    "fields": {
      "response": 6,
      "question": 7,
      "likert_value": 5,
      "choice_value": null,
      "text_value": null,
      "answered_at": "2025-07-01T08:35:00Z"
    }
  },
  {
    "model": "pramlearnapp.arcsanswer",
    "pk": 108,
    "fields": {
      "response": 6,
      "question": 8,
      "likert_value": 4,
      "choice_value": null,
      "text_value": null,
      "answered_at": "2025-07-01T08:35:00Z"
    }
  },
  {
    "model": "pramlearnapp.arcsanswer",
    "pk": 109,
    "fields": {
      "response": 6,
      "question": 9,
      "likert_value": 3,
      "choice_value": null,
      "text_value": null,
      "answered_at": "2025-07-01T08:35:00Z"
    }
  },
  {
    "model": "pramlearnapp.arcsanswer",
    "pk": 110,
    "fields": {
      "response": 6,
      "question": 10,
      "likert_value": 3,
      "choice_value": null,
      "text_value": null,
      "answered_at": "2025-07-01T08:35:00Z"
    }
  },
  {
    "model": "pramlearnapp.arcsanswer",
    "pk": 111,
    "fields": {
      "response": 6,
      "question": 11,
      "likert_value": 4,
      "choice_value": null,
      "text_value": null,
      "answered_at": "2025-07-01T08:35:00Z"
    }
  },
  {
    "model": "pramlearnapp.arcsanswer",
    "pk": 112,
    "fields": {
      "response": 6,
      "question": 12,
      "likert_value": 5,
      "choice_value": null,
      "text_value": null,
      "answered_at": "2025-07-01T08:35:00Z"
    }
  },
  {
    "model": "pramlearnapp.arcsanswer",
    "pk": 113,
    "fields": {
      "response": 6,
      "question": 13,
      "likert_value": 2,
      "choice_value": null,
      "text_value": null,
      "answered_at": "2025-07-01T08:35:00Z"
    }
  },
  {
    "model": "pramlearnapp.arcsanswer",
    "pk": 114,
    "fields": {
      "response": 6,
      "question": 14,
      "likert_value": 4,
      "choice_value": null,
      "text_value": null,
      "answered_at": "2025-07-01T08:35:00Z"
    }
  },
  {
    "model": "pramlearnapp.arcsanswer",
    "pk": 115,
    "fields": {
      "response": 6,
      "question": 15,
      "likert_value": 5,
      "choice_value": null,
      "text_value": null,
      "answered_at": "2025-07-01T08:35:00Z"
    }
  },
  {
    "model": "pramlearnapp.arcsanswer",
    "pk": 116,
    "fields": {
      "response": 6,
      "question": 16,
      "likert_value": 3,
      "choice_value": null,
      "text_value": null,
      "answered_at": "2025-07-01T08:35:00Z"
    }
  },
  {
    "model": "pramlearnapp.arcsanswer",
    "pk": 117,
    "fields": {
      "response": 6,
      "question": 17,
      "likert_value": 3,
      "choice_value": null,
      "text_value": null,
      "answered_at": "2025-07-01T08:35:00Z"
    }
  },
  {
    "model": "pramlearnapp.arcsanswer",
    "pk": 118,
    "fields": {
      "response": 6,
      "question": 18,
      "likert_value": 3,
      "choice_value": null,
      "text_value": null,
      "answered_at": "2025-07-01T08:35:00Z"
    }
  },
  {
    "model": "pramlearnapp.arcsanswer",
    "pk": 119,
    "fields": {
      "response": 6,
      "question": 19,
      "likert_value": 4,
      "choice_value": null,
      "text_value": null,
      "answered_at": "2025-07-01T08:35:00Z"
    }
  },
  {
    "model": "pramlearnapp.arcsanswer",
    "pk": 120,
    "fields": {
      "response": 6,
      "question": 20,
      "likert_value": 4,
      "choice_value": null,
      "text_value": null,
      "answered_at": "2025-07-01T08:35:00Z"
    }
  },
  {
    "model": "pramlearnapp.arcsanswer",
    "pk": 121,
    "fields": {
      "response": 7,
      "question": 1,
      "likert_value": 5,
      "choice_value": null,
      "text_value": null,
      "answered_at": "2025-07-01T08:35:00Z"
    }
  },
  {
    "model": "pramlearnapp.arcsanswer",
    "pk": 122,
    "fields": {
      "response": 7,
      "question": 2,
      "likert_value": 4,
      "choice_value": null,
      "text_value": null,
      "answered_at": "2025-07-01T08:35:00Z"
    }
  },
  {
    "model": "pramlearnapp.arcsanswer",
    "pk": 123,
    "fields": {
      "response": 7,
      "question": 3,
      "likert_value": 4,
      "choice_value": null,
      "text_value": null,
      "answered_at": "2025-07-01T08:35:00Z"
    }
  },
  {
    "model": "pramlearnapp.arcsanswer",
    "pk": 124,
    "fields": {
      "response": 7,
      "question": 4,
      "likert_value": 4,
      "choice_value": null,
      "text_value": null,
      "answered_at": "2025-07-01T08:35:00Z"
    }
  },
  {
    "model": "pramlearnapp.arcsanswer",
    "pk": 125,
    "fields": {
      "response": 7,
      "question": 5,
      "likert_value": 5,
      "choice_value": null,
      "text_value": null,
      "answered_at": "2025-07-01T08:35:00Z"
    }
  },
  {
    "model": "pramlearnapp.arcsanswer",
    "pk": 126,
    "fields": {
      "response": 7,
      "question": 6,
      "likert_value": 4,
      "choice_value": null,
      "text_value": null,
      "answered_at": "2025-07-01T08:35:00Z"
    }
  },
  {
    "model": "pramlearnapp.arcsanswer",
    "pk": 127,
    "fields": {
      "response": 7,
      "question": 7,
      "likert_value": 3,
      "choice_value": null,
      "text_value": null,
      "answered_at": "2025-07-01T08:35:00Z"
    }
  },
  {
    "model": "pramlearnapp.arcsanswer",
    "pk": 128,
    "fields": {
      "response": 7,
      "question": 8,
      "likert_value": 5,
      "choice_value": null,
      "text_value": null,
      "answered_at": "2025-07-01T08:35:00Z"
    }
  },
  {
    "model": "pramlearnapp.arcsanswer",
    "pk": 129,
    "fields": {
      "response": 7,
      "question": 9,
      "likert_value": 3,
      "choice_value": null,
      "text_value": null,
      "answered_at": "2025-07-01T08:35:00Z"
    }
  },
  {
    "model": "pramlearnapp.arcsanswer",
    "pk": 130,
    "fields": {
      "response": 7,
      "question": 10,
      "likert_value": 4,
      "choice_value": null,
      "text_value": null,
      "answered_at": "2025-07-01T08:35:00Z"
    }
  },
  {
    "model": "pramlearnapp.arcsanswer",
    "pk": 131,
    "fields": {
      "response": 7,
      "question": 11,
      "likert_value": 4,
      "choice_value": null,
      "text_value": null,
      "answered_at": "2025-07-01T08:35:00Z"
    }
  },
  {
    "model": "pramlearnapp.arcsanswer",
    "pk": 132,
    "fields": {
      "response": 7,
      "question": 12,
      "likert_value": 4,
      "choice_value": null,
      "text_value": null,
      "answered_at": "2025-07-01T08:35:00Z"
    }
  },
  {
    "model": "pramlearnapp.arcsanswer",
    "pk": 133,
    "fields": {
      "response": 7,
      "question": 13,
      "likert_value": 3,
      "choice_value": null,
      "text_value": null,
      "answered_at": "2025-07-01T08:35:00Z"
    }
  },
  {
    "model": "pramlearnapp.arcsanswer",
    "pk": 134,
    "fields": {
      "response": 7,
      "question": 14,
      "likert_value": 3,
      "choice_value": null,
      "text_value": null,
      "answered_at": "2025-07-01T08:35:00Z"
    }
  },
  {
    "model": "pramlearnapp.arcsanswer",
    "pk": 135,
    "fields": {
      "response": 7,
      "question": 15,
      "likert_value": 2,
      "choice_value": null,
      "text_value": null,
      "answered_at": "2025-07-01T08:35:00Z"
    }
  },
  {
    "model": "pramlearnapp.arcsanswer",
    "pk": 136,
    "fields": {
      "response": 7,
      "question": 16,
      "likert_value": 3,
      "choice_value": null,
      "text_value": null,
      "answered_at": "2025-07-01T08:35:00Z"
    }
  },
  {
    "model": "pramlearnapp.arcsanswer",
    "pk": 137,
    "fields": {
      "response": 7,
      "question": 17,
      "likert_value": 2,
      "choice_value": null,
      "text_value": null,
      "answered_at": "2025-07-01T08:35:00Z"
    }
  },
  {
    "model": "pramlearnapp.arcsanswer",
    "pk": 138,
    "fields": {
      "response": 7,
      "question": 18,
      "likert_value": 4,
      "choice_value": null,
      "text_value": null,
      "answered_at": "2025-07-01T08:35:00Z"
    }
  },
  {
    "model": "pramlearnapp.arcsanswer",
    "pk": 139,
    "fields": {
      "response": 7,
      "question": 19,
      "likert_value": 5,
      "choice_value": null,
      "text_value": null,
      "answered_at": "2025-07-01T08:35:00Z"
    }
  },
  {
    "model": "pramlearnapp.arcsanswer",
    "pk": 140,
    "fields": {
      "response": 7,
      "question": 20,
      "likert_value": 4,
      "choice_value": null,
      "text_value": null,
      "answered_at": "2025-07-01T08:35:00Z"
    }
  },
  {
    "model": "pramlearnapp.arcsanswer",
    "pk": 141,
    "fields": {
      "response": 8,
      "question": 1,
      "likert_value": 4,
      "choice_value": null,
      "text_value": null,
      "answered_at": "2025-07-01T08:35:00Z"
    }
  },
  {
    "model": "pramlearnapp.arcsanswer",
    "pk": 142,
    "fields": {
      "response": 8,
      "question": 2,
      "likert_value": 4,
      "choice_value": null,
      "text_value": null,
      "answered_at": "2025-07-01T08:35:00Z"
    }
  },
  {
    "model": "pramlearnapp.arcsanswer",
    "pk": 143,
    "fields": {
      "response": 8,
      "question": 3,
      "likert_value": 5,
      "choice_value": null,
      "text_value": null,
      "answered_at": "2025-07-01T08:35:00Z"
    }
  },
  {
    "model": "pramlearnapp.arcsanswer",
    "pk": 144,
    "fields": {
      "response": 8,
      "question": 4,
      "likert_value": 4,
      "choice_value": null,
      "text_value": null,
      "answered_at": "2025-07-01T08:35:00Z"
    }
  },
  {
    "model": "pramlearnapp.arcsanswer",
    "pk": 145,
    "fields": {
      "response": 8,
      "question": 5,
      "likert_value": 3,
      "choice_value": null,
      "text_value": null,
      "answered_at": "2025-07-01T08:35:00Z"
    }
  },
  {
    "model": "pramlearnapp.arcsanswer",
    "pk": 146,
    "fields": {
      "response": 8,
      "question": 6,
      "likert_value": 5,
      "choice_value": null,
      "text_value": null,
      "answered_at": "2025-07-01T08:35:00Z"
    }
  },
  {
    "model": "pramlearnapp.arcsanswer",
    "pk": 147,
    "fields": {
      "response": 8,
      "question": 7,
      "likert_value": 4,
      "choice_value": null,
      "text_value": null,
      "answered_at": "2025-07-01T08:35:00Z"
    }
  },
  {
    "model": "pramlearnapp.arcsanswer",
    "pk": 148,
    "fields": {
      "response": 8,
      "question": 8,
      "likert_value": 4,
      "choice_value": null,
      "text_value": null,
      "answered_at": "2025-07-01T08:35:00Z"
    }
  },
  {
    "model": "pramlearnapp.arcsanswer",
    "pk": 149,
    "fields": {
      "response": 8,
      "question": 9,
      "likert_value": 4,
      "choice_value": null,
      "text_value": null,
      "answered_at": "2025-07-01T08:35:00Z"
    }
  },
  {
    "model": "pramlearnapp.arcsanswer",
    "pk": 150,
    "fields": {
      "response": 8,
      "question": 10,
      "likert_value": 3,
      "choice_value": null,
      "text_value": null,
      "answered_at": "2025-07-01T08:35:00Z"
    }
  },
  {
    "model": "pramlearnapp.arcsanswer",
    "pk": 151,
    "fields": {
      "response": 8,
      "question": 11,
      "likert_value": 4,
      "choice_value": null,
      "text_value": null,
      "answered_at": "2025-07-01T08:35:00Z"
    }
  },
  {
    "model": "pramlearnapp.arcsanswer",
    "pk": 152,
    "fields": {
      "response": 8,
      "question": 12,
      "likert_value": 3,
      "choice_value": null,
      "text_value": null,
      "answered_at": "2025-07-01T08:35:00Z"
    }
  },
  {
    "model": "pramlearnapp.arcsanswer",
    "pk": 153,
    "fields": {
      "response": 8,
      "question": 13,
      "likert_value": 2,
      "choice_value": null,
      "text_value": null,
      "answered_at": "2025-07-01T08:35:00Z"
    }
  },
  {
    "model": "pramlearnapp.arcsanswer",
    "pk": 154,
    "fields": {
      "response": 8,
      "question": 14,
      "likert_value": 4,
      "choice_value": null,
      "text_value": null,
      "answered_at": "2025-07-01T08:35:00Z"
    }
  },
  {
    "model": "pramlearnapp.arcsanswer",
    "pk": 155,
    "fields": {
      "response": 8,
      "question": 15,
      "likert_value": 5,
      "choice_value": null,
      "text_value": null,
      "answered_at": "2025-07-01T08:35:00Z"
    }
  },
  {
    "model": "pramlearnapp.arcsanswer",
    "pk": 156,
    "fields": {
      "response": 8,
      "question": 16,
      "likert_value": 3,
      "choice_value": null,
      "text_value": null,
      "answered_at": "2025-07-01T08:35:00Z"
    }
  },
  {
    "model": "pramlearnapp.arcsanswer",
    "pk": 157,
    "fields": {
      "response": 8,
      "question": 17,
      "likert_value": 4,
      "choice_value": null,
      "text_value": null,
      "answered_at": "2025-07-01T08:35:00Z"
    }
  },
  {
    "model": "pramlearnapp.arcsanswer",
    "pk": 158,
    "fields": {
      "response": 8,
      "question": 18,
      "likert_value": 2,
      "choice_value": null,
      "text_value": null,
      "answered_at": "2025-07-01T08:35:00Z"
    }
  },
  {
    "model": "pramlearnapp.arcsanswer",
    "pk": 159,
    "fields": {
      "response": 8,
      "question": 19,
      "likert_value": 4,
      "choice_value": null,
      "text_value": null,
      "answered_at": "2025-07-01T08:35:00Z"
    }
  },
  {
    "model": "pramlearnapp.arcsanswer",
    "pk": 160,
    "fields": {
      "response": 8,
      "question": 20,
      "likert_value": 2,
      "choice_value": null,
      "text_value": null,
      "answered_at": "2025-07-01T08:35:00Z"
    }
  },
  {
    "model": "pramlearnapp.arcsanswer",
    "pk": 161,
    "fields": {
      "response": 9,
      "question": 1,
      "likert_value": 4,
      "choice_value": null,
      "text_value": null,
      "answered_at": "2025-07-01T08:35:00Z"
    }
  },
  {
    "model": "pramlearnapp.arcsanswer",
    "pk": 162,
    "fields": {
      "response": 9,
      "question": 2,
      "likert_value": 5,
      "choice_value": null,
      "text_value": null,
      "answered_at": "2025-07-01T08:35:00Z"
    }
  },
  {
    "model": "pramlearnapp.arcsanswer",
    "pk": 163,
    "fields": {
      "response": 9,
      "question": 3,
      "likert_value": 5,
      "choice_value": null,
      "text_value": null,
      "answered_at": "2025-07-01T08:35:00Z"
    }
  },
  {
    "model": "pramlearnapp.arcsanswer",
    "pk": 164,
    "fields": {
      "response": 9,
      "question": 4,
      "likert_value": 5,
      "choice_value": null,
      "text_value": null,
      "answered_at": "2025-07-01T08:35:00Z"
    }
  },
  {
    "model": "pramlearnapp.arcsanswer",
    "pk": 165,
    "fields": {
      "response": 9,
      "question": 5,
      "likert_value": 4,
      "choice_value": null,
      "text_value": null,
      "answered_at": "2025-07-01T08:35:00Z"
    }
  },
  {
    "model": "pramlearnapp.arcsanswer",
    "pk": 166,
    "fields": {
      "response": 9,
      "question": 6,
      "likert_value": 4,
      "choice_value": null,
      "text_value": null,
      "answered_at": "2025-07-01T08:35:00Z"
    }
  },
  {
    "model": "pramlearnapp.arcsanswer",
    "pk": 167,
    "fields": {
      "response": 9,
      "question": 7,
      "likert_value": 4,
      "choice_value": null,
      "text_value": null,
      "answered_at": "2025-07-01T08:35:00Z"
    }
  },
  {
    "model": "pramlearnapp.arcsanswer",
    "pk": 168,
    "fields": {
      "response": 9,
      "question": 8,
      "likert_value": 5,
      "choice_value": null,
      "text_value": null,
      "answered_at": "2025-07-01T08:35:00Z"
    }
  },
  {
    "model": "pramlearnapp.arcsanswer",
    "pk": 169,
    "fields": {
      "response": 9,
      "question": 9,
      "likert_value": 3,
      "choice_value": null,
      "text_value": null,
      "answered_at": "2025-07-01T08:35:00Z"
    }
  },
  {
    "model": "pramlearnapp.arcsanswer",
    "pk": 170,
    "fields": {
      "response": 9,
      "question": 10,
      "likert_value": 4,
      "choice_value": null,
      "text_value": null,
      "answered_at": "2025-07-01T08:35:00Z"
    }
  },
  {
    "model": "pramlearnapp.arcsanswer",
    "pk": 171,
    "fields": {
      "response": 9,
      "question": 11,
      "likert_value": 4,
      "choice_value": null,
      "text_value": null,
      "answered_at": "2025-07-01T08:35:00Z"
    }
  },
  {
    "model": "pramlearnapp.arcsanswer",
    "pk": 172,
    "fields": {
      "response": 9,
      "question": 12,
      "likert_value": 4,
      "choice_value": null,
      "text_value": null,
      "answered_at": "2025-07-01T08:35:00Z"
    }
  },
  {
    "model": "pramlearnapp.arcsanswer",
    "pk": 173,
    "fields": {
      "response": 9,
      "question": 13,
      "likert_value": 4,
      "choice_value": null,
      "text_value": null,
      "answered_at": "2025-07-01T08:35:00Z"
    }
  },
  {
    "model": "pramlearnapp.arcsanswer",
    "pk": 174,
    "fields": {
      "response": 9,
      "question": 14,
      "likert_value": 4,
      "choice_value": null,
      "text_value": null,
      "answered_at": "2025-07-01T08:35:00Z"
    }
  },
  {
    "model": "pramlearnapp.arcsanswer",
    "pk": 175,
    "fields": {
      "response": 9,
      "question": 15,
      "likert_value": 3,
      "choice_value": null,
      "text_value": null,
      "answered_at": "2025-07-01T08:35:00Z"
    }
  },
  {
    "model": "pramlearnapp.arcsanswer",
    "pk": 176,
    "fields": {
      "response": 9,
      "question": 16,
      "likert_value": 5,
      "choice_value": null,
      "text_value": null,
      "answered_at": "2025-07-01T08:35:00Z"
    }
  },
  {
    "model": "pramlearnapp.arcsanswer",
    "pk": 177,
    "fields": {
      "response": 9,
      "question": 17,
      "likert_value": 5,
      "choice_value": null,
      "text_value": null,
      "answered_at": "2025-07-01T08:35:00Z"
    }
  },
  {
    "model": "pramlearnapp.arcsanswer",
    "pk": 178,
    "fields": {
      "response": 9,
      "question": 18,
      "likert_value": 5,
      "choice_value": null,
      "text_value": null,
      "answered_at": "2025-07-01T08:35:00Z"
    }
  },
  {
    "model": "pramlearnapp.arcsanswer",
    "pk": 179,
    "fields": {
      "response": 9,
      "question": 19,
      "likert_value": 3,
      "choice_value": null,
      "text_value": null,
      "answered_at": "2025-07-01T08:35:00Z"
    }
  },
  {
    "model": "pramlearnapp.arcsanswer",
    "pk": 180,
    "fields": {
      "response": 9,
      "question": 20,
      "likert_value": 3,
      "choice_value": null,
      "text_value": null,
      "answered_at": "2025-07-01T08:35:00Z"
    }
  },
  {
    "model": "pramlearnapp.arcsanswer",
    "pk": 181,
    "fields": {
      "response": 10,
      "question": 1,
      "likert_value": 4,
      "choice_value": null,
      "text_value": null,
      "answered_at": "2025-07-01T08:35:00Z"
    }
  },
  {
    "model": "pramlearnapp.arcsanswer",
    "pk": 182,
    "fields": {
      "response": 10,
      "question": 2,
      "likert_value": 5,
      "choice_value": null,
      "text_value": null,
      "answered_at": "2025-07-01T08:35:00Z"
    }
  },
  {
    "model": "pramlearnapp.arcsanswer",
    "pk": 183,
    "fields": {
      "response": 10,
      "question": 3,
      "likert_value": 4,
      "choice_value": null,
      "text_value": null,
      "answered_at": "2025-07-01T08:35:00Z"
    }
  },
  {
    "model": "pramlearnapp.arcsanswer",
    "pk": 184,
    "fields": {
      "response": 10,
      "question": 4,
      "likert_value": 3,
      "choice_value": null,
      "text_value": null,
      "answered_at": "2025-07-01T08:35:00Z"
    }
  },
  {
    "model": "pramlearnapp.arcsanswer",
    "pk": 185,
    "fields": {
      "response": 10,
      "question": 5,
      "likert_value": 4,
      "choice_value": null,
      "text_value": null,
      "answered_at": "2025-07-01T08:35:00Z"
    }
  },
  {
    "model": "pramlearnapp.arcsanswer",
    "pk": 186,
    "fields": {
      "response": 10,
      "question": 6,
      "likert_value": 3,
      "choice_value": null,
      "text_value": null,
      "answered_at": "2025-07-01T08:35:00Z"
    }
  },
  {
    "model": "pramlearnapp.arcsanswer",
    "pk": 187,
    "fields": {
      "response": 10,
      "question": 7,
      "likert_value": 5,
      "choice_value": null,
      "text_value": null,
      "answered_at": "2025-07-01T08:35:00Z"
    }
  },
  {
    "model": "pramlearnapp.arcsanswer",
    "pk": 188,
    "fields": {
      "response": 10,
      "question": 8,
      "likert_value": 4,
      "choice_value": null,
      "text_value": null,
      "answered_at": "2025-07-01T08:35:00Z"
    }
  },
  {
    "model": "pramlearnapp.arcsanswer",
    "pk": 189,
    "fields": {
      "response": 10,
      "question": 9,
      "likert_value": 5,
      "choice_value": null,
      "text_value": null,
      "answered_at": "2025-07-01T08:35:00Z"
    }
  },
  {
    "model": "pramlearnapp.arcsanswer",
    "pk": 190,
    "fields": {
      "response": 10,
      "question": 10,
      "likert_value": 5,
      "choice_value": null,
      "text_value": null,
      "answered_at": "2025-07-01T08:35:00Z"
    }
  },
  {
    "model": "pramlearnapp.arcsanswer",
    "pk": 191,
    "fields": {
      "response": 10,
      "question": 11,
      "likert_value": 5,
      "choice_value": null,
      "text_value": null,
      "answered_at": "2025-07-01T08:35:00Z"
    }
  },
  {
    "model": "pramlearnapp.arcsanswer",
    "pk": 192,
    "fields": {
      "response": 10,
      "question": 12,
      "likert_value": 4,
      "choice_value": null,
      "text_value": null,
      "answered_at": "2025-07-01T08:35:00Z"
    }
  },
  {
    "model": "pramlearnapp.arcsanswer",
    "pk": 193,
    "fields": {
      "response": 10,
      "question": 13,
      "likert_value": 5,
      "choice_value": null,
      "text_value": null,
      "answered_at": "2025-07-01T08:35:00Z"
    }
  },
  {
    "model": "pramlearnapp.arcsanswer",
    "pk": 194,
    "fields": {
      "response": 10,
      "question": 14,
      "likert_value": 3,
      "choice_value": null,
      "text_value": null,
      "answered_at": "2025-07-01T08:35:00Z"
    }
  },
  {
    "model": "pramlearnapp.arcsanswer",
    "pk": 195,
    "fields": {
      "response": 10,
      "question": 15,
      "likert_value": 3,
      "choice_value": null,
      "text_value": null,
      "answered_at": "2025-07-01T08:35:00Z"
    }
  },
  {
    "model": "pramlearnapp.arcsanswer",
    "pk": 196,
    "fields": {
      "response": 10,
      "question": 16,
      "likert_value": 3,
      "choice_value": null,
      "text_value": null,
      "answered_at": "2025-07-01T08:35:00Z"
    }
  },
  {
    "model": "pramlearnapp.arcsanswer",
    "pk": 197,
    "fields": {
      "response": 10,
      "question": 17,
      "likert_value": 5,
      "choice_value": null,
      "text_value": null,
      "answered_at": "2025-07-01T08:35:00Z"
    }
  },
  {
    "model": "pramlearnapp.arcsanswer",
    "pk": 198,
    "fields": {
      "response": 10,
      "question": 18,
      "likert_value": 3,
      "choice_value": null,
      "text_value": null,
      "answered_at": "2025-07-01T08:35:00Z"
    }
  },
  {
    "model": "pramlearnapp.arcsanswer",
    "pk": 199,
    "fields": {
      "response": 10,
      "question": 19,
      "likert_value": 4,
      "choice_value": null,
      "text_value": null,
      "answered_at": "2025-07-01T08:35:00Z"
    }
  },
  {
    "model": "pramlearnapp.arcsanswer",
    "pk": 200,
    "fields": {
      "response": 10,
      "question": 20,
      "likert_value": 4,
      "choice_value": null,
      "text_value": null,
      "answered_at": "2025-07-01T08:35:00Z"
    }
  },
  {
    "model": "pramlearnapp.arcsanswer",
    "pk": 201,
    "fields": {
      "response": 11,
      "question": 1,
      "likert_value": 3,
      "choice_value": null,
      "text_value": null,
      "answered_at": "2025-07-01T08:35:00Z"
    }
  },
  {
    "model": "pramlearnapp.arcsanswer",
    "pk": 202,
    "fields": {
      "response": 11,
      "question": 2,
      "likert_value": 4,
      "choice_value": null,
      "text_value": null,
      "answered_at": "2025-07-01T08:35:00Z"
    }
  },
  {
    "model": "pramlearnapp.arcsanswer",
    "pk": 203,
    "fields": {
      "response": 11,
      "question": 3,
      "likert_value": 5,
      "choice_value": null,
      "text_value": null,
      "answered_at": "2025-07-01T08:35:00Z"
    }
  },
  {
    "model": "pramlearnapp.arcsanswer",
    "pk": 204,
    "fields": {
      "response": 11,
      "question": 4,
      "likert_value": 4,
      "choice_value": null,
      "text_value": null,
      "answered_at": "2025-07-01T08:35:00Z"
    }
  },
  {
    "model": "pramlearnapp.arcsanswer",
    "pk": 205,
    "fields": {
      "response": 11,
      "question": 5,
      "likert_value": 5,
      "choice_value": null,
      "text_value": null,
      "answered_at": "2025-07-01T08:35:00Z"
    }
  },
  {
    "model": "pramlearnapp.arcsanswer",
    "pk": 206,
    "fields": {
      "response": 11,
      "question": 6,
      "likert_value": 5,
      "choice_value": null,
      "text_value": null,
      "answered_at": "2025-07-01T08:35:00Z"
    }
  },
  {
    "model": "pramlearnapp.arcsanswer",
    "pk": 207,
    "fields": {
      "response": 11,
      "question": 7,
      "likert_value": 4,
      "choice_value": null,
      "text_value": null,
      "answered_at": "2025-07-01T08:35:00Z"
    }
  },
  {
    "model": "pramlearnapp.arcsanswer",
    "pk": 208,
    "fields": {
      "response": 11,
      "question": 8,
      "likert_value": 3,
      "choice_value": null,
      "text_value": null,
      "answered_at": "2025-07-01T08:35:00Z"
    }
  },
  {
    "model": "pramlearnapp.arcsanswer",
    "pk": 209,
    "fields": {
      "response": 11,
      "question": 9,
      "likert_value": 5,
      "choice_value": null,
      "text_value": null,
      "answered_at": "2025-07-01T08:35:00Z"
    }
  },
  {
    "model": "pramlearnapp.arcsanswer",
    "pk": 210,
    "fields": {
      "response": 11,
      "question": 10,
      "likert_value": 3,
      "choice_value": null,
      "text_value": null,
      "answered_at": "2025-07-01T08:35:00Z"
    }
  },
  {
    "model": "pramlearnapp.arcsanswer",
    "pk": 211,
    "fields": {
      "response": 11,
      "question": 11,
      "likert_value": 5,
      "choice_value": null,
      "text_value": null,
      "answered_at": "2025-07-01T08:35:00Z"
    }
  },
  {
    "model": "pramlearnapp.arcsanswer",
    "pk": 212,
    "fields": {
      "response": 11,
      "question": 12,
      "likert_value": 3,
      "choice_value": null,
      "text_value": null,
      "answered_at": "2025-07-01T08:35:00Z"
    }
  },
  {
    "model": "pramlearnapp.arcsanswer",
    "pk": 213,
    "fields": {
      "response": 11,
      "question": 13,
      "likert_value": 3,
      "choice_value": null,
      "text_value": null,
      "answered_at": "2025-07-01T08:35:00Z"
    }
  },
  {
    "model": "pramlearnapp.arcsanswer",
    "pk": 214,
    "fields": {
      "response": 11,
      "question": 14,
      "likert_value": 4,
      "choice_value": null,
      "text_value": null,
      "answered_at": "2025-07-01T08:35:00Z"
    }
  },
  {
    "model": "pramlearnapp.arcsanswer",
    "pk": 215,
    "fields": {
      "response": 11,
      "question": 15,
      "likert_value": 3,
      "choice_value": null,
      "text_value": null,
      "answered_at": "2025-07-01T08:35:00Z"
    }
  },
  {
    "model": "pramlearnapp.arcsanswer",
    "pk": 216,
    "fields": {
      "response": 11,
      "question": 16,
      "likert_value": 5,
      "choice_value": null,
      "text_value": null,
      "answered_at": "2025-07-01T08:35:00Z"
    }
  },
  {
    "model": "pramlearnapp.arcsanswer",
    "pk": 217,
    "fields": {
      "response": 11,
      "question": 17,
      "likert_value": 4,
      "choice_value": null,
      "text_value": null,
      "answered_at": "2025-07-01T08:35:00Z"
    }
  },
  {
    "model": "pramlearnapp.arcsanswer",
    "pk": 218,
    "fields": {
      "response": 11,
      "question": 18,
      "likert_value": 2,
      "choice_value": null,
      "text_value": null,
      "answered_at": "2025-07-01T08:35:00Z"
    }
  },
  {
    "model": "pramlearnapp.arcsanswer",
    "pk": 219,
    "fields": {
      "response": 11,
      "question": 19,
      "likert_value": 5,
      "choice_value": null,
      "text_value": null,
      "answered_at": "2025-07-01T08:35:00Z"
    }
  },
  {
    "model": "pramlearnapp.arcsanswer",
    "pk": 220,
    "fields": {
      "response": 11,
      "question": 20,
      "likert_value": 4,
      "choice_value": null,
      "text_value": null,
      "answered_at": "2025-07-01T08:35:00Z"
    }
  },
  {
    "model": "pramlearnapp.arcsanswer",
    "pk": 221,
    "fields": {
      "response": 12,
      "question": 1,
      "likert_value": 5,
      "choice_value": null,
      "text_value": null,
      "answered_at": "2025-07-01T08:35:00Z"
    }
  },
  {
    "model": "pramlearnapp.arcsanswer",
    "pk": 222,
    "fields": {
      "response": 12,
      "question": 2,
      "likert_value": 3,
      "choice_value": null,
      "text_value": null,
      "answered_at": "2025-07-01T08:35:00Z"
    }
  },
  {
    "model": "pramlearnapp.arcsanswer",
    "pk": 223,
    "fields": {
      "response": 12,
      "question": 3,
      "likert_value": 4,
      "choice_value": null,
      "text_value": null,
      "answered_at": "2025-07-01T08:35:00Z"
    }
  },
  {
    "model": "pramlearnapp.arcsanswer",
    "pk": 224,
    "fields": {
      "response": 12,
      "question": 4,
      "likert_value": 5,
      "choice_value": null,
      "text_value": null,
      "answered_at": "2025-07-01T08:35:00Z"
    }
  },
  {
    "model": "pramlearnapp.arcsanswer",
    "pk": 225,
    "fields": {
      "response": 12,
      "question": 5,
      "likert_value": 5,
      "choice_value": null,
      "text_value": null,
      "answered_at": "2025-07-01T08:35:00Z"
    }
  },
  {
    "model": "pramlearnapp.arcsanswer",
    "pk": 226,
    "fields": {
      "response": 12,
      "question": 6,
      "likert_value": 3,
      "choice_value": null,
      "text_value": null,
      "answered_at": "2025-07-01T08:35:00Z"
    }
  },
  {
    "model": "pramlearnapp.arcsanswer",
    "pk": 227,
    "fields": {
      "response": 12,
      "question": 7,
      "likert_value": 5,
      "choice_value": null,
      "text_value": null,
      "answered_at": "2025-07-01T08:35:00Z"
    }
  },
  {
    "model": "pramlearnapp.arcsanswer",
    "pk": 228,
    "fields": {
      "response": 12,
      "question": 8,
      "likert_value": 4,
      "choice_value": null,
      "text_value": null,
      "answered_at": "2025-07-01T08:35:00Z"
    }
  },
  {
    "model": "pramlearnapp.arcsanswer",
    "pk": 229,
    "fields": {
      "response": 12,
      "question": 9,
      "likert_value": 4,
      "choice_value": null,
      "text_value": null,
      "answered_at": "2025-07-01T08:35:00Z"
    }
  },
  {
    "model": "pramlearnapp.arcsanswer",
    "pk": 230,
    "fields": {
      "response": 12,
      "question": 10,
      "likert_value": 3,
      "choice_value": null,
      "text_value": null,
      "answered_at": "2025-07-01T08:35:00Z"
    }
  },
  {
    "model": "pramlearnapp.arcsanswer",
    "pk": 231,
    "fields": {
      "response": 12,
      "question": 11,
      "likert_value": 2,
      "choice_value": null,
      "text_value": null,
      "answered_at": "2025-07-01T08:35:00Z"
    }
  },
  {
    "model": "pramlearnapp.arcsanswer",
    "pk": 232,
    "fields": {
      "response": 12,
      "question": 12,
      "likert_value": 4,
      "choice_value": null,
      "text_value": null,
      "answered_at": "2025-07-01T08:35:00Z"
    }
  },
  {
    "model": "pramlearnapp.arcsanswer",
    "pk": 233,
    "fields": {
      "response": 12,
      "question": 13,
      "likert_value": 4,
      "choice_value": null,
      "text_value": null,
      "answered_at": "2025-07-01T08:35:00Z"
    }
  },
  {
    "model": "pramlearnapp.arcsanswer",
    "pk": 234,
    "fields": {
      "response": 12,
      "question": 14,
      "likert_value": 5,
      "choice_value": null,
      "text_value": null,
      "answered_at": "2025-07-01T08:35:00Z"
    }
  },
  {
    "model": "pramlearnapp.arcsanswer",
    "pk": 235,
    "fields": {
      "response": 12,
      "question": 15,
      "likert_value": 4,
      "choice_value": null,
      "text_value": null,
      "answered_at": "2025-07-01T08:35:00Z"
    }
  },
  {
    "model": "pramlearnapp.arcsanswer",
    "pk": 236,
    "fields": {
      "response": 12,
      "question": 16,
      "likert_value": 3,
      "choice_value": null,
      "text_value": null,
      "answered_at": "2025-07-01T08:35:00Z"
    }
  },
  {
    "model": "pramlearnapp.arcsanswer",
    "pk": 237,
    "fields": {
      "response": 12,
      "question": 17,
      "likert_value": 4,
      "choice_value": null,
      "text_value": null,
      "answered_at": "2025-07-01T08:35:00Z"
    }
  },
  {
    "model": "pramlearnapp.arcsanswer",
    "pk": 238,
    "fields": {
      "response": 12,
      "question": 18,
      "likert_value": 4,
      "choice_value": null,
      "text_value": null,
      "answered_at": "2025-07-01T08:35:00Z"
    }
  },
  {
    "model": "pramlearnapp.arcsanswer",
    "pk": 239,
    "fields": {
      "response": 12,
      "question": 19,
      "likert_value": 5,
      "choice_value": null,
      "text_value": null,
      "answered_at": "2025-07-01T08:35:00Z"
    }
  },
  {
    "model": "pramlearnapp.arcsanswer",
    "pk": 240,
    "fields": {
      "response": 12,
      "question": 20,
      "likert_value": 4,
      "choice_value": null,
      "text_value": null,
      "answered_at": "2025-07-01T08:35:00Z"
    }
  },
  {
    "model": "pramlearnapp.arcsanswer",
    "pk": 241,
    "fields": {
      "response": 13,
      "question": 1,
      "likert_value": 5,
      "choice_value": null,
      "text_value": null,
      "answered_at": "2025-07-01T08:35:00Z"
    }
  },
  {
    "model": "pramlearnapp.arcsanswer",
    "pk": 242,
    "fields": {
      "response": 13,
      "question": 2,
      "likert_value": 5,
      "choice_value": null,
      "text_value": null,
      "answered_at": "2025-07-01T08:35:00Z"
    }
  },
  {
    "model": "pramlearnapp.arcsanswer",
    "pk": 243,
    "fields": {
      "response": 13,
      "question": 3,
      "likert_value": 5,
      "choice_value": null,
      "text_value": null,
      "answered_at": "2025-07-01T08:35:00Z"
    }
  },
  {
    "model": "pramlearnapp.arcsanswer",
    "pk": 244,
    "fields": {
      "response": 13,
      "question": 4,
      "likert_value": 3,
      "choice_value": null,
      "text_value": null,
      "answered_at": "2025-07-01T08:35:00Z"
    }
  },
  {
    "model": "pramlearnapp.arcsanswer",
    "pk": 245,
    "fields": {
      "response": 13,
      "question": 5,
      "likert_value": 4,
      "choice_value": null,
      "text_value": null,
      "answered_at": "2025-07-01T08:35:00Z"
    }
  },
  {
    "model": "pramlearnapp.arcsanswer",
    "pk": 246,
    "fields": {
      "response": 13,
      "question": 6,
      "likert_value": 5,
      "choice_value": null,
      "text_value": null,
      "answered_at": "2025-07-01T08:35:00Z"
    }
  },
  {
    "model": "pramlearnapp.arcsanswer",
    "pk": 247,
    "fields": {
      "response": 13,
      "question": 7,
      "likert_value": 4,
      "choice_value": null,
      "text_value": null,
      "answered_at": "2025-07-01T08:35:00Z"
    }
  },
  {
    "model": "pramlearnapp.arcsanswer",
    "pk": 248,
    "fields": {
      "response": 13,
      "question": 8,
      "likert_value": 5,
      "choice_value": null,
      "text_value": null,
      "answered_at": "2025-07-01T08:35:00Z"
    }
  },
  {
    "model": "pramlearnapp.arcsanswer",
    "pk": 249,
    "fields": {
      "response": 13,
      "question": 9,
      "likert_value": 5,
      "choice_value": null,
      "text_value": null,
      "answered_at": "2025-07-01T08:35:00Z"
    }
  },
  {
    "model": "pramlearnapp.arcsanswer",
    "pk": 250,
    "fields": {
      "response": 13,
      "question": 10,
      "likert_value": 5,
      "choice_value": null,
      "text_value": null,
      "answered_at": "2025-07-01T08:35:00Z"
    }
  },
  {
    "model": "pramlearnapp.arcsanswer",
    "pk": 251,
    "fields": {
      "response": 13,
      "question": 11,
      "likert_value": 4,
      "choice_value": null,
      "text_value": null,
      "answered_at": "2025-07-01T08:35:00Z"
    }
  },
  {
    "model": "pramlearnapp.arcsanswer",
    "pk": 252,
    "fields": {
      "response": 13,
      "question": 12,
      "likert_value": 4,
      "choice_value": null,
      "text_value": null,
      "answered_at": "2025-07-01T08:35:00Z"
    }
  },
  {
    "model": "pramlearnapp.arcsanswer",
    "pk": 253,
    "fields": {
      "response": 13,
      "question": 13,
      "likert_value": 4,
      "choice_value": null,
      "text_value": null,
      "answered_at": "2025-07-01T08:35:00Z"
    }
  },
  {
    "model": "pramlearnapp.arcsanswer",
    "pk": 254,
    "fields": {
      "response": 13,
      "question": 14,
      "likert_value": 2,
      "choice_value": null,
      "text_value": null,
      "answered_at": "2025-07-01T08:35:00Z"
    }
  },
  {
    "model": "pramlearnapp.arcsanswer",
    "pk": 255,
    "fields": {
      "response": 13,
      "question": 15,
      "likert_value": 4,
      "choice_value": null,
      "text_value": null,
      "answered_at": "2025-07-01T08:35:00Z"
    }
  },
  {
    "model": "pramlearnapp.arcsanswer",
    "pk": 256,
    "fields": {
      "response": 13,
      "question": 16,
      "likert_value": 5,
      "choice_value": null,
      "text_value": null,
      "answered_at": "2025-07-01T08:35:00Z"
    }
  },
  {
    "model": "pramlearnapp.arcsanswer",
    "pk": 257,
    "fields": {
      "response": 13,
      "question": 17,
      "likert_value": 3,
      "choice_value": null,
      "text_value": null,
      "answered_at": "2025-07-01T08:35:00Z"
    }
  },
  {
    "model": "pramlearnapp.arcsanswer",
    "pk": 258,
    "fields": {
      "response": 13,
      "question": 18,
      "likert_value": 5,
      "choice_value": null,
      "text_value": null,
      "answered_at": "2025-07-01T08:35:00Z"
    }
  },
  {
    "model": "pramlearnapp.arcsanswer",
    "pk": 259,
    "fields": {
      "response": 13,
      "question": 19,
      "likert_value": 4,
      "choice_value": null,
      "text_value": null,
      "answered_at": "2025-07-01T08:35:00Z"
    }
  },
  {
    "model": "pramlearnapp.arcsanswer",
    "pk": 260,
    "fields": {
      "response": 13,
      "question": 20,
      "likert_value": 2,
      "choice_value": null,
      "text_value": null,
      "answered_at": "2025-07-01T08:35:00Z"
    }
  },
  {
    "model": "pramlearnapp.arcsanswer",
    "pk": 261,
    "fields": {
      "response": 14,
      "question": 1,
      "likert_value": 4,
      "choice_value": null,
      "text_value": null,
      "answered_at": "2025-07-01T08:35:00Z"
    }
  },
  {
    "model": "pramlearnapp.arcsanswer",
    "pk": 262,
    "fields": {
      "response": 14,
      "question": 2,
      "likert_value": 3,
      "choice_value": null,
      "text_value": null,
      "answered_at": "2025-07-01T08:35:00Z"
    }
  },
  {
    "model": "pramlearnapp.arcsanswer",
    "pk": 263,
    "fields": {
      "response": 14,
      "question": 3,
      "likert_value": 4,
      "choice_value": null,
      "text_value": null,
      "answered_at": "2025-07-01T08:35:00Z"
    }
  },
  {
    "model": "pramlearnapp.arcsanswer",
    "pk": 264,
    "fields": {
      "response": 14,
      "question": 4,
      "likert_value": 5,
      "choice_value": null,
      "text_value": null,
      "answered_at": "2025-07-01T08:35:00Z"
    }
  },
  {
    "model": "pramlearnapp.arcsanswer",
    "pk": 265,
    "fields": {
      "response": 14,
      "question": 5,
      "likert_value": 5,
      "choice_value": null,
      "text_value": null,
      "answered_at": "2025-07-01T08:35:00Z"
    }
  },
  {
    "model": "pramlearnapp.arcsanswer",
    "pk": 266,
    "fields": {
      "response": 14,
      "question": 6,
      "likert_value": 4,
      "choice_value": null,
      "text_value": null,
      "answered_at": "2025-07-01T08:35:00Z"
    }
  },
  {
    "model": "pramlearnapp.arcsanswer",
    "pk": 267,
    "fields": {
      "response": 14,
      "question": 7,
      "likert_value": 4,
      "choice_value": null,
      "text_value": null,
      "answered_at": "2025-07-01T08:35:00Z"
    }
  },
  {
    "model": "pramlearnapp.arcsanswer",
    "pk": 268,
    "fields": {
      "response": 14,
      "question": 8,
      "likert_value": 3,
      "choice_value": null,
      "text_value": null,
      "answered_at": "2025-07-01T08:35:00Z"
    }
  },
  {
    "model": "pramlearnapp.arcsanswer",
    "pk": 269,
    "fields": {
      "response": 14,
      "question": 9,
      "likert_value": 5,
      "choice_value": null,
      "text_value": null,
      "answered_at": "2025-07-01T08:35:00Z"
    }
  },
  {
    "model": "pramlearnapp.arcsanswer",
    "pk": 270,
    "fields": {
      "response": 14,
      "question": 10,
      "likert_value": 3,
      "choice_value": null,
      "text_value": null,
      "answered_at": "2025-07-01T08:35:00Z"
    }
  },
  {
    "model": "pramlearnapp.arcsanswer",
    "pk": 271,
    "fields": {
      "response": 14,
      "question": 11,
      "likert_value": 5,
      "choice_value": null,
      "text_value": null,
      "answered_at": "2025-07-01T08:35:00Z"
    }
  },
  {
    "model": "pramlearnapp.arcsanswer",
    "pk": 272,
    "fields": {
      "response": 14,
      "question": 12,
      "likert_value": 3,
      "choice_value": null,
      "text_value": null,
      "answered_at": "2025-07-01T08:35:00Z"
    }
  },
  {
    "model": "pramlearnapp.arcsanswer",
    "pk": 273,
    "fields": {
      "response": 14,
      "question": 13,
      "likert_value": 5,
      "choice_value": null,
      "text_value": null,
      "answered_at": "2025-07-01T08:35:00Z"
    }
  },
  {
    "model": "pramlearnapp.arcsanswer",
    "pk": 274,
    "fields": {
      "response": 14,
      "question": 14,
      "likert_value": 2,
      "choice_value": null,
      "text_value": null,
      "answered_at": "2025-07-01T08:35:00Z"
    }
  },
  {
    "model": "pramlearnapp.arcsanswer",
    "pk": 275,
    "fields": {
      "response": 14,
      "question": 15,
      "likert_value": 4,
      "choice_value": null,
      "text_value": null,
      "answered_at": "2025-07-01T08:35:00Z"
    }
  },
  {
    "model": "pramlearnapp.arcsanswer",
    "pk": 276,
    "fields": {
      "response": 14,
      "question": 16,
      "likert_value": 2,
      "choice_value": null,
      "text_value": null,
      "answered_at": "2025-07-01T08:35:00Z"
    }
  },
  {
    "model": "pramlearnapp.arcsanswer",
    "pk": 277,
    "fields": {
      "response": 14,
      "question": 17,
      "likert_value": 3,
      "choice_value": null,
      "text_value": null,
      "answered_at": "2025-07-01T08:35:00Z"
    }
  },
  {
    "model": "pramlearnapp.arcsanswer",
    "pk": 278,
    "fields": {
      "response": 14,
      "question": 18,
      "likert_value": 4,
      "choice_value": null,
      "text_value": null,
      "answered_at": "2025-07-01T08:35:00Z"
    }
  },
  {
    "model": "pramlearnapp.arcsanswer",
    "pk": 279,
    "fields": {
      "response": 14,
      "question": 19,
      "likert_value": 3,
      "choice_value": null,
      "text_value": null,
      "answered_at": "2025-07-01T08:35:00Z"
    }
  },
  {
    "model": "pramlearnapp.arcsanswer",
    "pk": 280,
    "fields": {
      "response": 14,
      "question": 20,
      "likert_value": 2,
      "choice_value": null,
      "text_value": null,
      "answered_at": "2025-07-01T08:35:00Z"
    }
  },
  {
    "model": "pramlearnapp.arcsanswer",
    "pk": 281,
    "fields": {
      "response": 15,
      "question": 1,
      "likert_value": 5,
      "choice_value": null,
      "text_value": null,
      "answered_at": "2025-07-01T08:35:00Z"
    }
  },
  {
    "model": "pramlearnapp.arcsanswer",
    "pk": 282,
    "fields": {
      "response": 15,
      "question": 2,
      "likert_value": 5,
      "choice_value": null,
      "text_value": null,
      "answered_at": "2025-07-01T08:35:00Z"
    }
  },
  {
    "model": "pramlearnapp.arcsanswer",
    "pk": 283,
    "fields": {
      "response": 15,
      "question": 3,
      "likert_value": 5,
      "choice_value": null,
      "text_value": null,
      "answered_at": "2025-07-01T08:35:00Z"
    }
  },
  {
    "model": "pramlearnapp.arcsanswer",
    "pk": 284,
    "fields": {
      "response": 15,
      "question": 4,
      "likert_value": 5,
      "choice_value": null,
      "text_value": null,
      "answered_at": "2025-07-01T08:35:00Z"
    }
  },
  {
    "model": "pramlearnapp.arcsanswer",
    "pk": 285,
    "fields": {
      "response": 15,
      "question": 5,
      "likert_value": 5,
      "choice_value": null,
      "text_value": null,
      "answered_at": "2025-07-01T08:35:00Z"
    }
  },
  {
    "model": "pramlearnapp.arcsanswer",
    "pk": 286,
    "fields": {
      "response": 15,
      "question": 6,
      "likert_value": 4,
      "choice_value": null,
      "text_value": null,
      "answered_at": "2025-07-01T08:35:00Z"
    }
  },
  {
    "model": "pramlearnapp.arcsanswer",
    "pk": 287,
    "fields": {
      "response": 15,
      "question": 7,
      "likert_value": 5,
      "choice_value": null,
      "text_value": null,
      "answered_at": "2025-07-01T08:35:00Z"
    }
  },
  {
    "model": "pramlearnapp.arcsanswer",
    "pk": 288,
    "fields": {
      "response": 15,
      "question": 8,
      "likert_value": 4,
      "choice_value": null,
      "text_value": null,
      "answered_at": "2025-07-01T08:35:00Z"
    }
  },
  {
    "model": "pramlearnapp.arcsanswer",
    "pk": 289,
    "fields": {
      "response": 15,
      "question": 9,
      "likert_value": 5,
      "choice_value": null,
      "text_value": null,
      "answered_at": "2025-07-01T08:35:00Z"
    }
  },
  {
    "model": "pramlearnapp.arcsanswer",
    "pk": 290,
    "fields": {
      "response": 15,
      "question": 10,
      "likert_value": 3,
      "choice_value": null,
      "text_value": null,
      "answered_at": "2025-07-01T08:35:00Z"
    }
  },
  {
    "model": "pramlearnapp.arcsanswer",
    "pk": 291,
    "fields": {
      "response": 15,
      "question": 11,
      "likert_value": 3,
      "choice_value": null,
      "text_value": null,
      "answered_at": "2025-07-01T08:35:00Z"
    }
  },
  {
    "model": "pramlearnapp.arcsanswer",
    "pk": 292,
    "fields": {
      "response": 15,
      "question": 12,
      "likert_value": 4,
      "choice_value": null,
      "text_value": null,
      "answered_at": "2025-07-01T08:35:00Z"
    }
  },
  {
    "model": "pramlearnapp.arcsanswer",
    "pk": 293,
    "fields": {
      "response": 15,
      "question": 13,
      "likert_value": 4,
      "choice_value": null,
      "text_value": null,
      "answered_at": "2025-07-01T08:35:00Z"
    }
  },
  {
    "model": "pramlearnapp.arcsanswer",
    "pk": 294,
    "fields": {
      "response": 15,
      "question": 14,
      "likert_value": 3,
      "choice_value": null,
      "text_value": null,
      "answered_at": "2025-07-01T08:35:00Z"
    }
  },
  {
    "model": "pramlearnapp.arcsanswer",
    "pk": 295,
    "fields": {
      "response": 15,
      "question": 15,
      "likert_value": 2,
      "choice_value": null,
      "text_value": null,
      "answered_at": "2025-07-01T08:35:00Z"
    }
  },
  {
    "model": "pramlearnapp.arcsanswer",
    "pk": 296,
    "fields": {
      "response": 15,
      "question": 16,
      "likert_value": 4,
      "choice_value": null,
      "text_value": null,
      "answered_at": "2025-07-01T08:35:00Z"
    }
  },
  {
    "model": "pramlearnapp.arcsanswer",
    "pk": 297,
    "fields": {
      "response": 15,
      "question": 17,
      "likert_value": 3,
      "choice_value": null,
      "text_value": null,
      "answered_at": "2025-07-01T08:35:00Z"
    }
  },
  {
    "model": "pramlearnapp.arcsanswer",
    "pk": 298,
    "fields": {
      "response": 15,
      "question": 18,
      "likert_value": 3,
      "choice_value": null,
      "text_value": null,
      "answered_at": "2025-07-01T08:35:00Z"
    }
  },
  {
    "model": "pramlearnapp.arcsanswer",
    "pk": 299,
    "fields": {
      "response": 15,
      "question": 19,
      "likert_value": 4,
      "choice_value": null,
      "text_value": null,
      "answered_at": "2025-07-01T08:35:00Z"
    }
  },
  {
    "model": "pramlearnapp.arcsanswer",
    "pk": 300,
    "fields": {
      "response": 15,
      "question": 20,
      "likert_value": 4,
      "choice_value": null,
      "text_value": null,
      "answered_at": "2025-07-01T08:35:00Z"
    }
  },
  {
    "model": "pramlearnapp.arcsanswer",
    "pk": 301,
    "fields": {
      "response": 16,
      "question": 1,
      "likert_value": 5,
      "choice_value": null,
      "text_value": null,
      "answered_at": "2025-07-01T08:35:00Z"
    }
  },
  {
    "model": "pramlearnapp.arcsanswer",
    "pk": 302,
    "fields": {
      "response": 16,
      "question": 2,
      "likert_value": 3,
      "choice_value": null,
      "text_value": null,
      "answered_at": "2025-07-01T08:35:00Z"
    }
  },
  {
    "model": "pramlearnapp.arcsanswer",
    "pk": 303,
    "fields": {
      "response": 16,
      "question": 3,
      "likert_value": 5,
      "choice_value": null,
      "text_value": null,
      "answered_at": "2025-07-01T08:35:00Z"
    }
  },
  {
    "model": "pramlearnapp.arcsanswer",
    "pk": 304,
    "fields": {
      "response": 16,
      "question": 4,
      "likert_value": 4,
      "choice_value": null,
      "text_value": null,
      "answered_at": "2025-07-01T08:35:00Z"
    }
  },
  {
    "model": "pramlearnapp.arcsanswer",
    "pk": 305,
    "fields": {
      "response": 16,
      "question": 5,
      "likert_value": 4,
      "choice_value": null,
      "text_value": null,
      "answered_at": "2025-07-01T08:35:00Z"
    }
  },
  {
    "model": "pramlearnapp.arcsanswer",
    "pk": 306,
    "fields": {
      "response": 16,
      "question": 6,
      "likert_value": 4,
      "choice_value": null,
      "text_value": null,
      "answered_at": "2025-07-01T08:35:00Z"
    }
  },
  {
    "model": "pramlearnapp.arcsanswer",
    "pk": 307,
    "fields": {
      "response": 16,
      "question": 7,
      "likert_value": 5,
      "choice_value": null,
      "text_value": null,
      "answered_at": "2025-07-01T08:35:00Z"
    }
  },
  {
    "model": "pramlearnapp.arcsanswer",
    "pk": 308,
    "fields": {
      "response": 16,
      "question": 8,
      "likert_value": 4,
      "choice_value": null,
      "text_value": null,
      "answered_at": "2025-07-01T08:35:00Z"
    }
  },
  {
    "model": "pramlearnapp.arcsanswer",
    "pk": 309,
    "fields": {
      "response": 16,
      "question": 9,
      "likert_value": 3,
      "choice_value": null,
      "text_value": null,
      "answered_at": "2025-07-01T08:35:00Z"
    }
  },
  {
    "model": "pramlearnapp.arcsanswer",
    "pk": 310,
    "fields": {
      "response": 16,
      "question": 10,
      "likert_value": 3,
      "choice_value": null,
      "text_value": null,
      "answered_at": "2025-07-01T08:35:00Z"
    }
  },
  {
    "model": "pramlearnapp.arcsanswer",
    "pk": 311,
    "fields": {
      "response": 16,
      "question": 11,
      "likert_value": 4,
      "choice_value": null,
      "text_value": null,
      "answered_at": "2025-07-01T08:35:00Z"
    }
  },
  {
    "model": "pramlearnapp.arcsanswer",
    "pk": 312,
    "fields": {
      "response": 16,
      "question": 12,
      "likert_value": 3,
      "choice_value": null,
      "text_value": null,
      "answered_at": "2025-07-01T08:35:00Z"
    }
  },
  {
    "model": "pramlearnapp.arcsanswer",
    "pk": 313,
    "fields": {
      "response": 16,
      "question": 13,
      "likert_value": 4,
      "choice_value": null,
      "text_value": null,
      "answered_at": "2025-07-01T08:35:00Z"
    }
  },
  {
    "model": "pramlearnapp.arcsanswer",
    "pk": 314,
    "fields": {
      "response": 16,
      "question": 14,
      "likert_value": 4,
      "choice_value": null,
      "text_value": null,
      "answered_at": "2025-07-01T08:35:00Z"
    }
  },
  {
    "model": "pramlearnapp.arcsanswer",
    "pk": 315,
    "fields": {
      "response": 16,
      "question": 15,
      "likert_value": 3,
      "choice_value": null,
      "text_value": null,
      "answered_at": "2025-07-01T08:35:00Z"
    }
  },
  {
    "model": "pramlearnapp.arcsanswer",
    "pk": 316,
    "fields": {
      "response": 16,
      "question": 16,
      "likert_value": 3,
      "choice_value": null,
      "text_value": null,
      "answered_at": "2025-07-01T08:35:00Z"
    }
  },
  {
    "model": "pramlearnapp.arcsanswer",
    "pk": 317,
    "fields": {
      "response": 16,
      "question": 17,
      "likert_value": 5,
      "choice_value": null,
      "text_value": null,
      "answered_at": "2025-07-01T08:35:00Z"
    }
  },
  {
    "model": "pramlearnapp.arcsanswer",
    "pk": 318,
    "fields": {
      "response": 16,
      "question": 18,
      "likert_value": 5,
      "choice_value": null,
      "text_value": null,
      "answered_at": "2025-07-01T08:35:00Z"
    }
  },
  {
    "model": "pramlearnapp.arcsanswer",
    "pk": 319,
    "fields": {
      "response": 16,
      "question": 19,
      "likert_value": 4,
      "choice_value": null,
      "text_value": null,
      "answered_at": "2025-07-01T08:35:00Z"
    }
  },
  {
    "model": "pramlearnapp.arcsanswer",
    "pk": 320,
    "fields": {
      "response": 16,
      "question": 20,
      "likert_value": 3,
      "choice_value": null,
      "text_value": null,
      "answered_at": "2025-07-01T08:35:00Z"
    }
  },
  {
    "model": "pramlearnapp.arcsanswer",
    "pk": 321,
    "fields": {
      "response": 17,
      "question": 1,
      "likert_value": 5,
      "choice_value": null,
      "text_value": null,
      "answered_at": "2025-07-01T08:35:00Z"
    }
  },
  {
    "model": "pramlearnapp.arcsanswer",
    "pk": 322,
    "fields": {
      "response": 17,
      "question": 2,
      "likert_value": 5,
      "choice_value": null,
      "text_value": null,
      "answered_at": "2025-07-01T08:35:00Z"
    }
  },
  {
    "model": "pramlearnapp.arcsanswer",
    "pk": 323,
    "fields": {
      "response": 17,
      "question": 3,
      "likert_value": 4,
      "choice_value": null,
      "text_value": null,
      "answered_at": "2025-07-01T08:35:00Z"
    }
  },
  {
    "model": "pramlearnapp.arcsanswer",
    "pk": 324,
    "fields": {
      "response": 17,
      "question": 4,
      "likert_value": 5,
      "choice_value": null,
      "text_value": null,
      "answered_at": "2025-07-01T08:35:00Z"
    }
  },
  {
    "model": "pramlearnapp.arcsanswer",
    "pk": 325,
    "fields": {
      "response": 17,
      "question": 5,
      "likert_value": 3,
      "choice_value": null,
      "text_value": null,
      "answered_at": "2025-07-01T08:35:00Z"
    }
  },
  {
    "model": "pramlearnapp.arcsanswer",
    "pk": 326,
    "fields": {
      "response": 17,
      "question": 6,
      "likert_value": 3,
      "choice_value": null,
      "text_value": null,
      "answered_at": "2025-07-01T08:35:00Z"
    }
  },
  {
    "model": "pramlearnapp.arcsanswer",
    "pk": 327,
    "fields": {
      "response": 17,
      "question": 7,
      "likert_value": 3,
      "choice_value": null,
      "text_value": null,
      "answered_at": "2025-07-01T08:35:00Z"
    }
  },
  {
    "model": "pramlearnapp.arcsanswer",
    "pk": 328,
    "fields": {
      "response": 17,
      "question": 8,
      "likert_value": 5,
      "choice_value": null,
      "text_value": null,
      "answered_at": "2025-07-01T08:35:00Z"
    }
  },
  {
    "model": "pramlearnapp.arcsanswer",
    "pk": 329,
    "fields": {
      "response": 17,
      "question": 9,
      "likert_value": 3,
      "choice_value": null,
      "text_value": null,
      "answered_at": "2025-07-01T08:35:00Z"
    }
  },
  {
    "model": "pramlearnapp.arcsanswer",
    "pk": 330,
    "fields": {
      "response": 17,
      "question": 10,
      "likert_value": 4,
      "choice_value": null,
      "text_value": null,
      "answered_at": "2025-07-01T08:35:00Z"
    }
  },
  {
    "model": "pramlearnapp.arcsanswer",
    "pk": 331,
    "fields": {
      "response": 17,
      "question": 11,
      "likert_value": 3,
      "choice_value": null,
      "text_value": null,
      "answered_at": "2025-07-01T08:35:00Z"
    }
  },
  {
    "model": "pramlearnapp.arcsanswer",
    "pk": 332,
    "fields": {
      "response": 17,
      "question": 12,
      "likert_value": 4,
      "choice_value": null,
      "text_value": null,
      "answered_at": "2025-07-01T08:35:00Z"
    }
  },
  {
    "model": "pramlearnapp.arcsanswer",
    "pk": 333,
    "fields": {
      "response": 17,
      "question": 13,
      "likert_value": 3,
      "choice_value": null,
      "text_value": null,
      "answered_at": "2025-07-01T08:35:00Z"
    }
  },
  {
    "model": "pramlearnapp.arcsanswer",
    "pk": 334,
    "fields": {
      "response": 17,
      "question": 14,
      "likert_value": 4,
      "choice_value": null,
      "text_value": null,
      "answered_at": "2025-07-01T08:35:00Z"
    }
  },
  {
    "model": "pramlearnapp.arcsanswer",
    "pk": 335,
    "fields": {
      "response": 17,
      "question": 15,
      "likert_value": 3,
      "choice_value": null,
      "text_value": null,
      "answered_at": "2025-07-01T08:35:00Z"
    }
  },
  {
    "model": "pramlearnapp.arcsanswer",
    "pk": 336,
    "fields": {
      "response": 17,
      "question": 16,
      "likert_value": 4,
      "choice_value": null,
      "text_value": null,
      "answered_at": "2025-07-01T08:35:00Z"
    }
  },
  {
    "model": "pramlearnapp.arcsanswer",
    "pk": 337,
    "fields": {
      "response": 17,
      "question": 17,
      "likert_value": 3,
      "choice_value": null,
      "text_value": null,
      "answered_at": "2025-07-01T08:35:00Z"
    }
  },
  {
    "model": "pramlearnapp.arcsanswer",
    "pk": 338,
    "fields": {
      "response": 17,
      "question": 18,
      "likert_value": 4,
      "choice_value": null,
      "text_value": null,
      "answered_at": "2025-07-01T08:35:00Z"
    }
  },
  {
    "model": "pramlearnapp.arcsanswer",
    "pk": 339,
    "fields": {
      "response": 17,
      "question": 19,
      "likert_value": 4,
      "choice_value": null,
      "text_value": null,
      "answered_at": "2025-07-01T08:35:00Z"
    }
  },
  {
    "model": "pramlearnapp.arcsanswer",
    "pk": 340,
    "fields": {
      "response": 17,
      "question": 20,
      "likert_value": 5,
      "choice_value": null,
      "text_value": null,
      "answered_at": "2025-07-01T08:35:00Z"
    }
  },
  {
    "model": "pramlearnapp.arcsanswer",
    "pk": 341,
    "fields": {
      "response": 18,
      "question": 1,
      "likert_value": 4,
      "choice_value": null,
      "text_value": null,
      "answered_at": "2025-07-01T08:35:00Z"
    }
  },
  {
    "model": "pramlearnapp.arcsanswer",
    "pk": 342,
    "fields": {
      "response": 18,
      "question": 2,
      "likert_value": 4,
      "choice_value": null,
      "text_value": null,
      "answered_at": "2025-07-01T08:35:00Z"
    }
  },
  {
    "model": "pramlearnapp.arcsanswer",
    "pk": 343,
    "fields": {
      "response": 18,
      "question": 3,
      "likert_value": 5,
      "choice_value": null,
      "text_value": null,
      "answered_at": "2025-07-01T08:35:00Z"
    }
  },
  {
    "model": "pramlearnapp.arcsanswer",
    "pk": 344,
    "fields": {
      "response": 18,
      "question": 4,
      "likert_value": 5,
      "choice_value": null,
      "text_value": null,
      "answered_at": "2025-07-01T08:35:00Z"
    }
  },
  {
    "model": "pramlearnapp.arcsanswer",
    "pk": 345,
    "fields": {
      "response": 18,
      "question": 5,
      "likert_value": 4,
      "choice_value": null,
      "text_value": null,
      "answered_at": "2025-07-01T08:35:00Z"
    }
  },
  {
    "model": "pramlearnapp.arcsanswer",
    "pk": 346,
    "fields": {
      "response": 18,
      "question": 6,
      "likert_value": 3,
      "choice_value": null,
      "text_value": null,
      "answered_at": "2025-07-01T08:35:00Z"
    }
  },
  {
    "model": "pramlearnapp.arcsanswer",
    "pk": 347,
    "fields": {
      "response": 18,
      "question": 7,
      "likert_value": 3,
      "choice_value": null,
      "text_value": null,
      "answered_at": "2025-07-01T08:35:00Z"
    }
  },
  {
    "model": "pramlearnapp.arcsanswer",
    "pk": 348,
    "fields": {
      "response": 18,
      "question": 8,
      "likert_value": 5,
      "choice_value": null,
      "text_value": null,
      "answered_at": "2025-07-01T08:35:00Z"
    }
  },
  {
    "model": "pramlearnapp.arcsanswer",
    "pk": 349,
    "fields": {
      "response": 18,
      "question": 9,
      "likert_value": 5,
      "choice_value": null,
      "text_value": null,
      "answered_at": "2025-07-01T08:35:00Z"
    }
  },
  {
    "model": "pramlearnapp.arcsanswer",
    "pk": 350,
    "fields": {
      "response": 18,
      "question": 10,
      "likert_value": 4,
      "choice_value": null,
      "text_value": null,
      "answered_at": "2025-07-01T08:35:00Z"
    }
  },
  {
    "model": "pramlearnapp.arcsanswer",
    "pk": 351,
    "fields": {
      "response": 18,
      "question": 11,
      "likert_value": 4,
      "choice_value": null,
      "text_value": null,
      "answered_at": "2025-07-01T08:35:00Z"
    }
  },
  {
    "model": "pramlearnapp.arcsanswer",
    "pk": 352,
    "fields": {
      "response": 18,
      "question": 12,
      "likert_value": 5,
      "choice_value": null,
      "text_value": null,
      "answered_at": "2025-07-01T08:35:00Z"
    }
  },
  {
    "model": "pramlearnapp.arcsanswer",
    "pk": 353,
    "fields": {
      "response": 18,
      "question": 13,
      "likert_value": 3,
      "choice_value": null,
      "text_value": null,
      "answered_at": "2025-07-01T08:35:00Z"
    }
  },
  {
    "model": "pramlearnapp.arcsanswer",
    "pk": 354,
    "fields": {
      "response": 18,
      "question": 14,
      "likert_value": 3,
      "choice_value": null,
      "text_value": null,
      "answered_at": "2025-07-01T08:35:00Z"
    }
  },
  {
    "model": "pramlearnapp.arcsanswer",
    "pk": 355,
    "fields": {
      "response": 18,
      "question": 15,
      "likert_value": 2,
      "choice_value": null,
      "text_value": null,
      "answered_at": "2025-07-01T08:35:00Z"
    }
  },
  {
    "model": "pramlearnapp.arcsanswer",
    "pk": 356,
    "fields": {
      "response": 18,
      "question": 16,
      "likert_value": 3,
      "choice_value": null,
      "text_value": null,
      "answered_at": "2025-07-01T08:35:00Z"
    }
  },
  {
    "model": "pramlearnapp.arcsanswer",
    "pk": 357,
    "fields": {
      "response": 18,
      "question": 17,
      "likert_value": 2,
      "choice_value": null,
      "text_value": null,
      "answered_at": "2025-07-01T08:35:00Z"
    }
  },
  {
    "model": "pramlearnapp.arcsanswer",
    "pk": 358,
    "fields": {
      "response": 18,
      "question": 18,
      "likert_value": 2,
      "choice_value": null,
      "text_value": null,
      "answered_at": "2025-07-01T08:35:00Z"
    }
  },
  {
    "model": "pramlearnapp.arcsanswer",
    "pk": 359,
    "fields": {
      "response": 18,
      "question": 19,
      "likert_value": 4,
      "choice_value": null,
      "text_value": null,
      "answered_at": "2025-07-01T08:35:00Z"
    }
  },
  {
    "model": "pramlearnapp.arcsanswer",
    "pk": 360,
    "fields": {
      "response": 18,
      "question": 20,
      "likert_value": 4,
      "choice_value": null,
      "text_value": null,
      "answered_at": "2025-07-01T08:35:00Z"
    }
  },
  {
    "model": "pramlearnapp.arcsanswer",
    "pk": 361,
    "fields": {
      "response": 19,
      "question": 1,
      "likert_value": 5,
      "choice_value": null,
      "text_value": null,
      "answered_at": "2025-07-01T08:35:00Z"
    }
  },
  {
    "model": "pramlearnapp.arcsanswer",
    "pk": 362,
    "fields": {
      "response": 19,
      "question": 2,
      "likert_value": 3,
      "choice_value": null,
      "text_value": null,
      "answered_at": "2025-07-01T08:35:00Z"
    }
  },
  {
    "model": "pramlearnapp.arcsanswer",
    "pk": 363,
    "fields": {
      "response": 19,
      "question": 3,
      "likert_value": 5,
      "choice_value": null,
      "text_value": null,
      "answered_at": "2025-07-01T08:35:00Z"
    }
  },
  {
    "model": "pramlearnapp.arcsanswer",
    "pk": 364,
    "fields": {
      "response": 19,
      "question": 4,
      "likert_value": 4,
      "choice_value": null,
      "text_value": null,
      "answered_at": "2025-07-01T08:35:00Z"
    }
  },
  {
    "model": "pramlearnapp.arcsanswer",
    "pk": 365,
    "fields": {
      "response": 19,
      "question": 5,
      "likert_value": 5,
      "choice_value": null,
      "text_value": null,
      "answered_at": "2025-07-01T08:35:00Z"
    }
  },
  {
    "model": "pramlearnapp.arcsanswer",
    "pk": 366,
    "fields": {
      "response": 19,
      "question": 6,
      "likert_value": 3,
      "choice_value": null,
      "text_value": null,
      "answered_at": "2025-07-01T08:35:00Z"
    }
  },
  {
    "model": "pramlearnapp.arcsanswer",
    "pk": 367,
    "fields": {
      "response": 19,
      "question": 7,
      "likert_value": 4,
      "choice_value": null,
      "text_value": null,
      "answered_at": "2025-07-01T08:35:00Z"
    }
  },
  {
    "model": "pramlearnapp.arcsanswer",
    "pk": 368,
    "fields": {
      "response": 19,
      "question": 8,
      "likert_value": 3,
      "choice_value": null,
      "text_value": null,
      "answered_at": "2025-07-01T08:35:00Z"
    }
  },
  {
    "model": "pramlearnapp.arcsanswer",
    "pk": 369,
    "fields": {
      "response": 19,
      "question": 9,
      "likert_value": 4,
      "choice_value": null,
      "text_value": null,
      "answered_at": "2025-07-01T08:35:00Z"
    }
  },
  {
    "model": "pramlearnapp.arcsanswer",
    "pk": 370,
    "fields": {
      "response": 19,
      "question": 10,
      "likert_value": 3,
      "choice_value": null,
      "text_value": null,
      "answered_at": "2025-07-01T08:35:00Z"
    }
  },
  {
    "model": "pramlearnapp.arcsanswer",
    "pk": 371,
    "fields": {
      "response": 19,
      "question": 11,
      "likert_value": 3,
      "choice_value": null,
      "text_value": null,
      "answered_at": "2025-07-01T08:35:00Z"
    }
  },
  {
    "model": "pramlearnapp.arcsanswer",
    "pk": 372,
    "fields": {
      "response": 19,
      "question": 12,
      "likert_value": 2,
      "choice_value": null,
      "text_value": null,
      "answered_at": "2025-07-01T08:35:00Z"
    }
  },
  {
    "model": "pramlearnapp.arcsanswer",
    "pk": 373,
    "fields": {
      "response": 19,
      "question": 13,
      "likert_value": 2,
      "choice_value": null,
      "text_value": null,
      "answered_at": "2025-07-01T08:35:00Z"
    }
  },
  {
    "model": "pramlearnapp.arcsanswer",
    "pk": 374,
    "fields": {
      "response": 19,
      "question": 14,
      "likert_value": 3,
      "choice_value": null,
      "text_value": null,
      "answered_at": "2025-07-01T08:35:00Z"
    }
  },
  {
    "model": "pramlearnapp.arcsanswer",
    "pk": 375,
    "fields": {
      "response": 19,
      "question": 15,
      "likert_value": 3,
      "choice_value": null,
      "text_value": null,
      "answered_at": "2025-07-01T08:35:00Z"
    }
  },
  {
    "model": "pramlearnapp.arcsanswer",
    "pk": 376,
    "fields": {
      "response": 19,
      "question": 16,
      "likert_value": 5,
      "choice_value": null,
      "text_value": null,
      "answered_at": "2025-07-01T08:35:00Z"
    }
  },
  {
    "model": "pramlearnapp.arcsanswer",
    "pk": 377,
    "fields": {
      "response": 19,
      "question": 17,
      "likert_value": 5,
      "choice_value": null,
      "text_value": null,
      "answered_at": "2025-07-01T08:35:00Z"
    }
  },
  {
    "model": "pramlearnapp.arcsanswer",
    "pk": 378,
    "fields": {
      "response": 19,
      "question": 18,
      "likert_value": 4,
      "choice_value": null,
      "text_value": null,
      "answered_at": "2025-07-01T08:35:00Z"
    }
  },
  {
    "model": "pramlearnapp.arcsanswer",
    "pk": 379,
    "fields": {
      "response": 19,
      "question": 19,
      "likert_value": 3,
      "choice_value": null,
      "text_value": null,
      "answered_at": "2025-07-01T08:35:00Z"
    }
  },
  {
    "model": "pramlearnapp.arcsanswer",
    "pk": 380,
    "fields": {
      "response": 19,
      "question": 20,
      "likert_value": 3,
      "choice_value": null,
      "text_value": null,
      "answered_at": "2025-07-01T08:35:00Z"
    }
  },
  {
    "model": "pramlearnapp.arcsanswer",
    "pk": 381,
    "fields": {
      "response": 20,
      "question": 1,
      "likert_value": 5,
      "choice_value": null,
      "text_value": null,
      "answered_at": "2025-07-01T08:35:00Z"
    }
  },
  {
    "model": "pramlearnapp.arcsanswer",
    "pk": 382,
    "fields": {
      "response": 20,
      "question": 2,
      "likert_value": 3,
      "choice_value": null,
      "text_value": null,
      "answered_at": "2025-07-01T08:35:00Z"
    }
  },
  {
    "model": "pramlearnapp.arcsanswer",
    "pk": 383,
    "fields": {
      "response": 20,
      "question": 3,
      "likert_value": 5,
      "choice_value": null,
      "text_value": null,
      "answered_at": "2025-07-01T08:35:00Z"
    }
  },
  {
    "model": "pramlearnapp.arcsanswer",
    "pk": 384,
    "fields": {
      "response": 20,
      "question": 4,
      "likert_value": 3,
      "choice_value": null,
      "text_value": null,
      "answered_at": "2025-07-01T08:35:00Z"
    }
  },
  {
    "model": "pramlearnapp.arcsanswer",
    "pk": 385,
    "fields": {
      "response": 20,
      "question": 5,
      "likert_value": 3,
      "choice_value": null,
      "text_value": null,
      "answered_at": "2025-07-01T08:35:00Z"
    }
  },
  {
    "model": "pramlearnapp.arcsanswer",
    "pk": 386,
    "fields": {
      "response": 20,
      "question": 6,
      "likert_value": 5,
      "choice_value": null,
      "text_value": null,
      "answered_at": "2025-07-01T08:35:00Z"
    }
  },
  {
    "model": "pramlearnapp.arcsanswer",
    "pk": 387,
    "fields": {
      "response": 20,
      "question": 7,
      "likert_value": 5,
      "choice_value": null,
      "text_value": null,
      "answered_at": "2025-07-01T08:35:00Z"
    }
  },
  {
    "model": "pramlearnapp.arcsanswer",
    "pk": 388,
    "fields": {
      "response": 20,
      "question": 8,
      "likert_value": 4,
      "choice_value": null,
      "text_value": null,
      "answered_at": "2025-07-01T08:35:00Z"
    }
  },
  {
    "model": "pramlearnapp.arcsanswer",
    "pk": 389,
    "fields": {
      "response": 20,
      "question": 9,
      "likert_value": 3,
      "choice_value": null,
      "text_value": null,
      "answered_at": "2025-07-01T08:35:00Z"
    }
  },
  {
    "model": "pramlearnapp.arcsanswer",
    "pk": 390,
    "fields": {
      "response": 20,
      "question": 10,
      "likert_value": 4,
      "choice_value": null,
      "text_value": null,
      "answered_at": "2025-07-01T08:35:00Z"
    }
  },
  {
    "model": "pramlearnapp.arcsanswer",
    "pk": 391,
    "fields": {
      "response": 20,
      "question": 11,
      "likert_value": 4,
      "choice_value": null,
      "text_value": null,
      "answered_at": "2025-07-01T08:35:00Z"
    }
  },
  {
    "model": "pramlearnapp.arcsanswer",
    "pk": 392,
    "fields": {
      "response": 20,
      "question": 12,
      "likert_value": 4,
      "choice_value": null,
      "text_value": null,
      "answered_at": "2025-07-01T08:35:00Z"
    }
  },
  {
    "model": "pramlearnapp.arcsanswer",
    "pk": 393,
    "fields": {
      "response": 20,
      "question": 13,
      "likert_value": 4,
      "choice_value": null,
      "text_value": null,
      "answered_at": "2025-07-01T08:35:00Z"
    }
  },
  {
    "model": "pramlearnapp.arcsanswer",
    "pk": 394,
    "fields": {
      "response": 20,
      "question": 14,
      "likert_value": 5,
      "choice_value": null,
      "text_value": null,
      "answered_at": "2025-07-01T08:35:00Z"
    }
  },
  {
    "model": "pramlearnapp.arcsanswer",
    "pk": 395,
    "fields": {
      "response": 20,
      "question": 15,
      "likert_value": 5,
      "choice_value": null,
      "text_value": null,
      "answered_at": "2025-07-01T08:35:00Z"
    }
  },
  {
    "model": "pramlearnapp.arcsanswer",
    "pk": 396,
    "fields": {
      "response": 20,
      "question": 16,
      "likert_value": 3,
      "choice_value": null,
      "text_value": null,
      "answered_at": "2025-07-01T08:35:00Z"
    }
  },
  {
    "model": "pramlearnapp.arcsanswer",
    "pk": 397,
    "fields": {
      "response": 20,
      "question": 17,
      "likert_value": 3,
      "choice_value": null,
      "text_value": null,
      "answered_at": "2025-07-01T08:35:00Z"
    }
  },
  {
    "model": "pramlearnapp.arcsanswer",
    "pk": 398,
    "fields": {
      "response": 20,
      "question": 18,
      "likert_value": 4,
      "choice_value": null,
      "text_value": null,
      "answered_at": "2025-07-01T08:35:00Z"
    }
  },
  {
    "model": "pramlearnapp.arcsanswer",
    "pk": 399,
    "fields": {
      "response": 20,
      "question": 19,
      "likert_value": 4,
      "choice_value": null,
      "text_value": null,
      "answered_at": "2025-07-01T08:35:00Z"
    }
  },
  {
    "model": "pramlearnapp.arcsanswer",
    "pk": 400,
    "fields": {
      "response": 20,
      "question": 20,
      "likert_value": 4,
      "choice_value": null,
      "text_value": null,
      "answered_at": "2025-07-01T08:35:00Z"
    }
  },
  {
    "model": "pramlearnapp.arcsanswer",
    "pk": 401,
    "fields": {
      "response": 21,
      "question": 1,
      "likert_value": 4,
      "choice_value": null,
      "text_value": null,
      "answered_at": "2025-07-01T08:35:00Z"
    }
  },
  {
    "model": "pramlearnapp.arcsanswer",
    "pk": 402,
    "fields": {
      "response": 21,
      "question": 2,
      "likert_value": 4,
      "choice_value": null,
      "text_value": null,
      "answered_at": "2025-07-01T08:35:00Z"
    }
  },
  {
    "model": "pramlearnapp.arcsanswer",
    "pk": 403,
    "fields": {
      "response": 21,
      "question": 3,
      "likert_value": 3,
      "choice_value": null,
      "text_value": null,
      "answered_at": "2025-07-01T08:35:00Z"
    }
  },
  {
    "model": "pramlearnapp.arcsanswer",
    "pk": 404,
    "fields": {
      "response": 21,
      "question": 4,
      "likert_value": 5,
      "choice_value": null,
      "text_value": null,
      "answered_at": "2025-07-01T08:35:00Z"
    }
  },
  {
    "model": "pramlearnapp.arcsanswer",
    "pk": 405,
    "fields": {
      "response": 21,
      "question": 5,
      "likert_value": 3,
      "choice_value": null,
      "text_value": null,
      "answered_at": "2025-07-01T08:35:00Z"
    }
  },
  {
    "model": "pramlearnapp.arcsanswer",
    "pk": 406,
    "fields": {
      "response": 21,
      "question": 6,
      "likert_value": 4,
      "choice_value": null,
      "text_value": null,
      "answered_at": "2025-07-01T08:35:00Z"
    }
  },
  {
    "model": "pramlearnapp.arcsanswer",
    "pk": 407,
    "fields": {
      "response": 21,
      "question": 7,
      "likert_value": 5,
      "choice_value": null,
      "text_value": null,
      "answered_at": "2025-07-01T08:35:00Z"
    }
  },
  {
    "model": "pramlearnapp.arcsanswer",
    "pk": 408,
    "fields": {
      "response": 21,
      "question": 8,
      "likert_value": 4,
      "choice_value": null,
      "text_value": null,
      "answered_at": "2025-07-01T08:35:00Z"
    }
  },
  {
    "model": "pramlearnapp.arcsanswer",
    "pk": 409,
    "fields": {
      "response": 21,
      "question": 9,
      "likert_value": 5,
      "choice_value": null,
      "text_value": null,
      "answered_at": "2025-07-01T08:35:00Z"
    }
  },
  {
    "model": "pramlearnapp.arcsanswer",
    "pk": 410,
    "fields": {
      "response": 21,
      "question": 10,
      "likert_value": 4,
      "choice_value": null,
      "text_value": null,
      "answered_at": "2025-07-01T08:35:00Z"
    }
  },
  {
    "model": "pramlearnapp.arcsanswer",
    "pk": 411,
    "fields": {
      "response": 21,
      "question": 11,
      "likert_value": 4,
      "choice_value": null,
      "text_value": null,
      "answered_at": "2025-07-01T08:35:00Z"
    }
  },
  {
    "model": "pramlearnapp.arcsanswer",
    "pk": 412,
    "fields": {
      "response": 21,
      "question": 12,
      "likert_value": 3,
      "choice_value": null,
      "text_value": null,
      "answered_at": "2025-07-01T08:35:00Z"
    }
  },
  {
    "model": "pramlearnapp.arcsanswer",
    "pk": 413,
    "fields": {
      "response": 21,
      "question": 13,
      "likert_value": 4,
      "choice_value": null,
      "text_value": null,
      "answered_at": "2025-07-01T08:35:00Z"
    }
  },
  {
    "model": "pramlearnapp.arcsanswer",
    "pk": 414,
    "fields": {
      "response": 21,
      "question": 14,
      "likert_value": 2,
      "choice_value": null,
      "text_value": null,
      "answered_at": "2025-07-01T08:35:00Z"
    }
  },
  {
    "model": "pramlearnapp.arcsanswer",
    "pk": 415,
    "fields": {
      "response": 21,
      "question": 15,
      "likert_value": 4,
      "choice_value": null,
      "text_value": null,
      "answered_at": "2025-07-01T08:35:00Z"
    }
  },
  {
    "model": "pramlearnapp.arcsanswer",
    "pk": 416,
    "fields": {
      "response": 21,
      "question": 16,
      "likert_value": 3,
      "choice_value": null,
      "text_value": null,
      "answered_at": "2025-07-01T08:35:00Z"
    }
  },
  {
    "model": "pramlearnapp.arcsanswer",
    "pk": 417,
    "fields": {
      "response": 21,
      "question": 17,
      "likert_value": 4,
      "choice_value": null,
      "text_value": null,
      "answered_at": "2025-07-01T08:35:00Z"
    }
  },
  {
    "model": "pramlearnapp.arcsanswer",
    "pk": 418,
    "fields": {
      "response": 21,
      "question": 18,
      "likert_value": 4,
      "choice_value": null,
      "text_value": null,
      "answered_at": "2025-07-01T08:35:00Z"
    }
  },
  {
    "model": "pramlearnapp.arcsanswer",
    "pk": 419,
    "fields": {
      "response": 21,
      "question": 19,
      "likert_value": 4,
      "choice_value": null,
      "text_value": null,
      "answered_at": "2025-07-01T08:35:00Z"
    }
  },
  {
    "model": "pramlearnapp.arcsanswer",
    "pk": 420,
    "fields": {
      "response": 21,
      "question": 20,
      "likert_value": 3,
      "choice_value": null,
      "text_value": null,
      "answered_at": "2025-07-01T08:35:00Z"
    }
  },
  {
    "model": "pramlearnapp.arcsanswer",
    "pk": 421,
    "fields": {
      "response": 22,
      "question": 1,
      "likert_value": 5,
      "choice_value": null,
      "text_value": null,
      "answered_at": "2025-07-01T08:35:00Z"
    }
  },
  {
    "model": "pramlearnapp.arcsanswer",
    "pk": 422,
    "fields": {
      "response": 22,
      "question": 2,
      "likert_value": 5,
      "choice_value": null,
      "text_value": null,
      "answered_at": "2025-07-01T08:35:00Z"
    }
  },
  {
    "model": "pramlearnapp.arcsanswer",
    "pk": 423,
    "fields": {
      "response": 22,
      "question": 3,
      "likert_value": 5,
      "choice_value": null,
      "text_value": null,
      "answered_at": "2025-07-01T08:35:00Z"
    }
  },
  {
    "model": "pramlearnapp.arcsanswer",
    "pk": 424,
    "fields": {
      "response": 22,
      "question": 4,
      "likert_value": 4,
      "choice_value": null,
      "text_value": null,
      "answered_at": "2025-07-01T08:35:00Z"
    }
  },
  {
    "model": "pramlearnapp.arcsanswer",
    "pk": 425,
    "fields": {
      "response": 22,
      "question": 5,
      "likert_value": 3,
      "choice_value": null,
      "text_value": null,
      "answered_at": "2025-07-01T08:35:00Z"
    }
  },
  {
    "model": "pramlearnapp.arcsanswer",
    "pk": 426,
    "fields": {
      "response": 22,
      "question": 6,
      "likert_value": 4,
      "choice_value": null,
      "text_value": null,
      "answered_at": "2025-07-01T08:35:00Z"
    }
  },
  {
    "model": "pramlearnapp.arcsanswer",
    "pk": 427,
    "fields": {
      "response": 22,
      "question": 7,
      "likert_value": 5,
      "choice_value": null,
      "text_value": null,
      "answered_at": "2025-07-01T08:35:00Z"
    }
  },
  {
    "model": "pramlearnapp.arcsanswer",
    "pk": 428,
    "fields": {
      "response": 22,
      "question": 8,
      "likert_value": 3,
      "choice_value": null,
      "text_value": null,
      "answered_at": "2025-07-01T08:35:00Z"
    }
  },
  {
    "model": "pramlearnapp.arcsanswer",
    "pk": 429,
    "fields": {
      "response": 22,
      "question": 9,
      "likert_value": 4,
      "choice_value": null,
      "text_value": null,
      "answered_at": "2025-07-01T08:35:00Z"
    }
  },
  {
    "model": "pramlearnapp.arcsanswer",
    "pk": 430,
    "fields": {
      "response": 22,
      "question": 10,
      "likert_value": 4,
      "choice_value": null,
      "text_value": null,
      "answered_at": "2025-07-01T08:35:00Z"
    }
  },
  {
    "model": "pramlearnapp.arcsanswer",
    "pk": 431,
    "fields": {
      "response": 22,
      "question": 11,
      "likert_value": 3,
      "choice_value": null,
      "text_value": null,
      "answered_at": "2025-07-01T08:35:00Z"
    }
  },
  {
    "model": "pramlearnapp.arcsanswer",
    "pk": 432,
    "fields": {
      "response": 22,
      "question": 12,
      "likert_value": 2,
      "choice_value": null,
      "text_value": null,
      "answered_at": "2025-07-01T08:35:00Z"
    }
  },
  {
    "model": "pramlearnapp.arcsanswer",
    "pk": 433,
    "fields": {
      "response": 22,
      "question": 13,
      "likert_value": 3,
      "choice_value": null,
      "text_value": null,
      "answered_at": "2025-07-01T08:35:00Z"
    }
  },
  {
    "model": "pramlearnapp.arcsanswer",
    "pk": 434,
    "fields": {
      "response": 22,
      "question": 14,
      "likert_value": 5,
      "choice_value": null,
      "text_value": null,
      "answered_at": "2025-07-01T08:35:00Z"
    }
  },
  {
    "model": "pramlearnapp.arcsanswer",
    "pk": 435,
    "fields": {
      "response": 22,
      "question": 15,
      "likert_value": 5,
      "choice_value": null,
      "text_value": null,
      "answered_at": "2025-07-01T08:35:00Z"
    }
  },
  {
    "model": "pramlearnapp.arcsanswer",
    "pk": 436,
    "fields": {
      "response": 22,
      "question": 16,
      "likert_value": 2,
      "choice_value": null,
      "text_value": null,
      "answered_at": "2025-07-01T08:35:00Z"
    }
  },
  {
    "model": "pramlearnapp.arcsanswer",
    "pk": 437,
    "fields": {
      "response": 22,
      "question": 17,
      "likert_value": 2,
      "choice_value": null,
      "text_value": null,
      "answered_at": "2025-07-01T08:35:00Z"
    }
  },
  {
    "model": "pramlearnapp.arcsanswer",
    "pk": 438,
    "fields": {
      "response": 22,
      "question": 18,
      "likert_value": 5,
      "choice_value": null,
      "text_value": null,
      "answered_at": "2025-07-01T08:35:00Z"
    }
  },
  {
    "model": "pramlearnapp.arcsanswer",
    "pk": 439,
    "fields": {
      "response": 22,
      "question": 19,
      "likert_value": 4,
      "choice_value": null,
      "text_value": null,
      "answered_at": "2025-07-01T08:35:00Z"
    }
  },
  {
    "model": "pramlearnapp.arcsanswer",
    "pk": 440,
    "fields": {
      "response": 22,
      "question": 20,
      "likert_value": 3,
      "choice_value": null,
      "text_value": null,
      "answered_at": "2025-07-01T08:35:00Z"
    }
  },
  {
    "model": "pramlearnapp.arcsanswer",
    "pk": 441,
    "fields": {
      "response": 23,
      "question": 1,
      "likert_value": 4,
      "choice_value": null,
      "text_value": null,
      "answered_at": "2025-07-01T08:35:00Z"
    }
  },
  {
    "model": "pramlearnapp.arcsanswer",
    "pk": 442,
    "fields": {
      "response": 23,
      "question": 2,
      "likert_value": 4,
      "choice_value": null,
      "text_value": null,
      "answered_at": "2025-07-01T08:35:00Z"
    }
  },
  {
    "model": "pramlearnapp.arcsanswer",
    "pk": 443,
    "fields": {
      "response": 23,
      "question": 3,
      "likert_value": 5,
      "choice_value": null,
      "text_value": null,
      "answered_at": "2025-07-01T08:35:00Z"
    }
  },
  {
    "model": "pramlearnapp.arcsanswer",
    "pk": 444,
    "fields": {
      "response": 23,
      "question": 4,
      "likert_value": 3,
      "choice_value": null,
      "text_value": null,
      "answered_at": "2025-07-01T08:35:00Z"
    }
  },
  {
    "model": "pramlearnapp.arcsanswer",
    "pk": 445,
    "fields": {
      "response": 23,
      "question": 5,
      "likert_value": 5,
      "choice_value": null,
      "text_value": null,
      "answered_at": "2025-07-01T08:35:00Z"
    }
  },
  {
    "model": "pramlearnapp.arcsanswer",
    "pk": 446,
    "fields": {
      "response": 23,
      "question": 6,
      "likert_value": 4,
      "choice_value": null,
      "text_value": null,
      "answered_at": "2025-07-01T08:35:00Z"
    }
  },
  {
    "model": "pramlearnapp.arcsanswer",
    "pk": 447,
    "fields": {
      "response": 23,
      "question": 7,
      "likert_value": 5,
      "choice_value": null,
      "text_value": null,
      "answered_at": "2025-07-01T08:35:00Z"
    }
  },
  {
    "model": "pramlearnapp.arcsanswer",
    "pk": 448,
    "fields": {
      "response": 23,
      "question": 8,
      "likert_value": 4,
      "choice_value": null,
      "text_value": null,
      "answered_at": "2025-07-01T08:35:00Z"
    }
  },
  {
    "model": "pramlearnapp.arcsanswer",
    "pk": 449,
    "fields": {
      "response": 23,
      "question": 9,
      "likert_value": 5,
      "choice_value": null,
      "text_value": null,
      "answered_at": "2025-07-01T08:35:00Z"
    }
  },
  {
    "model": "pramlearnapp.arcsanswer",
    "pk": 450,
    "fields": {
      "response": 23,
      "question": 10,
      "likert_value": 3,
      "choice_value": null,
      "text_value": null,
      "answered_at": "2025-07-01T08:35:00Z"
    }
  },
  {
    "model": "pramlearnapp.arcsanswer",
    "pk": 451,
    "fields": {
      "response": 23,
      "question": 11,
      "likert_value": 4,
      "choice_value": null,
      "text_value": null,
      "answered_at": "2025-07-01T08:35:00Z"
    }
  },
  {
    "model": "pramlearnapp.arcsanswer",
    "pk": 452,
    "fields": {
      "response": 23,
      "question": 12,
      "likert_value": 3,
      "choice_value": null,
      "text_value": null,
      "answered_at": "2025-07-01T08:35:00Z"
    }
  },
  {
    "model": "pramlearnapp.arcsanswer",
    "pk": 453,
    "fields": {
      "response": 23,
      "question": 13,
      "likert_value": 3,
      "choice_value": null,
      "text_value": null,
      "answered_at": "2025-07-01T08:35:00Z"
    }
  },
  {
    "model": "pramlearnapp.arcsanswer",
    "pk": 454,
    "fields": {
      "response": 23,
      "question": 14,
      "likert_value": 4,
      "choice_value": null,
      "text_value": null,
      "answered_at": "2025-07-01T08:35:00Z"
    }
  },
  {
    "model": "pramlearnapp.arcsanswer",
    "pk": 455,
    "fields": {
      "response": 23,
      "question": 15,
      "likert_value": 4,
      "choice_value": null,
      "text_value": null,
      "answered_at": "2025-07-01T08:35:00Z"
    }
  },
  {
    "model": "pramlearnapp.arcsanswer",
    "pk": 456,
    "fields": {
      "response": 23,
      "question": 16,
      "likert_value": 4,
      "choice_value": null,
      "text_value": null,
      "answered_at": "2025-07-01T08:35:00Z"
    }
  },
  {
    "model": "pramlearnapp.arcsanswer",
    "pk": 457,
    "fields": {
      "response": 23,
      "question": 17,
      "likert_value": 5,
      "choice_value": null,
      "text_value": null,
      "answered_at": "2025-07-01T08:35:00Z"
    }
  },
  {
    "model": "pramlearnapp.arcsanswer",
    "pk": 458,
    "fields": {
      "response": 23,
      "question": 18,
      "likert_value": 5,
      "choice_value": null,
      "text_value": null,
      "answered_at": "2025-07-01T08:35:00Z"
    }
  },
  {
    "model": "pramlearnapp.arcsanswer",
    "pk": 459,
    "fields": {
      "response": 23,
      "question": 19,
      "likert_value": 4,
      "choice_value": null,
      "text_value": null,
      "answered_at": "2025-07-01T08:35:00Z"
    }
  },
  {
    "model": "pramlearnapp.arcsanswer",
    "pk": 460,
    "fields": {
      "response": 23,
      "question": 20,
      "likert_value": 5,
      "choice_value": null,
      "text_value": null,
      "answered_at": "2025-07-01T08:35:00Z"
    }
  },
  {
    "model": "pramlearnapp.arcsanswer",
    "pk": 461,
    "fields": {
      "response": 24,
      "question": 1,
      "likert_value": 4,
      "choice_value": null,
      "text_value": null,
      "answered_at": "2025-07-01T08:35:00Z"
    }
  },
  {
    "model": "pramlearnapp.arcsanswer",
    "pk": 462,
    "fields": {
      "response": 24,
      "question": 2,
      "likert_value": 5,
      "choice_value": null,
      "text_value": null,
      "answered_at": "2025-07-01T08:35:00Z"
    }
  },
  {
    "model": "pramlearnapp.arcsanswer",
    "pk": 463,
    "fields": {
      "response": 24,
      "question": 3,
      "likert_value": 5,
      "choice_value": null,
      "text_value": null,
      "answered_at": "2025-07-01T08:35:00Z"
    }
  },
  {
    "model": "pramlearnapp.arcsanswer",
    "pk": 464,
    "fields": {
      "response": 24,
      "question": 4,
      "likert_value": 5,
      "choice_value": null,
      "text_value": null,
      "answered_at": "2025-07-01T08:35:00Z"
    }
  },
  {
    "model": "pramlearnapp.arcsanswer",
    "pk": 465,
    "fields": {
      "response": 24,
      "question": 5,
      "likert_value": 5,
      "choice_value": null,
      "text_value": null,
      "answered_at": "2025-07-01T08:35:00Z"
    }
  },
  {
    "model": "pramlearnapp.arcsanswer",
    "pk": 466,
    "fields": {
      "response": 24,
      "question": 6,
      "likert_value": 3,
      "choice_value": null,
      "text_value": null,
      "answered_at": "2025-07-01T08:35:00Z"
    }
  },
  {
    "model": "pramlearnapp.arcsanswer",
    "pk": 467,
    "fields": {
      "response": 24,
      "question": 7,
      "likert_value": 5,
      "choice_value": null,
      "text_value": null,
      "answered_at": "2025-07-01T08:35:00Z"
    }
  },
  {
    "model": "pramlearnapp.arcsanswer",
    "pk": 468,
    "fields": {
      "response": 24,
      "question": 8,
      "likert_value": 3,
      "choice_value": null,
      "text_value": null,
      "answered_at": "2025-07-01T08:35:00Z"
    }
  },
  {
    "model": "pramlearnapp.arcsanswer",
    "pk": 469,
    "fields": {
      "response": 24,
      "question": 9,
      "likert_value": 4,
      "choice_value": null,
      "text_value": null,
      "answered_at": "2025-07-01T08:35:00Z"
    }
  },
  {
    "model": "pramlearnapp.arcsanswer",
    "pk": 470,
    "fields": {
      "response": 24,
      "question": 10,
      "likert_value": 5,
      "choice_value": null,
      "text_value": null,
      "answered_at": "2025-07-01T08:35:00Z"
    }
  },
  {
    "model": "pramlearnapp.arcsanswer",
    "pk": 471,
    "fields": {
      "response": 24,
      "question": 11,
      "likert_value": 5,
      "choice_value": null,
      "text_value": null,
      "answered_at": "2025-07-01T08:35:00Z"
    }
  },
  {
    "model": "pramlearnapp.arcsanswer",
    "pk": 472,
    "fields": {
      "response": 24,
      "question": 12,
      "likert_value": 5,
      "choice_value": null,
      "text_value": null,
      "answered_at": "2025-07-01T08:35:00Z"
    }
  },
  {
    "model": "pramlearnapp.arcsanswer",
    "pk": 473,
    "fields": {
      "response": 24,
      "question": 13,
      "likert_value": 5,
      "choice_value": null,
      "text_value": null,
      "answered_at": "2025-07-01T08:35:00Z"
    }
  },
  {
    "model": "pramlearnapp.arcsanswer",
    "pk": 474,
    "fields": {
      "response": 24,
      "question": 14,
      "likert_value": 4,
      "choice_value": null,
      "text_value": null,
      "answered_at": "2025-07-01T08:35:00Z"
    }
  },
  {
    "model": "pramlearnapp.arcsanswer",
    "pk": 475,
    "fields": {
      "response": 24,
      "question": 15,
      "likert_value": 4,
      "choice_value": null,
      "text_value": null,
      "answered_at": "2025-07-01T08:35:00Z"
    }
  },
  {
    "model": "pramlearnapp.arcsanswer",
    "pk": 476,
    "fields": {
      "response": 24,
      "question": 16,
      "likert_value": 4,
      "choice_value": null,
      "text_value": null,
      "answered_at": "2025-07-01T08:35:00Z"
    }
  },
  {
    "model": "pramlearnapp.arcsanswer",
    "pk": 477,
    "fields": {
      "response": 24,
      "question": 17,
      "likert_value": 5,
      "choice_value": null,
      "text_value": null,
      "answered_at": "2025-07-01T08:35:00Z"
    }
  },
  {
    "model": "pramlearnapp.arcsanswer",
    "pk": 478,
    "fields": {
      "response": 24,
      "question": 18,
      "likert_value": 4,
      "choice_value": null,
      "text_value": null,
      "answered_at": "2025-07-01T08:35:00Z"
    }
  },
  {
    "model": "pramlearnapp.arcsanswer",
    "pk": 479,
    "fields": {
      "response": 24,
      "question": 19,
      "likert_value": 2,
      "choice_value": null,
      "text_value": null,
      "answered_at": "2025-07-01T08:35:00Z"
    }
  },
  {
    "model": "pramlearnapp.arcsanswer",
    "pk": 480,
    "fields": {
      "response": 24,
      "question": 20,
      "likert_value": 4,
      "choice_value": null,
      "text_value": null,
      "answered_at": "2025-07-01T08:35:00Z"
    }
  },
  {
    "model": "pramlearnapp.arcsanswer",
    "pk": 481,
    "fields": {
      "response": 25,
      "question": 1,
      "likert_value": 4,
      "choice_value": null,
      "text_value": null,
      "answered_at": "2025-07-01T08:35:00Z"
    }
  },
  {
    "model": "pramlearnapp.arcsanswer",
    "pk": 482,
    "fields": {
      "response": 25,
      "question": 2,
      "likert_value": 3,
      "choice_value": null,
      "text_value": null,
      "answered_at": "2025-07-01T08:35:00Z"
    }
  },
  {
    "model": "pramlearnapp.arcsanswer",
    "pk": 483,
    "fields": {
      "response": 25,
      "question": 3,
      "likert_value": 3,
      "choice_value": null,
      "text_value": null,
      "answered_at": "2025-07-01T08:35:00Z"
    }
  },
  {
    "model": "pramlearnapp.arcsanswer",
    "pk": 484,
    "fields": {
      "response": 25,
      "question": 4,
      "likert_value": 5,
      "choice_value": null,
      "text_value": null,
      "answered_at": "2025-07-01T08:35:00Z"
    }
  },
  {
    "model": "pramlearnapp.arcsanswer",
    "pk": 485,
    "fields": {
      "response": 25,
      "question": 5,
      "likert_value": 4,
      "choice_value": null,
      "text_value": null,
      "answered_at": "2025-07-01T08:35:00Z"
    }
  },
  {
    "model": "pramlearnapp.arcsanswer",
    "pk": 486,
    "fields": {
      "response": 25,
      "question": 6,
      "likert_value": 5,
      "choice_value": null,
      "text_value": null,
      "answered_at": "2025-07-01T08:35:00Z"
    }
  },
  {
    "model": "pramlearnapp.arcsanswer",
    "pk": 487,
    "fields": {
      "response": 25,
      "question": 7,
      "likert_value": 3,
      "choice_value": null,
      "text_value": null,
      "answered_at": "2025-07-01T08:35:00Z"
    }
  },
  {
    "model": "pramlearnapp.arcsanswer",
    "pk": 488,
    "fields": {
      "response": 25,
      "question": 8,
      "likert_value": 4,
      "choice_value": null,
      "text_value": null,
      "answered_at": "2025-07-01T08:35:00Z"
    }
  },
  {
    "model": "pramlearnapp.arcsanswer",
    "pk": 489,
    "fields": {
      "response": 25,
      "question": 9,
      "likert_value": 5,
      "choice_value": null,
      "text_value": null,
      "answered_at": "2025-07-01T08:35:00Z"
    }
  },
  {
    "model": "pramlearnapp.arcsanswer",
    "pk": 490,
    "fields": {
      "response": 25,
      "question": 10,
      "likert_value": 4,
      "choice_value": null,
      "text_value": null,
      "answered_at": "2025-07-01T08:35:00Z"
    }
  },
  {
    "model": "pramlearnapp.arcsanswer",
    "pk": 491,
    "fields": {
      "response": 25,
      "question": 11,
      "likert_value": 5,
      "choice_value": null,
      "text_value": null,
      "answered_at": "2025-07-01T08:35:00Z"
    }
  },
  {
    "model": "pramlearnapp.arcsanswer",
    "pk": 492,
    "fields": {
      "response": 25,
      "question": 12,
      "likert_value": 3,
      "choice_value": null,
      "text_value": null,
      "answered_at": "2025-07-01T08:35:00Z"
    }
  },
  {
    "model": "pramlearnapp.arcsanswer",
    "pk": 493,
    "fields": {
      "response": 25,
      "question": 13,
      "likert_value": 5,
      "choice_value": null,
      "text_value": null,
      "answered_at": "2025-07-01T08:35:00Z"
    }
  },
  {
    "model": "pramlearnapp.arcsanswer",
    "pk": 494,
    "fields": {
      "response": 25,
      "question": 14,
      "likert_value": 4,
      "choice_value": null,
      "text_value": null,
      "answered_at": "2025-07-01T08:35:00Z"
    }
  },
  {
    "model": "pramlearnapp.arcsanswer",
    "pk": 495,
    "fields": {
      "response": 25,
      "question": 15,
      "likert_value": 3,
      "choice_value": null,
      "text_value": null,
      "answered_at": "2025-07-01T08:35:00Z"
    }
  },
  {
    "model": "pramlearnapp.arcsanswer",
    "pk": 496,
    "fields": {
      "response": 25,
      "question": 16,
      "likert_value": 4,
      "choice_value": null,
      "text_value": null,
      "answered_at": "2025-07-01T08:35:00Z"
    }
  },
  {
    "model": "pramlearnapp.arcsanswer",
    "pk": 497,
    "fields": {
      "response": 25,
      "question": 17,
      "likert_value": 4,
      "choice_value": null,
      "text_value": null,
      "answered_at": "2025-07-01T08:35:00Z"
    }
  },
  {
    "model": "pramlearnapp.arcsanswer",
    "pk": 498,
    "fields": {
      "response": 25,
      "question": 18,
      "likert_value": 3,
      "choice_value": null,
      "text_value": null,
      "answered_at": "2025-07-01T08:35:00Z"
    }
  },
  {
    "model": "pramlearnapp.arcsanswer",
    "pk": 499,
    "fields": {
      "response": 25,
      "question": 19,
      "likert_value": 5,
      "choice_value": null,
      "text_value": null,
      "answered_at": "2025-07-01T08:35:00Z"
    }
  },
  {
    "model": "pramlearnapp.arcsanswer",
    "pk": 500,
    "fields": {
      "response": 25,
      "question": 20,
      "likert_value": 3,
      "choice_value": null,
      "text_value": null,
      "answered_at": "2025-07-01T08:35:00Z"
    }
  },
  {
    "model": "pramlearnapp.arcsanswer",
    "pk": 501,
    "fields": {
      "response": 26,
      "question": 1,
      "likert_value": 4,
      "choice_value": null,
      "text_value": null,
      "answered_at": "2025-07-01T08:35:00Z"
    }
  },
  {
    "model": "pramlearnapp.arcsanswer",
    "pk": 502,
    "fields": {
      "response": 26,
      "question": 2,
      "likert_value": 4,
      "choice_value": null,
      "text_value": null,
      "answered_at": "2025-07-01T08:35:00Z"
    }
  },
  {
    "model": "pramlearnapp.arcsanswer",
    "pk": 503,
    "fields": {
      "response": 26,
      "question": 3,
      "likert_value": 5,
      "choice_value": null,
      "text_value": null,
      "answered_at": "2025-07-01T08:35:00Z"
    }
  },
  {
    "model": "pramlearnapp.arcsanswer",
    "pk": 504,
    "fields": {
      "response": 26,
      "question": 4,
      "likert_value": 4,
      "choice_value": null,
      "text_value": null,
      "answered_at": "2025-07-01T08:35:00Z"
    }
  },
  {
    "model": "pramlearnapp.arcsanswer",
    "pk": 505,
    "fields": {
      "response": 26,
      "question": 5,
      "likert_value": 4,
      "choice_value": null,
      "text_value": null,
      "answered_at": "2025-07-01T08:35:00Z"
    }
  },
  {
    "model": "pramlearnapp.arcsanswer",
    "pk": 506,
    "fields": {
      "response": 26,
      "question": 6,
      "likert_value": 4,
      "choice_value": null,
      "text_value": null,
      "answered_at": "2025-07-01T08:35:00Z"
    }
  },
  {
    "model": "pramlearnapp.arcsanswer",
    "pk": 507,
    "fields": {
      "response": 26,
      "question": 7,
      "likert_value": 3,
      "choice_value": null,
      "text_value": null,
      "answered_at": "2025-07-01T08:35:00Z"
    }
  },
  {
    "model": "pramlearnapp.arcsanswer",
    "pk": 508,
    "fields": {
      "response": 26,
      "question": 8,
      "likert_value": 3,
      "choice_value": null,
      "text_value": null,
      "answered_at": "2025-07-01T08:35:00Z"
    }
  },
  {
    "model": "pramlearnapp.arcsanswer",
    "pk": 509,
    "fields": {
      "response": 26,
      "question": 9,
      "likert_value": 5,
      "choice_value": null,
      "text_value": null,
      "answered_at": "2025-07-01T08:35:00Z"
    }
  },
  {
    "model": "pramlearnapp.arcsanswer",
    "pk": 510,
    "fields": {
      "response": 26,
      "question": 10,
      "likert_value": 3,
      "choice_value": null,
      "text_value": null,
      "answered_at": "2025-07-01T08:35:00Z"
    }
  },
  {
    "model": "pramlearnapp.arcsanswer",
    "pk": 511,
    "fields": {
      "response": 26,
      "question": 11,
      "likert_value": 3,
      "choice_value": null,
      "text_value": null,
      "answered_at": "2025-07-01T08:35:00Z"
    }
  },
  {
    "model": "pramlearnapp.arcsanswer",
    "pk": 512,
    "fields": {
      "response": 26,
      "question": 12,
      "likert_value": 4,
      "choice_value": null,
      "text_value": null,
      "answered_at": "2025-07-01T08:35:00Z"
    }
  },
  {
    "model": "pramlearnapp.arcsanswer",
    "pk": 513,
    "fields": {
      "response": 26,
      "question": 13,
      "likert_value": 5,
      "choice_value": null,
      "text_value": null,
      "answered_at": "2025-07-01T08:35:00Z"
    }
  },
  {
    "model": "pramlearnapp.arcsanswer",
    "pk": 514,
    "fields": {
      "response": 26,
      "question": 14,
      "likert_value": 5,
      "choice_value": null,
      "text_value": null,
      "answered_at": "2025-07-01T08:35:00Z"
    }
  },
  {
    "model": "pramlearnapp.arcsanswer",
    "pk": 515,
    "fields": {
      "response": 26,
      "question": 15,
      "likert_value": 2,
      "choice_value": null,
      "text_value": null,
      "answered_at": "2025-07-01T08:35:00Z"
    }
  },
  {
    "model": "pramlearnapp.arcsanswer",
    "pk": 516,
    "fields": {
      "response": 26,
      "question": 16,
      "likert_value": 5,
      "choice_value": null,
      "text_value": null,
      "answered_at": "2025-07-01T08:35:00Z"
    }
  },
  {
    "model": "pramlearnapp.arcsanswer",
    "pk": 517,
    "fields": {
      "response": 26,
      "question": 17,
      "likert_value": 2,
      "choice_value": null,
      "text_value": null,
      "answered_at": "2025-07-01T08:35:00Z"
    }
  },
  {
    "model": "pramlearnapp.arcsanswer",
    "pk": 518,
    "fields": {
      "response": 26,
      "question": 18,
      "likert_value": 2,
      "choice_value": null,
      "text_value": null,
      "answered_at": "2025-07-01T08:35:00Z"
    }
  },
  {
    "model": "pramlearnapp.arcsanswer",
    "pk": 519,
    "fields": {
      "response": 26,
      "question": 19,
      "likert_value": 3,
      "choice_value": null,
      "text_value": null,
      "answered_at": "2025-07-01T08:35:00Z"
    }
  },
  {
    "model": "pramlearnapp.arcsanswer",
    "pk": 520,
    "fields": {
      "response": 26,
      "question": 20,
      "likert_value": 4,
      "choice_value": null,
      "text_value": null,
      "answered_at": "2025-07-01T08:35:00Z"
    }
  },
  {
    "model": "pramlearnapp.arcsanswer",
    "pk": 521,
    "fields": {
      "response": 27,
      "question": 1,
      "likert_value": 3,
      "choice_value": null,
      "text_value": null,
      "answered_at": "2025-07-01T08:35:00Z"
    }
  },
  {
    "model": "pramlearnapp.arcsanswer",
    "pk": 522,
    "fields": {
      "response": 27,
      "question": 2,
      "likert_value": 3,
      "choice_value": null,
      "text_value": null,
      "answered_at": "2025-07-01T08:35:00Z"
    }
  },
  {
    "model": "pramlearnapp.arcsanswer",
    "pk": 523,
    "fields": {
      "response": 27,
      "question": 3,
      "likert_value": 5,
      "choice_value": null,
      "text_value": null,
      "answered_at": "2025-07-01T08:35:00Z"
    }
  },
  {
    "model": "pramlearnapp.arcsanswer",
    "pk": 524,
    "fields": {
      "response": 27,
      "question": 4,
      "likert_value": 4,
      "choice_value": null,
      "text_value": null,
      "answered_at": "2025-07-01T08:35:00Z"
    }
  },
  {
    "model": "pramlearnapp.arcsanswer",
    "pk": 525,
    "fields": {
      "response": 27,
      "question": 5,
      "likert_value": 3,
      "choice_value": null,
      "text_value": null,
      "answered_at": "2025-07-01T08:35:00Z"
    }
  },
  {
    "model": "pramlearnapp.arcsanswer",
    "pk": 526,
    "fields": {
      "response": 27,
      "question": 6,
      "likert_value": 4,
      "choice_value": null,
      "text_value": null,
      "answered_at": "2025-07-01T08:35:00Z"
    }
  },
  {
    "model": "pramlearnapp.arcsanswer",
    "pk": 527,
    "fields": {
      "response": 27,
      "question": 7,
      "likert_value": 5,
      "choice_value": null,
      "text_value": null,
      "answered_at": "2025-07-01T08:35:00Z"
    }
  },
  {
    "model": "pramlearnapp.arcsanswer",
    "pk": 528,
    "fields": {
      "response": 27,
      "question": 8,
      "likert_value": 3,
      "choice_value": null,
      "text_value": null,
      "answered_at": "2025-07-01T08:35:00Z"
    }
  },
  {
    "model": "pramlearnapp.arcsanswer",
    "pk": 529,
    "fields": {
      "response": 27,
      "question": 9,
      "likert_value": 5,
      "choice_value": null,
      "text_value": null,
      "answered_at": "2025-07-01T08:35:00Z"
    }
  },
  {
    "model": "pramlearnapp.arcsanswer",
    "pk": 530,
    "fields": {
      "response": 27,
      "question": 10,
      "likert_value": 4,
      "choice_value": null,
      "text_value": null,
      "answered_at": "2025-07-01T08:35:00Z"
    }
  },
  {
    "model": "pramlearnapp.arcsanswer",
    "pk": 531,
    "fields": {
      "response": 27,
      "question": 11,
      "likert_value": 5,
      "choice_value": null,
      "text_value": null,
      "answered_at": "2025-07-01T08:35:00Z"
    }
  },
  {
    "model": "pramlearnapp.arcsanswer",
    "pk": 532,
    "fields": {
      "response": 27,
      "question": 12,
      "likert_value": 5,
      "choice_value": null,
      "text_value": null,
      "answered_at": "2025-07-01T08:35:00Z"
    }
  },
  {
    "model": "pramlearnapp.arcsanswer",
    "pk": 533,
    "fields": {
      "response": 27,
      "question": 13,
      "likert_value": 4,
      "choice_value": null,
      "text_value": null,
      "answered_at": "2025-07-01T08:35:00Z"
    }
  },
  {
    "model": "pramlearnapp.arcsanswer",
    "pk": 534,
    "fields": {
      "response": 27,
      "question": 14,
      "likert_value": 4,
      "choice_value": null,
      "text_value": null,
      "answered_at": "2025-07-01T08:35:00Z"
    }
  },
  {
    "model": "pramlearnapp.arcsanswer",
    "pk": 535,
    "fields": {
      "response": 27,
      "question": 15,
      "likert_value": 4,
      "choice_value": null,
      "text_value": null,
      "answered_at": "2025-07-01T08:35:00Z"
    }
  },
  {
    "model": "pramlearnapp.arcsanswer",
    "pk": 536,
    "fields": {
      "response": 27,
      "question": 16,
      "likert_value": 3,
      "choice_value": null,
      "text_value": null,
      "answered_at": "2025-07-01T08:35:00Z"
    }
  },
  {
    "model": "pramlearnapp.arcsanswer",
    "pk": 537,
    "fields": {
      "response": 27,
      "question": 17,
      "likert_value": 5,
      "choice_value": null,
      "text_value": null,
      "answered_at": "2025-07-01T08:35:00Z"
    }
  },
  {
    "model": "pramlearnapp.arcsanswer",
    "pk": 538,
    "fields": {
      "response": 27,
      "question": 18,
      "likert_value": 3,
      "choice_value": null,
      "text_value": null,
      "answered_at": "2025-07-01T08:35:00Z"
    }
  },
  {
    "model": "pramlearnapp.arcsanswer",
    "pk": 539,
    "fields": {
      "response": 27,
      "question": 19,
      "likert_value": 4,
      "choice_value": null,
      "text_value": null,
      "answered_at": "2025-07-01T08:35:00Z"
    }
  },
  {
    "model": "pramlearnapp.arcsanswer",
    "pk": 540,
    "fields": {
      "response": 27,
      "question": 20,
      "likert_value": 3,
      "choice_value": null,
      "text_value": null,
      "answered_at": "2025-07-01T08:35:00Z"
    }
  },
  {
    "model": "pramlearnapp.arcsanswer",
    "pk": 541,
    "fields": {
      "response": 28,
      "question": 1,
      "likert_value": 5,
      "choice_value": null,
      "text_value": null,
      "answered_at": "2025-07-01T08:35:00Z"
    }
  },
  {
    "model": "pramlearnapp.arcsanswer",
    "pk": 542,
    "fields": {
      "response": 28,
      "question": 2,
      "likert_value": 5,
      "choice_value": null,
      "text_value": null,
      "answered_at": "2025-07-01T08:35:00Z"
    }
  },
  {
    "model": "pramlearnapp.arcsanswer",
    "pk": 543,
    "fields": {
      "response": 28,
      "question": 3,
      "likert_value": 4,
      "choice_value": null,
      "text_value": null,
      "answered_at": "2025-07-01T08:35:00Z"
    }
  },
  {
    "model": "pramlearnapp.arcsanswer",
    "pk": 544,
    "fields": {
      "response": 28,
      "question": 4,
      "likert_value": 5,
      "choice_value": null,
      "text_value": null,
      "answered_at": "2025-07-01T08:35:00Z"
    }
  },
  {
    "model": "pramlearnapp.arcsanswer",
    "pk": 545,
    "fields": {
      "response": 28,
      "question": 5,
      "likert_value": 4,
      "choice_value": null,
      "text_value": null,
      "answered_at": "2025-07-01T08:35:00Z"
    }
  },
  {
    "model": "pramlearnapp.arcsanswer",
    "pk": 546,
    "fields": {
      "response": 28,
      "question": 6,
      "likert_value": 3,
      "choice_value": null,
      "text_value": null,
      "answered_at": "2025-07-01T08:35:00Z"
    }
  },
  {
    "model": "pramlearnapp.arcsanswer",
    "pk": 547,
    "fields": {
      "response": 28,
      "question": 7,
      "likert_value": 5,
      "choice_value": null,
      "text_value": null,
      "answered_at": "2025-07-01T08:35:00Z"
    }
  },
  {
    "model": "pramlearnapp.arcsanswer",
    "pk": 548,
    "fields": {
      "response": 28,
      "question": 8,
      "likert_value": 5,
      "choice_value": null,
      "text_value": null,
      "answered_at": "2025-07-01T08:35:00Z"
    }
  },
  {
    "model": "pramlearnapp.arcsanswer",
    "pk": 549,
    "fields": {
      "response": 28,
      "question": 9,
      "likert_value": 5,
      "choice_value": null,
      "text_value": null,
      "answered_at": "2025-07-01T08:35:00Z"
    }
  },
  {
    "model": "pramlearnapp.arcsanswer",
    "pk": 550,
    "fields": {
      "response": 28,
      "question": 10,
      "likert_value": 5,
      "choice_value": null,
      "text_value": null,
      "answered_at": "2025-07-01T08:35:00Z"
    }
  },
  {
    "model": "pramlearnapp.arcsanswer",
    "pk": 551,
    "fields": {
      "response": 28,
      "question": 11,
      "likert_value": 3,
      "choice_value": null,
      "text_value": null,
      "answered_at": "2025-07-01T08:35:00Z"
    }
  },
  {
    "model": "pramlearnapp.arcsanswer",
    "pk": 552,
    "fields": {
      "response": 28,
      "question": 12,
      "likert_value": 2,
      "choice_value": null,
      "text_value": null,
      "answered_at": "2025-07-01T08:35:00Z"
    }
  },
  {
    "model": "pramlearnapp.arcsanswer",
    "pk": 553,
    "fields": {
      "response": 28,
      "question": 13,
      "likert_value": 4,
      "choice_value": null,
      "text_value": null,
      "answered_at": "2025-07-01T08:35:00Z"
    }
  },
  {
    "model": "pramlearnapp.arcsanswer",
    "pk": 554,
    "fields": {
      "response": 28,
      "question": 14,
      "likert_value": 3,
      "choice_value": null,
      "text_value": null,
      "answered_at": "2025-07-01T08:35:00Z"
    }
  },
  {
    "model": "pramlearnapp.arcsanswer",
    "pk": 555,
    "fields": {
      "response": 28,
      "question": 15,
      "likert_value": 3,
      "choice_value": null,
      "text_value": null,
      "answered_at": "2025-07-01T08:35:00Z"
    }
  },
  {
    "model": "pramlearnapp.arcsanswer",
    "pk": 556,
    "fields": {
      "response": 28,
      "question": 16,
      "likert_value": 2,
      "choice_value": null,
      "text_value": null,
      "answered_at": "2025-07-01T08:35:00Z"
    }
  },
  {
    "model": "pramlearnapp.arcsanswer",
    "pk": 557,
    "fields": {
      "response": 28,
      "question": 17,
      "likert_value": 3,
      "choice_value": null,
      "text_value": null,
      "answered_at": "2025-07-01T08:35:00Z"
    }
  },
  {
    "model": "pramlearnapp.arcsanswer",
    "pk": 558,
    "fields": {
      "response": 28,
      "question": 18,
      "likert_value": 3,
      "choice_value": null,
      "text_value": null,
      "answered_at": "2025-07-01T08:35:00Z"
    }
  },
  {
    "model": "pramlearnapp.arcsanswer",
    "pk": 559,
    "fields": {
      "response": 28,
      "question": 19,
      "likert_value": 5,
      "choice_value": null,
      "text_value": null,
      "answered_at": "2025-07-01T08:35:00Z"
    }
  },
  {
    "model": "pramlearnapp.arcsanswer",
    "pk": 560,
    "fields": {
      "response": 28,
      "question": 20,
      "likert_value": 4,
      "choice_value": null,
      "text_value": null,
      "answered_at": "2025-07-01T08:35:00Z"
    }
  },
  {
    "model": "pramlearnapp.arcsanswer",
    "pk": 561,
    "fields": {
      "response": 29,
      "question": 1,
      "likert_value": 4,
      "choice_value": null,
      "text_value": null,
      "answered_at": "2025-07-01T08:35:00Z"
    }
  },
  {
    "model": "pramlearnapp.arcsanswer",
    "pk": 562,
    "fields": {
      "response": 29,
      "question": 2,
      "likert_value": 3,
      "choice_value": null,
      "text_value": null,
      "answered_at": "2025-07-01T08:35:00Z"
    }
  },
  {
    "model": "pramlearnapp.arcsanswer",
    "pk": 563,
    "fields": {
      "response": 29,
      "question": 3,
      "likert_value": 4,
      "choice_value": null,
      "text_value": null,
      "answered_at": "2025-07-01T08:35:00Z"
    }
  },
  {
    "model": "pramlearnapp.arcsanswer",
    "pk": 564,
    "fields": {
      "response": 29,
      "question": 4,
      "likert_value": 5,
      "choice_value": null,
      "text_value": null,
      "answered_at": "2025-07-01T08:35:00Z"
    }
  },
  {
    "model": "pramlearnapp.arcsanswer",
    "pk": 565,
    "fields": {
      "response": 29,
      "question": 5,
      "likert_value": 3,
      "choice_value": null,
      "text_value": null,
      "answered_at": "2025-07-01T08:35:00Z"
    }
  },
  {
    "model": "pramlearnapp.arcsanswer",
    "pk": 566,
    "fields": {
      "response": 29,
      "question": 6,
      "likert_value": 5,
      "choice_value": null,
      "text_value": null,
      "answered_at": "2025-07-01T08:35:00Z"
    }
  },
  {
    "model": "pramlearnapp.arcsanswer",
    "pk": 567,
    "fields": {
      "response": 29,
      "question": 7,
      "likert_value": 3,
      "choice_value": null,
      "text_value": null,
      "answered_at": "2025-07-01T08:35:00Z"
    }
  },
  {
    "model": "pramlearnapp.arcsanswer",
    "pk": 568,
    "fields": {
      "response": 29,
      "question": 8,
      "likert_value": 3,
      "choice_value": null,
      "text_value": null,
      "answered_at": "2025-07-01T08:35:00Z"
    }
  },
  {
    "model": "pramlearnapp.arcsanswer",
    "pk": 569,
    "fields": {
      "response": 29,
      "question": 9,
      "likert_value": 5,
      "choice_value": null,
      "text_value": null,
      "answered_at": "2025-07-01T08:35:00Z"
    }
  },
  {
    "model": "pramlearnapp.arcsanswer",
    "pk": 570,
    "fields": {
      "response": 29,
      "question": 10,
      "likert_value": 3,
      "choice_value": null,
      "text_value": null,
      "answered_at": "2025-07-01T08:35:00Z"
    }
  },
  {
    "model": "pramlearnapp.arcsanswer",
    "pk": 571,
    "fields": {
      "response": 29,
      "question": 11,
      "likert_value": 5,
      "choice_value": null,
      "text_value": null,
      "answered_at": "2025-07-01T08:35:00Z"
    }
  },
  {
    "model": "pramlearnapp.arcsanswer",
    "pk": 572,
    "fields": {
      "response": 29,
      "question": 12,
      "likert_value": 2,
      "choice_value": null,
      "text_value": null,
      "answered_at": "2025-07-01T08:35:00Z"
    }
  },
  {
    "model": "pramlearnapp.arcsanswer",
    "pk": 573,
    "fields": {
      "response": 29,
      "question": 13,
      "likert_value": 5,
      "choice_value": null,
      "text_value": null,
      "answered_at": "2025-07-01T08:35:00Z"
    }
  },
  {
    "model": "pramlearnapp.arcsanswer",
    "pk": 574,
    "fields": {
      "response": 29,
      "question": 14,
      "likert_value": 3,
      "choice_value": null,
      "text_value": null,
      "answered_at": "2025-07-01T08:35:00Z"
    }
  },
  {
    "model": "pramlearnapp.arcsanswer",
    "pk": 575,
    "fields": {
      "response": 29,
      "question": 15,
      "likert_value": 5,
      "choice_value": null,
      "text_value": null,
      "answered_at": "2025-07-01T08:35:00Z"
    }
  },
  {
    "model": "pramlearnapp.arcsanswer",
    "pk": 576,
    "fields": {
      "response": 29,
      "question": 16,
      "likert_value": 2,
      "choice_value": null,
      "text_value": null,
      "answered_at": "2025-07-01T08:35:00Z"
    }
  },
  {
    "model": "pramlearnapp.arcsanswer",
    "pk": 577,
    "fields": {
      "response": 29,
      "question": 17,
      "likert_value": 2,
      "choice_value": null,
      "text_value": null,
      "answered_at": "2025-07-01T08:35:00Z"
    }
  },
  {
    "model": "pramlearnapp.arcsanswer",
    "pk": 578,
    "fields": {
      "response": 29,
      "question": 18,
      "likert_value": 5,
      "choice_value": null,
      "text_value": null,
      "answered_at": "2025-07-01T08:35:00Z"
    }
  },
  {
    "model": "pramlearnapp.arcsanswer",
    "pk": 579,
    "fields": {
      "response": 29,
      "question": 19,
      "likert_value": 4,
      "choice_value": null,
      "text_value": null,
      "answered_at": "2025-07-01T08:35:00Z"
    }
  },
  {
    "model": "pramlearnapp.arcsanswer",
    "pk": 580,
    "fields": {
      "response": 29,
      "question": 20,
      "likert_value": 3,
      "choice_value": null,
      "text_value": null,
      "answered_at": "2025-07-01T08:35:00Z"
    }
  },
  {
    "model": "pramlearnapp.arcsanswer",
    "pk": 581,
    "fields": {
      "response": 30,
      "question": 1,
      "likert_value": 5,
      "choice_value": null,
      "text_value": null,
      "answered_at": "2025-07-01T08:35:00Z"
    }
  },
  {
    "model": "pramlearnapp.arcsanswer",
    "pk": 582,
    "fields": {
      "response": 30,
      "question": 2,
      "likert_value": 4,
      "choice_value": null,
      "text_value": null,
      "answered_at": "2025-07-01T08:35:00Z"
    }
  },
  {
    "model": "pramlearnapp.arcsanswer",
    "pk": 583,
    "fields": {
      "response": 30,
      "question": 3,
      "likert_value": 3,
      "choice_value": null,
      "text_value": null,
      "answered_at": "2025-07-01T08:35:00Z"
    }
  },
  {
    "model": "pramlearnapp.arcsanswer",
    "pk": 584,
    "fields": {
      "response": 30,
      "question": 4,
      "likert_value": 5,
      "choice_value": null,
      "text_value": null,
      "answered_at": "2025-07-01T08:35:00Z"
    }
  },
  {
    "model": "pramlearnapp.arcsanswer",
    "pk": 585,
    "fields": {
      "response": 30,
      "question": 5,
      "likert_value": 4,
      "choice_value": null,
      "text_value": null,
      "answered_at": "2025-07-01T08:35:00Z"
    }
  },
  {
    "model": "pramlearnapp.arcsanswer",
    "pk": 586,
    "fields": {
      "response": 30,
      "question": 6,
      "likert_value": 3,
      "choice_value": null,
      "text_value": null,
      "answered_at": "2025-07-01T08:35:00Z"
    }
  },
  {
    "model": "pramlearnapp.arcsanswer",
    "pk": 587,
    "fields": {
      "response": 30,
      "question": 7,
      "likert_value": 3,
      "choice_value": null,
      "text_value": null,
      "answered_at": "2025-07-01T08:35:00Z"
    }
  },
  {
    "model": "pramlearnapp.arcsanswer",
    "pk": 588,
    "fields": {
      "response": 30,
      "question": 8,
      "likert_value": 3,
      "choice_value": null,
      "text_value": null,
      "answered_at": "2025-07-01T08:35:00Z"
    }
  },
  {
    "model": "pramlearnapp.arcsanswer",
    "pk": 589,
    "fields": {
      "response": 30,
      "question": 9,
      "likert_value": 5,
      "choice_value": null,
      "text_value": null,
      "answered_at": "2025-07-01T08:35:00Z"
    }
  },
  {
    "model": "pramlearnapp.arcsanswer",
    "pk": 590,
    "fields": {
      "response": 30,
      "question": 10,
      "likert_value": 3,
      "choice_value": null,
      "text_value": null,
      "answered_at": "2025-07-01T08:35:00Z"
    }
  },
  {
    "model": "pramlearnapp.arcsanswer",
    "pk": 591,
    "fields": {
      "response": 30,
      "question": 11,
      "likert_value": 5,
      "choice_value": null,
      "text_value": null,
      "answered_at": "2025-07-01T08:35:00Z"
    }
  },
  {
    "model": "pramlearnapp.arcsanswer",
    "pk": 592,
    "fields": {
      "response": 30,
      "question": 12,
      "likert_value": 4,
      "choice_value": null,
      "text_value": null,
      "answered_at": "2025-07-01T08:35:00Z"
    }
  },
  {
    "model": "pramlearnapp.arcsanswer",
    "pk": 593,
    "fields": {
      "response": 30,
      "question": 13,
      "likert_value": 3,
      "choice_value": null,
      "text_value": null,
      "answered_at": "2025-07-01T08:35:00Z"
    }
  },
  {
    "model": "pramlearnapp.arcsanswer",
    "pk": 594,
    "fields": {
      "response": 30,
      "question": 14,
      "likert_value": 4,
      "choice_value": null,
      "text_value": null,
      "answered_at": "2025-07-01T08:35:00Z"
    }
  },
  {
    "model": "pramlearnapp.arcsanswer",
    "pk": 595,
    "fields": {
      "response": 30,
      "question": 15,
      "likert_value": 3,
      "choice_value": null,
      "text_value": null,
      "answered_at": "2025-07-01T08:35:00Z"
    }
  },
  {
    "model": "pramlearnapp.arcsanswer",
    "pk": 596,
    "fields": {
      "response": 30,
      "question": 16,
      "likert_value": 4,
      "choice_value": null,
      "text_value": null,
      "answered_at": "2025-07-01T08:35:00Z"
    }
  },
  {
    "model": "pramlearnapp.arcsanswer",
    "pk": 597,
    "fields": {
      "response": 30,
      "question": 17,
      "likert_value": 5,
      "choice_value": null,
      "text_value": null,
      "answered_at": "2025-07-01T08:35:00Z"
    }
  },
  {
    "model": "pramlearnapp.arcsanswer",
    "pk": 598,
    "fields": {
      "response": 30,
      "question": 18,
      "likert_value": 4,
      "choice_value": null,
      "text_value": null,
      "answered_at": "2025-07-01T08:35:00Z"
    }
  },
  {
    "model": "pramlearnapp.arcsanswer",
    "pk": 599,
    "fields": {
      "response": 30,
      "question": 19,
      "likert_value": 5,
      "choice_value": null,
      "text_value": null,
      "answered_at": "2025-07-01T08:35:00Z"
    }
  },
  {
    "model": "pramlearnapp.arcsanswer",
    "pk": 600,
    "fields": {
      "response": 30,
      "question": 20,
      "likert_value": 2,
      "choice_value": null,
      "text_value": null,
      "answered_at": "2025-07-01T08:35:00Z"
    }
  },
  {
    "model": "pramlearnapp.arcsanswer",
    "pk": 601,
    "fields": {
      "response": 31,
      "question": 1,
      "likert_value": 5,
      "choice_value": null,
      "text_value": null,
      "answered_at": "2025-07-01T08:35:00Z"
    }
  },
  {
    "model": "pramlearnapp.arcsanswer",
    "pk": 602,
    "fields": {
      "response": 31,
      "question": 2,
      "likert_value": 4,
      "choice_value": null,
      "text_value": null,
      "answered_at": "2025-07-01T08:35:00Z"
    }
  },
  {
    "model": "pramlearnapp.arcsanswer",
    "pk": 603,
    "fields": {
      "response": 31,
      "question": 3,
      "likert_value": 4,
      "choice_value": null,
      "text_value": null,
      "answered_at": "2025-07-01T08:35:00Z"
    }
  },
  {
    "model": "pramlearnapp.arcsanswer",
    "pk": 604,
    "fields": {
      "response": 31,
      "question": 4,
      "likert_value": 5,
      "choice_value": null,
      "text_value": null,
      "answered_at": "2025-07-01T08:35:00Z"
    }
  },
  {
    "model": "pramlearnapp.arcsanswer",
    "pk": 605,
    "fields": {
      "response": 31,
      "question": 5,
      "likert_value": 5,
      "choice_value": null,
      "text_value": null,
      "answered_at": "2025-07-01T08:35:00Z"
    }
  },
  {
    "model": "pramlearnapp.arcsanswer",
    "pk": 606,
    "fields": {
      "response": 31,
      "question": 6,
      "likert_value": 3,
      "choice_value": null,
      "text_value": null,
      "answered_at": "2025-07-01T08:35:00Z"
    }
  },
  {
    "model": "pramlearnapp.arcsanswer",
    "pk": 607,
    "fields": {
      "response": 31,
      "question": 7,
      "likert_value": 4,
      "choice_value": null,
      "text_value": null,
      "answered_at": "2025-07-01T08:35:00Z"
    }
  },
  {
    "model": "pramlearnapp.arcsanswer",
    "pk": 608,
    "fields": {
      "response": 31,
      "question": 8,
      "likert_value": 3,
      "choice_value": null,
      "text_value": null,
      "answered_at": "2025-07-01T08:35:00Z"
    }
  },
  {
    "model": "pramlearnapp.arcsanswer",
    "pk": 609,
    "fields": {
      "response": 31,
      "question": 9,
      "likert_value": 3,
      "choice_value": null,
      "text_value": null,
      "answered_at": "2025-07-01T08:35:00Z"
    }
  },
  {
    "model": "pramlearnapp.arcsanswer",
    "pk": 610,
    "fields": {
      "response": 31,
      "question": 10,
      "likert_value": 5,
      "choice_value": null,
      "text_value": null,
      "answered_at": "2025-07-01T08:35:00Z"
    }
  },
  {
    "model": "pramlearnapp.arcsanswer",
    "pk": 611,
    "fields": {
      "response": 31,
      "question": 11,
      "likert_value": 4,
      "choice_value": null,
      "text_value": null,
      "answered_at": "2025-07-01T08:35:00Z"
    }
  },
  {
    "model": "pramlearnapp.arcsanswer",
    "pk": 612,
    "fields": {
      "response": 31,
      "question": 12,
      "likert_value": 5,
      "choice_value": null,
      "text_value": null,
      "answered_at": "2025-07-01T08:35:00Z"
    }
  },
  {
    "model": "pramlearnapp.arcsanswer",
    "pk": 613,
    "fields": {
      "response": 31,
      "question": 13,
      "likert_value": 5,
      "choice_value": null,
      "text_value": null,
      "answered_at": "2025-07-01T08:35:00Z"
    }
  },
  {
    "model": "pramlearnapp.arcsanswer",
    "pk": 614,
    "fields": {
      "response": 31,
      "question": 14,
      "likert_value": 4,
      "choice_value": null,
      "text_value": null,
      "answered_at": "2025-07-01T08:35:00Z"
    }
  },
  {
    "model": "pramlearnapp.arcsanswer",
    "pk": 615,
    "fields": {
      "response": 31,
      "question": 15,
      "likert_value": 3,
      "choice_value": null,
      "text_value": null,
      "answered_at": "2025-07-01T08:35:00Z"
    }
  },
  {
    "model": "pramlearnapp.arcsanswer",
    "pk": 616,
    "fields": {
      "response": 31,
      "question": 16,
      "likert_value": 5,
      "choice_value": null,
      "text_value": null,
      "answered_at": "2025-07-01T08:35:00Z"
    }
  },
  {
    "model": "pramlearnapp.arcsanswer",
    "pk": 617,
    "fields": {
      "response": 31,
      "question": 17,
      "likert_value": 4,
      "choice_value": null,
      "text_value": null,
      "answered_at": "2025-07-01T08:35:00Z"
    }
  },
  {
    "model": "pramlearnapp.arcsanswer",
    "pk": 618,
    "fields": {
      "response": 31,
      "question": 18,
      "likert_value": 4,
      "choice_value": null,
      "text_value": null,
      "answered_at": "2025-07-01T08:35:00Z"
    }
  },
  {
    "model": "pramlearnapp.arcsanswer",
    "pk": 619,
    "fields": {
      "response": 31,
      "question": 19,
      "likert_value": 4,
      "choice_value": null,
      "text_value": null,
      "answered_at": "2025-07-01T08:35:00Z"
    }
  },
  {
    "model": "pramlearnapp.arcsanswer",
    "pk": 620,
    "fields": {
      "response": 31,
      "question": 20,
      "likert_value": 4,
      "choice_value": null,
      "text_value": null,
      "answered_at": "2025-07-01T08:35:00Z"
    }
  },
  {
    "model": "pramlearnapp.arcsanswer",
    "pk": 621,
    "fields": {
      "response": 32,
      "question": 1,
      "likert_value": 3,
      "choice_value": null,
      "text_value": null,
      "answered_at": "2025-07-01T08:35:00Z"
    }
  },
  {
    "model": "pramlearnapp.arcsanswer",
    "pk": 622,
    "fields": {
      "response": 32,
      "question": 2,
      "likert_value": 4,
      "choice_value": null,
      "text_value": null,
      "answered_at": "2025-07-01T08:35:00Z"
    }
  },
  {
    "model": "pramlearnapp.arcsanswer",
    "pk": 623,
    "fields": {
      "response": 32,
      "question": 3,
      "likert_value": 4,
      "choice_value": null,
      "text_value": null,
      "answered_at": "2025-07-01T08:35:00Z"
    }
  },
  {
    "model": "pramlearnapp.arcsanswer",
    "pk": 624,
    "fields": {
      "response": 32,
      "question": 4,
      "likert_value": 4,
      "choice_value": null,
      "text_value": null,
      "answered_at": "2025-07-01T08:35:00Z"
    }
  },
  {
    "model": "pramlearnapp.arcsanswer",
    "pk": 625,
    "fields": {
      "response": 32,
      "question": 5,
      "likert_value": 5,
      "choice_value": null,
      "text_value": null,
      "answered_at": "2025-07-01T08:35:00Z"
    }
  },
  {
    "model": "pramlearnapp.arcsanswer",
    "pk": 626,
    "fields": {
      "response": 32,
      "question": 6,
      "likert_value": 5,
      "choice_value": null,
      "text_value": null,
      "answered_at": "2025-07-01T08:35:00Z"
    }
  },
  {
    "model": "pramlearnapp.arcsanswer",
    "pk": 627,
    "fields": {
      "response": 32,
      "question": 7,
      "likert_value": 5,
      "choice_value": null,
      "text_value": null,
      "answered_at": "2025-07-01T08:35:00Z"
    }
  },
  {
    "model": "pramlearnapp.arcsanswer",
    "pk": 628,
    "fields": {
      "response": 32,
      "question": 8,
      "likert_value": 3,
      "choice_value": null,
      "text_value": null,
      "answered_at": "2025-07-01T08:35:00Z"
    }
  },
  {
    "model": "pramlearnapp.arcsanswer",
    "pk": 629,
    "fields": {
      "response": 32,
      "question": 9,
      "likert_value": 3,
      "choice_value": null,
      "text_value": null,
      "answered_at": "2025-07-01T08:35:00Z"
    }
  },
  {
    "model": "pramlearnapp.arcsanswer",
    "pk": 630,
    "fields": {
      "response": 32,
      "question": 10,
      "likert_value": 5,
      "choice_value": null,
      "text_value": null,
      "answered_at": "2025-07-01T08:35:00Z"
    }
  },
  {
    "model": "pramlearnapp.arcsanswer",
    "pk": 631,
    "fields": {
      "response": 32,
      "question": 11,
      "likert_value": 3,
      "choice_value": null,
      "text_value": null,
      "answered_at": "2025-07-01T08:35:00Z"
    }
  },
  {
    "model": "pramlearnapp.arcsanswer",
    "pk": 632,
    "fields": {
      "response": 32,
      "question": 12,
      "likert_value": 3,
      "choice_value": null,
      "text_value": null,
      "answered_at": "2025-07-01T08:35:00Z"
    }
  },
  {
    "model": "pramlearnapp.arcsanswer",
    "pk": 633,
    "fields": {
      "response": 32,
      "question": 13,
      "likert_value": 4,
      "choice_value": null,
      "text_value": null,
      "answered_at": "2025-07-01T08:35:00Z"
    }
  },
  {
    "model": "pramlearnapp.arcsanswer",
    "pk": 634,
    "fields": {
      "response": 32,
      "question": 14,
      "likert_value": 4,
      "choice_value": null,
      "text_value": null,
      "answered_at": "2025-07-01T08:35:00Z"
    }
  },
  {
    "model": "pramlearnapp.arcsanswer",
    "pk": 635,
    "fields": {
      "response": 32,
      "question": 15,
      "likert_value": 4,
      "choice_value": null,
      "text_value": null,
      "answered_at": "2025-07-01T08:35:00Z"
    }
  },
  {
    "model": "pramlearnapp.arcsanswer",
    "pk": 636,
    "fields": {
      "response": 32,
      "question": 16,
      "likert_value": 4,
      "choice_value": null,
      "text_value": null,
      "answered_at": "2025-07-01T08:35:00Z"
    }
  },
  {
    "model": "pramlearnapp.arcsanswer",
    "pk": 637,
    "fields": {
      "response": 32,
      "question": 17,
      "likert_value": 4,
      "choice_value": null,
      "text_value": null,
      "answered_at": "2025-07-01T08:35:00Z"
    }
  },
  {
    "model": "pramlearnapp.arcsanswer",
    "pk": 638,
    "fields": {
      "response": 32,
      "question": 18,
      "likert_value": 3,
      "choice_value": null,
      "text_value": null,
      "answered_at": "2025-07-01T08:35:00Z"
    }
  },
  {
    "model": "pramlearnapp.arcsanswer",
    "pk": 639,
    "fields": {
      "response": 32,
      "question": 19,
      "likert_value": 3,
      "choice_value": null,
      "text_value": null,
      "answered_at": "2025-07-01T08:35:00Z"
    }
  },
  {
    "model": "pramlearnapp.arcsanswer",
    "pk": 640,
    "fields": {
      "response": 32,
      "question": 20,
      "likert_value": 3,
      "choice_value": null,
      "text_value": null,
      "answered_at": "2025-07-01T08:35:00Z"
    }
  },
  {
    "model": "pramlearnapp.arcsanswer",
    "pk": 641,
    "fields": {
      "response": 33,
      "question": 1,
      "likert_value": 3,
      "choice_value": null,
      "text_value": null,
      "answered_at": "2025-07-01T08:35:00Z"
    }
  },
  {
    "model": "pramlearnapp.arcsanswer",
    "pk": 642,
    "fields": {
      "response": 33,
      "question": 2,
      "likert_value": 5,
      "choice_value": null,
      "text_value": null,
      "answered_at": "2025-07-01T08:35:00Z"
    }
  },
  {
    "model": "pramlearnapp.arcsanswer",
    "pk": 643,
    "fields": {
      "response": 33,
      "question": 3,
      "likert_value": 4,
      "choice_value": null,
      "text_value": null,
      "answered_at": "2025-07-01T08:35:00Z"
    }
  },
  {
    "model": "pramlearnapp.arcsanswer",
    "pk": 644,
    "fields": {
      "response": 33,
      "question": 4,
      "likert_value": 4,
      "choice_value": null,
      "text_value": null,
      "answered_at": "2025-07-01T08:35:00Z"
    }
  },
  {
    "model": "pramlearnapp.arcsanswer",
    "pk": 645,
    "fields": {
      "response": 33,
      "question": 5,
      "likert_value": 3,
      "choice_value": null,
      "text_value": null,
      "answered_at": "2025-07-01T08:35:00Z"
    }
  },
  {
    "model": "pramlearnapp.arcsanswer",
    "pk": 646,
    "fields": {
      "response": 33,
      "question": 6,
      "likert_value": 4,
      "choice_value": null,
      "text_value": null,
      "answered_at": "2025-07-01T08:35:00Z"
    }
  },
  {
    "model": "pramlearnapp.arcsanswer",
    "pk": 647,
    "fields": {
      "response": 33,
      "question": 7,
      "likert_value": 4,
      "choice_value": null,
      "text_value": null,
      "answered_at": "2025-07-01T08:35:00Z"
    }
  },
  {
    "model": "pramlearnapp.arcsanswer",
    "pk": 648,
    "fields": {
      "response": 33,
      "question": 8,
      "likert_value": 5,
      "choice_value": null,
      "text_value": null,
      "answered_at": "2025-07-01T08:35:00Z"
    }
  },
  {
    "model": "pramlearnapp.arcsanswer",
    "pk": 649,
    "fields": {
      "response": 33,
      "question": 9,
      "likert_value": 5,
      "choice_value": null,
      "text_value": null,
      "answered_at": "2025-07-01T08:35:00Z"
    }
  },
  {
    "model": "pramlearnapp.arcsanswer",
    "pk": 650,
    "fields": {
      "response": 33,
      "question": 10,
      "likert_value": 4,
      "choice_value": null,
      "text_value": null,
      "answered_at": "2025-07-01T08:35:00Z"
    }
  },
  {
    "model": "pramlearnapp.arcsanswer",
    "pk": 651,
    "fields": {
      "response": 33,
      "question": 11,
      "likert_value": 4,
      "choice_value": null,
      "text_value": null,
      "answered_at": "2025-07-01T08:35:00Z"
    }
  },
  {
    "model": "pramlearnapp.arcsanswer",
    "pk": 652,
    "fields": {
      "response": 33,
      "question": 12,
      "likert_value": 3,
      "choice_value": null,
      "text_value": null,
      "answered_at": "2025-07-01T08:35:00Z"
    }
  },
  {
    "model": "pramlearnapp.arcsanswer",
    "pk": 653,
    "fields": {
      "response": 33,
      "question": 13,
      "likert_value": 4,
      "choice_value": null,
      "text_value": null,
      "answered_at": "2025-07-01T08:35:00Z"
    }
  },
  {
    "model": "pramlearnapp.arcsanswer",
    "pk": 654,
    "fields": {
      "response": 33,
      "question": 14,
      "likert_value": 3,
      "choice_value": null,
      "text_value": null,
      "answered_at": "2025-07-01T08:35:00Z"
    }
  },
  {
    "model": "pramlearnapp.arcsanswer",
    "pk": 655,
    "fields": {
      "response": 33,
      "question": 15,
      "likert_value": 4,
      "choice_value": null,
      "text_value": null,
      "answered_at": "2025-07-01T08:35:00Z"
    }
  },
  {
    "model": "pramlearnapp.arcsanswer",
    "pk": 656,
    "fields": {
      "response": 33,
      "question": 16,
      "likert_value": 5,
      "choice_value": null,
      "text_value": null,
      "answered_at": "2025-07-01T08:35:00Z"
    }
  },
  {
    "model": "pramlearnapp.arcsanswer",
    "pk": 657,
    "fields": {
      "response": 33,
      "question": 17,
      "likert_value": 2,
      "choice_value": null,
      "text_value": null,
      "answered_at": "2025-07-01T08:35:00Z"
    }
  },
  {
    "model": "pramlearnapp.arcsanswer",
    "pk": 658,
    "fields": {
      "response": 33,
      "question": 18,
      "likert_value": 5,
      "choice_value": null,
      "text_value": null,
      "answered_at": "2025-07-01T08:35:00Z"
    }
  },
  {
    "model": "pramlearnapp.arcsanswer",
    "pk": 659,
    "fields": {
      "response": 33,
      "question": 19,
      "likert_value": 5,
      "choice_value": null,
      "text_value": null,
      "answered_at": "2025-07-01T08:35:00Z"
    }
  },
  {
    "model": "pramlearnapp.arcsanswer",
    "pk": 660,
    "fields": {
      "response": 33,
      "question": 20,
      "likert_value": 5,
      "choice_value": null,
      "text_value": null,
      "answered_at": "2025-07-01T08:35:00Z"
    }
  },
  {
    "model": "pramlearnapp.arcsanswer",
    "pk": 661,
    "fields": {
      "response": 34,
      "question": 1,
      "likert_value": 5,
      "choice_value": null,
      "text_value": null,
      "answered_at": "2025-07-01T08:35:00Z"
    }
  },
  {
    "model": "pramlearnapp.arcsanswer",
    "pk": 662,
    "fields": {
      "response": 34,
      "question": 2,
      "likert_value": 5,
      "choice_value": null,
      "text_value": null,
      "answered_at": "2025-07-01T08:35:00Z"
    }
  },
  {
    "model": "pramlearnapp.arcsanswer",
    "pk": 663,
    "fields": {
      "response": 34,
      "question": 3,
      "likert_value": 4,
      "choice_value": null,
      "text_value": null,
      "answered_at": "2025-07-01T08:35:00Z"
    }
  },
  {
    "model": "pramlearnapp.arcsanswer",
    "pk": 664,
    "fields": {
      "response": 34,
      "question": 4,
      "likert_value": 3,
      "choice_value": null,
      "text_value": null,
      "answered_at": "2025-07-01T08:35:00Z"
    }
  },
  {
    "model": "pramlearnapp.arcsanswer",
    "pk": 665,
    "fields": {
      "response": 34,
      "question": 5,
      "likert_value": 3,
      "choice_value": null,
      "text_value": null,
      "answered_at": "2025-07-01T08:35:00Z"
    }
  },
  {
    "model": "pramlearnapp.arcsanswer",
    "pk": 666,
    "fields": {
      "response": 34,
      "question": 6,
      "likert_value": 3,
      "choice_value": null,
      "text_value": null,
      "answered_at": "2025-07-01T08:35:00Z"
    }
  },
  {
    "model": "pramlearnapp.arcsanswer",
    "pk": 667,
    "fields": {
      "response": 34,
      "question": 7,
      "likert_value": 5,
      "choice_value": null,
      "text_value": null,
      "answered_at": "2025-07-01T08:35:00Z"
    }
  },
  {
    "model": "pramlearnapp.arcsanswer",
    "pk": 668,
    "fields": {
      "response": 34,
      "question": 8,
      "likert_value": 3,
      "choice_value": null,
      "text_value": null,
      "answered_at": "2025-07-01T08:35:00Z"
    }
  },
  {
    "model": "pramlearnapp.arcsanswer",
    "pk": 669,
    "fields": {
      "response": 34,
      "question": 9,
      "likert_value": 4,
      "choice_value": null,
      "text_value": null,
      "answered_at": "2025-07-01T08:35:00Z"
    }
  },
  {
    "model": "pramlearnapp.arcsanswer",
    "pk": 670,
    "fields": {
      "response": 34,
      "question": 10,
      "likert_value": 3,
      "choice_value": null,
      "text_value": null,
      "answered_at": "2025-07-01T08:35:00Z"
    }
  },
  {
    "model": "pramlearnapp.arcsanswer",
    "pk": 671,
    "fields": {
      "response": 34,
      "question": 11,
      "likert_value": 3,
      "choice_value": null,
      "text_value": null,
      "answered_at": "2025-07-01T08:35:00Z"
    }
  },
  {
    "model": "pramlearnapp.arcsanswer",
    "pk": 672,
    "fields": {
      "response": 34,
      "question": 12,
      "likert_value": 5,
      "choice_value": null,
      "text_value": null,
      "answered_at": "2025-07-01T08:35:00Z"
    }
  },
  {
    "model": "pramlearnapp.arcsanswer",
    "pk": 673,
    "fields": {
      "response": 34,
      "question": 13,
      "likert_value": 3,
      "choice_value": null,
      "text_value": null,
      "answered_at": "2025-07-01T08:35:00Z"
    }
  },
  {
    "model": "pramlearnapp.arcsanswer",
    "pk": 674,
    "fields": {
      "response": 34,
      "question": 14,
      "likert_value": 5,
      "choice_value": null,
      "text_value": null,
      "answered_at": "2025-07-01T08:35:00Z"
    }
  },
  {
    "model": "pramlearnapp.arcsanswer",
    "pk": 675,
    "fields": {
      "response": 34,
      "question": 15,
      "likert_value": 5,
      "choice_value": null,
      "text_value": null,
      "answered_at": "2025-07-01T08:35:00Z"
    }
  },
  {
    "model": "pramlearnapp.arcsanswer",
    "pk": 676,
    "fields": {
      "response": 34,
      "question": 16,
      "likert_value": 3,
      "choice_value": null,
      "text_value": null,
      "answered_at": "2025-07-01T08:35:00Z"
    }
  },
  {
    "model": "pramlearnapp.arcsanswer",
    "pk": 677,
    "fields": {
      "response": 34,
      "question": 17,
      "likert_value": 4,
      "choice_value": null,
      "text_value": null,
      "answered_at": "2025-07-01T08:35:00Z"
    }
  },
  {
    "model": "pramlearnapp.arcsanswer",
    "pk": 678,
    "fields": {
      "response": 34,
      "question": 18,
      "likert_value": 2,
      "choice_value": null,
      "text_value": null,
      "answered_at": "2025-07-01T08:35:00Z"
    }
  },
  {
    "model": "pramlearnapp.arcsanswer",
    "pk": 679,
    "fields": {
      "response": 34,
      "question": 19,
      "likert_value": 3,
      "choice_value": null,
      "text_value": null,
      "answered_at": "2025-07-01T08:35:00Z"
    }
  },
  {
    "model": "pramlearnapp.arcsanswer",
    "pk": 680,
    "fields": {
      "response": 34,
      "question": 20,
      "likert_value": 2,
      "choice_value": null,
      "text_value": null,
      "answered_at": "2025-07-01T08:35:00Z"
    }
  },
  {
    "model": "pramlearnapp.studentmotivationprofile",
    "pk": 1,
    "fields": {
      "student": 3,
      "attention": 4.44,
      "relevance": 3.33,
      "confidence": 3.54,
      "satisfaction": 3.42,
      "motivation_level": "Medium"
    }
  },
  {
    "model": "pramlearnapp.studentmotivationprofile",
    "pk": 2,
    "fields": {
      "student": 4,
      "attention": 4.54,
      "relevance": 3.56,
      "confidence": 3.28,
      "satisfaction": 3.38,
      "motivation_level": "Medium"
    }
  },
  {
    "model": "pramlearnapp.studentmotivationprofile",
    "pk": 3,
    "fields": {
      "student": 5,
      "attention": 4.71,
      "relevance": 4.47,
      "confidence": 4.12,
      "satisfaction": 4.21,
      "motivation_level": "High"
    }
  },
  {
    "model": "pramlearnapp.studentmotivationprofile",
    "pk": 4,
    "fields": {
      "student": 6,
      "attention": 4.46,
      "relevance": 3.88,
      "confidence": 3.59,
      "satisfaction": 3.93,
      "motivation_level": "Medium"
    }
  },
  {
    "model": "pramlearnapp.studentmotivationprofile",
    "pk": 5,
    "fields": {
      "student": 7,
      "attention": 3.91,
      "relevance": 3.98,
      "confidence": 2.9,
      "satisfaction": 4.3,
      "motivation_level": "Medium"
    }
  },
  {
    "model": "pramlearnapp.studentmotivationprofile",
    "pk": 6,
    "fields": {
      "student": 8,
      "attention": 4.48,
      "relevance": 3.31,
      "confidence": 3.22,
      "satisfaction": 3.17,
      "motivation_level": "Medium"
    }
  },
  {
    "model": "pramlearnapp.studentmotivationprofile",
    "pk": 7,
    "fields": {
      "student": 9,
      "attention": 3.23,
      "relevance": 3.62,
      "confidence": 3.94,
      "satisfaction": 3.31,
      "motivation_level": "Medium"
    }
  },
  {
    "model": "pramlearnapp.studentmotivationprofile",
    "pk": 8,
    "fields": {
      "student": 10,
      "attention": 3.61,
      "relevance": 3.76,
      "confidence": 3.14,
      "satisfaction": 3.4,
      "motivation_level": "Medium"
    }
  },
  {
    "model": "pramlearnapp.studentmotivationprofile",
    "pk": 9,
    "fields": {
      "student": 11,
      "attention": 3.69,
      "relevance": 3.05,
      "confidence": 3.9,
      "satisfaction": 3.28,
      "motivation_level": "Medium"
    }
  },
  {
    "model": "pramlearnapp.studentmotivationprofile",
    "pk": 10,
    "fields": {
      "student": 12,
      "attention": 4.41,
      "relevance": 3.57,
      "confidence": 3.31,
      "satisfaction": 3.9,
      "motivation_level": "Medium"
    }
  },
  {
    "model": "pramlearnapp.studentmotivationprofile",
    "pk": 11,
    "fields": {
      "student": 13,
      "attention": 3.58,
      "relevance": 3.58,
      "confidence": 3.64,
      "satisfaction": 3.84,
      "motivation_level": "Medium"
    }
  },
  {
    "model": "pramlearnapp.studentmotivationprofile",
    "pk": 12,
    "fields": {
      "student": 14,
      "attention": 4.56,
      "relevance": 3.87,
      "confidence": 4.01,
      "satisfaction": 3.97,
      "motivation_level": "High"
    }
  },
  {
    "model": "pramlearnapp.studentmotivationprofile",
    "pk": 13,
    "fields": {
      "student": 15,
      "attention": 3.49,
      "relevance": 3.21,
      "confidence": 3.09,
      "satisfaction": 4.17,
      "motivation_level": "Medium"
    }
  },
  {
    "model": "pramlearnapp.studentmotivationprofile",
    "pk": 14,
    "fields": {
      "student": 16,
      "attention": 4.43,
      "relevance": 4.37,
      "confidence": 3.82,
      "satisfaction": 3.11,
      "motivation_level": "Medium"
    }
  },
  {
    "model": "pramlearnapp.studentmotivationprofile",
    "pk": 15,
    "fields": {
      "student": 17,
      "attention": 4.73,
      "relevance": 3.78,
      "confidence": 3.57,
      "satisfaction": 3.01,
      "motivation_level": "Medium"
    }
  },
  {
    "model": "pramlearnapp.studentmotivationprofile",
    "pk": 16,
    "fields": {
      "student": 18,
      "attention": 4.18,
      "relevance": 3.19,
      "confidence": 3.61,
      "satisfaction": 3.21,
      "motivation_level": "Medium"
    }
  },
  {
    "model": "pramlearnapp.studentmotivationprofile",
    "pk": 17,
    "fields": {
      "student": 19,
      "attention": 3.29,
      "relevance": 3.95,
      "confidence": 3.43,
      "satisfaction": 3.21,
      "motivation_level": "Medium"
    }
  },
  {
    "model": "pramlearnapp.studentmotivationprofile",
    "pk": 18,
    "fields": {
      "student": 20,
      "attention": 4.41,
      "relevance": 3.92,
      "confidence": 3.45,
      "satisfaction": 3.76,
      "motivation_level": "Medium"
    }
  },
  {
    "model": "pramlearnapp.studentmotivationprofile",
    "pk": 19,
    "fields": {
      "student": 21,
      "attention": 4.63,
      "relevance": 3.06,
      "confidence": 3.52,
      "satisfaction": 3.46,
      "motivation_level": "Medium"
    }
  },
  {
    "model": "pramlearnapp.studentmotivationprofile",
    "pk": 20,
    "fields": {
      "student": 22,
      "attention": 4.11,
      "relevance": 3.48,
      "confidence": 2.96,
      "satisfaction": 4.1,
      "motivation_level": "Medium"
    }
  },
  {
    "model": "pramlearnapp.studentmotivationprofile",
    "pk": 21,
    "fields": {
      "student": 23,
      "attention": 4.72,
      "relevance": 3.22,
      "confidence": 4.12,
      "satisfaction": 3.62,
      "motivation_level": "Medium"
    }
  },
  {
    "model": "pramlearnapp.studentmotivationprofile",
    "pk": 22,
    "fields": {
      "student": 24,
      "attention": 4.1,
      "relevance": 4.46,
      "confidence": 3.32,
      "satisfaction": 3.66,
      "motivation_level": "Medium"
    }
  },
  {
    "model": "pramlearnapp.studentmotivationprofile",
    "pk": 23,
    "fields": {
      "student": 25,
      "attention": 3.21,
      "relevance": 3.2,
      "confidence": 3.21,
      "satisfaction": 3.42,
      "motivation_level": "Medium"
    }
  },
  {
    "model": "pramlearnapp.studentmotivationprofile",
    "pk": 24,
    "fields": {
      "student": 26,
      "attention": 4.0,
      "relevance": 3.2,
      "confidence": 3.72,
      "satisfaction": 2.97,
      "motivation_level": "Medium"
    }
  },
  {
    "model": "pramlearnapp.studentmotivationprofile",
    "pk": 25,
    "fields": {
      "student": 27,
      "attention": 4.79,
      "relevance": 3.62,
      "confidence": 3.6,
      "satisfaction": 2.92,
      "motivation_level": "Medium"
    }
  },
  {
    "model": "pramlearnapp.studentmotivationprofile",
    "pk": 26,
    "fields": {
      "student": 28,
      "attention": 3.97,
      "relevance": 3.78,
      "confidence": 3.76,
      "satisfaction": 3.15,
      "motivation_level": "Medium"
    }
  },
  {
    "model": "pramlearnapp.studentmotivationprofile",
    "pk": 27,
    "fields": {
      "student": 29,
      "attention": 4.7,
      "relevance": 4.17,
      "confidence": 4.17,
      "satisfaction": 4.3,
      "motivation_level": "High"
    }
  },
  {
    "model": "pramlearnapp.studentmotivationprofile",
    "pk": 28,
    "fields": {
      "student": 30,
      "attention": 3.96,
      "relevance": 3.29,
      "confidence": 3.04,
      "satisfaction": 3.16,
      "motivation_level": "Medium"
    }
  },
  {
    "model": "pramlearnapp.studentmotivationprofile",
    "pk": 29,
    "fields": {
      "student": 31,
      "attention": 4.52,
      "relevance": 3.04,
      "confidence": 3.79,
      "satisfaction": 3.48,
      "motivation_level": "Medium"
    }
  },
  {
    "model": "pramlearnapp.studentmotivationprofile",
    "pk": 30,
    "fields": {
      "student": 32,
      "attention": 3.88,
      "relevance": 4.02,
      "confidence": 3.71,
      "satisfaction": 3.39,
      "motivation_level": "Medium"
    }
  },
  {
    "model": "pramlearnapp.studentmotivationprofile",
    "pk": 31,
    "fields": {
      "student": 33,
      "attention": 3.91,
      "relevance": 4.37,
      "confidence": 3.01,
      "satisfaction": 3.01,
      "motivation_level": "Medium"
    }
  },
  {
    "model": "pramlearnapp.studentmotivationprofile",
    "pk": 32,
    "fields": {
      "student": 34,
      "attention": 4.61,
      "relevance": 3.57,
      "confidence": 3.09,
      "satisfaction": 4.17,
      "motivation_level": "Medium"
    }
  },
  {
    "model": "pramlearnapp.studentmotivationprofile",
    "pk": 33,
    "fields": {
      "student": 35,
      "attention": 4.71,
      "relevance": 3.82,
      "confidence": 3.0,
      "satisfaction": 4.06,
      "motivation_level": "Medium"
    }
  },
  {
    "model": "pramlearnapp.studentmotivationprofile",
    "pk": 34,
    "fields": {
      "student": 36,
      "attention": 4.33,
      "relevance": 3.98,
      "confidence": 3.19,
      "satisfaction": 3.61,
      "motivation_level": "Medium"
    }
  },
  {
    "model": "pramlearnapp.studentattendance",
    "pk": 1,
    "fields": {
      "student": 3,
      "material": 1,
      "status": "present",
      "updated_at": "2025-07-01T08:00:00Z",
      "updated_by": 2
    }
  },
  {
    "model": "pramlearnapp.studentattendance",
    "pk": 2,
    "fields": {
      "student": 4,
      "material": 1,
      "status": "present",
      "updated_at": "2025-07-01T08:00:00Z",
      "updated_by": 2
    }
  },
  {
    "model": "pramlearnapp.studentattendance",
    "pk": 3,
    "fields": {
      "student": 5,
      "material": 1,
      "status": "late",
      "updated_at": "2025-07-01T08:00:00Z",
      "updated_by": 2
    }
  },
  {
    "model": "pramlearnapp.studentattendance",
    "pk": 4,
    "fields": {
      "student": 6,
      "material": 1,
      "status": "absent",
      "updated_at": "2025-07-01T08:00:00Z",
      "updated_by": 2
    }
  },
  {
    "model": "pramlearnapp.studentattendance",
    "pk": 5,
    "fields": {
      "student": 7,
      "material": 1,
      "status": "present",
      "updated_at": "2025-07-01T08:00:00Z",
      "updated_by": 2
    }
  },
  {
    "model": "pramlearnapp.studentattendance",
    "pk": 6,
    "fields": {
      "student": 8,
      "material": 1,
      "status": "present",
      "updated_at": "2025-07-01T08:00:00Z",
      "updated_by": 2
    }
  },
  {
    "model": "pramlearnapp.studentattendance",
    "pk": 7,
    "fields": {
      "student": 9,
      "material": 1,
      "status": "present",
      "updated_at": "2025-07-01T08:00:00Z",
      "updated_by": 2
    }
  },
  {
    "model": "pramlearnapp.studentattendance",
    "pk": 8,
    "fields": {
      "student": 10,
      "material": 1,
      "status": "present",
      "updated_at": "2025-07-01T08:00:00Z",
      "updated_by": 2
    }
  },
  {
    "model": "pramlearnapp.studentattendance",
    "pk": 9,
    "fields": {
      "student": 11,
      "material": 1,
      "status": "late",
      "updated_at": "2025-07-01T08:00:00Z",
      "updated_by": 2
    }
  },
  {
    "model": "pramlearnapp.studentattendance",
    "pk": 10,
    "fields": {
      "student": 12,
      "material": 1,
      "status": "present",
      "updated_at": "2025-07-01T08:00:00Z",
      "updated_by": 2
    }
  },
  {
    "model": "pramlearnapp.studentattendance",
    "pk": 11,
    "fields": {
      "student": 13,
      "material": 1,
      "status": "absent",
      "updated_at": "2025-07-01T08:00:00Z",
      "updated_by": 2
    }
  },
  {
    "model": "pramlearnapp.studentattendance",
    "pk": 12,
    "fields": {
      "student": 14,
      "material": 1,
      "status": "present",
      "updated_at": "2025-07-01T08:00:00Z",
      "updated_by": 2
    }
  },
  {
    "model": "pramlearnapp.studentattendance",
    "pk": 13,
    "fields": {
      "student": 15,
      "material": 1,
      "status": "present",
      "updated_at": "2025-07-01T08:00:00Z",
      "updated_by": 2
    }
  },
  {
    "model": "pramlearnapp.studentattendance",
    "pk": 14,
    "fields": {
      "student": 16,
      "material": 1,
      "status": "present",
      "updated_at": "2025-07-01T08:00:00Z",
      "updated_by": 2
    }
  },
  {
    "model": "pramlearnapp.studentattendance",
    "pk": 15,
    "fields": {
      "student": 17,
      "material": 1,
      "status": "present",
      "updated_at": "2025-07-01T08:00:00Z",
      "updated_by": 2
    }
  },
  {
    "model": "pramlearnapp.studentattendance",
    "pk": 16,
    "fields": {
      "student": 18,
      "material": 1,
      "status": "present",
      "updated_at": "2025-07-01T08:00:00Z",
      "updated_by": 2
    }
  },
  {
    "model": "pramlearnapp.studentattendance",
    "pk": 17,
    "fields": {
      "student": 19,
      "material": 1,
      "status": "present",
      "updated_at": "2025-07-01T08:00:00Z",
      "updated_by": 2
    }
  },
  {
    "model": "pramlearnapp.studentattendance",
    "pk": 18,
    "fields": {
      "student": 20,
      "material": 1,
      "status": "present",
      "updated_at": "2025-07-01T08:00:00Z",
      "updated_by": 2
    }
  },
  {
    "model": "pramlearnapp.studentattendance",
    "pk": 19,
    "fields": {
      "student": 21,
      "material": 1,
      "status": "present",
      "updated_at": "2025-07-01T08:00:00Z",
      "updated_by": 2
    }
  },
  {
    "model": "pramlearnapp.studentattendance",
    "pk": 20,
    "fields": {
      "student": 22,
      "material": 1,
      "status": "present",
      "updated_at": "2025-07-01T08:00:00Z",
      "updated_by": 2
    }
  },
  {
    "model": "pramlearnapp.studentattendance",
    "pk": 21,
    "fields": {
      "student": 23,
      "material": 1,
      "status": "present",
      "updated_at": "2025-07-01T08:00:00Z",
      "updated_by": 2
    }
  },
  {
    "model": "pramlearnapp.studentattendance",
    "pk": 22,
    "fields": {
      "student": 24,
      "material": 1,
      "status": "absent",
      "updated_at": "2025-07-01T08:00:00Z",
      "updated_by": 2
    }
  },
  {
    "model": "pramlearnapp.studentattendance",
    "pk": 23,
    "fields": {
      "student": 25,
      "material": 1,
      "status": "present",
      "updated_at": "2025-07-01T08:00:00Z",
      "updated_by": 2
    }
  },
  {
    "model": "pramlearnapp.studentattendance",
    "pk": 24,
    "fields": {
      "student": 26,
      "material": 1,
      "status": "present",
      "updated_at": "2025-07-01T08:00:00Z",
      "updated_by": 2
    }
  },
  {
    "model": "pramlearnapp.studentattendance",
    "pk": 25,
    "fields": {
      "student": 27,
      "material": 1,
      "status": "excused",
      "updated_at": "2025-07-01T08:00:00Z",
      "updated_by": 2
    }
  },
  {
    "model": "pramlearnapp.studentattendance",
    "pk": 26,
    "fields": {
      "student": 28,
      "material": 1,
      "status": "absent",
      "updated_at": "2025-07-01T08:00:00Z",
      "updated_by": 2
    }
  },
  {
    "model": "pramlearnapp.studentattendance",
    "pk": 27,
    "fields": {
      "student": 29,
      "material": 1,
      "status": "present",
      "updated_at": "2025-07-01T08:00:00Z",
      "updated_by": 2
    }
  },
  {
    "model": "pramlearnapp.studentattendance",
    "pk": 28,
    "fields": {
      "student": 30,
      "material": 1,
      "status": "present",
      "updated_at": "2025-07-01T08:00:00Z",
      "updated_by": 2
    }
  },
  {
    "model": "pramlearnapp.studentattendance",
    "pk": 29,
    "fields": {
      "student": 31,
      "material": 1,
      "status": "excused",
      "updated_at": "2025-07-01T08:00:00Z",
      "updated_by": 2
    }
  },
  {
    "model": "pramlearnapp.studentattendance",
    "pk": 30,
    "fields": {
      "student": 32,
      "material": 1,
      "status": "present",
      "updated_at": "2025-07-01T08:00:00Z",
      "updated_by": 2
    }
  },
  {
    "model": "pramlearnapp.studentattendance",
    "pk": 31,
    "fields": {
      "student": 33,
      "material": 1,
      "status": "present",
      "updated_at": "2025-07-01T08:00:00Z",
      "updated_by": 2
    }
  },
  {
    "model": "pramlearnapp.studentattendance",
    "pk": 32,
    "fields": {
      "student": 34,
      "material": 1,
      "status": "present",
      "updated_at": "2025-07-01T08:00:00Z",
      "updated_by": 2
    }
  },
  {
    "model": "pramlearnapp.studentattendance",
    "pk": 33,
    "fields": {
      "student": 35,
      "material": 1,
      "status": "present",
      "updated_at": "2025-07-01T08:00:00Z",
      "updated_by": 2
    }
  },
  {
    "model": "pramlearnapp.studentattendance",
    "pk": 34,
    "fields": {
      "student": 36,
      "material": 1,
      "status": "late",
      "updated_at": "2025-07-01T08:00:00Z",
      "updated_by": 2
    }
  },
  {
    "model": "pramlearnapp.studentactivity",
    "pk": 1,
    "fields": {
      "student": 3,
      "activity_type": "assignment",
      "title": "Melihat Tugas - Jaringan Komputer",
      "timestamp": "2025-07-02T08:05:00Z",
      "related_object_id": 1
    }
  },
  {
    "model": "pramlearnapp.studentactivity",
    "pk": 2,
    "fields": {
      "student": 3,
      "activity_type": "assignment",
      "title": "Melihat Tugas - Jaringan Komputer",
      "timestamp": "2025-07-02T03:00:00Z",
      "related_object_id": 1
    }
  },
  {
    "model": "pramlearnapp.studentactivity",
    "pk": 3,
    "fields": {
      "student": 3,
      "activity_type": "quiz",
      "title": "Melihat Quiz - Jaringan Komputer",
      "timestamp": "2025-07-01T16:58:00Z",
      "related_object_id": 1
    }
  },
  {
    "model": "pramlearnapp.studentactivity",
    "pk": 4,
    "fields": {
      "student": 4,
      "activity_type": "quiz",
      "title": "Melihat Quiz - Jaringan Komputer",
      "timestamp": "2025-07-01T13:03:00Z",
      "related_object_id": 1
    }
  },
  {
    "model": "pramlearnapp.studentactivity",
    "pk": 5,
    "fields": {
      "student": 4,
      "activity_type": "material",
      "title": "Membuka Materi Pembelajaran - Jaringan Komputer",
      "timestamp": "2025-07-01T18:12:00Z",
      "related_object_id": 1
    }
  },
  {
    "model": "pramlearnapp.studentactivity",
    "pk": 6,
    "fields": {
      "student": 4,
      "activity_type": "assignment",
      "title": "Melihat Tugas - Jaringan Komputer",
      "timestamp": "2025-07-02T07:36:00Z",
      "related_object_id": 1
    }
  },
  {
    "model": "pramlearnapp.studentactivity",
    "pk": 7,
    "fields": {
      "student": 4,
      "activity_type": "assignment",
      "title": "Melihat Tugas - Jaringan Komputer",
      "timestamp": "2025-07-02T07:22:00Z",
      "related_object_id": 1
    }
  },
  {
    "model": "pramlearnapp.studentactivity",
    "pk": 8,
    "fields": {
      "student": 5,
      "activity_type": "material",
      "title": "Membuka Materi Pembelajaran - Jaringan Komputer",
      "timestamp": "2025-07-01T13:45:00Z",
      "related_object_id": 1
    }
  },
  {
    "model": "pramlearnapp.studentactivity",
    "pk": 9,
    "fields": {
      "student": 5,
      "activity_type": "quiz",
      "title": "Melihat Quiz - Jaringan Komputer",
      "timestamp": "2025-07-02T06:45:00Z",
      "related_object_id": 1
    }
  },
  {
    "model": "pramlearnapp.studentactivity",
    "pk": 10,
    "fields": {
      "student": 5,
      "activity_type": "quiz",
      "title": "Melihat Quiz - Jaringan Komputer",
      "timestamp": "2025-07-01T21:33:00Z",
      "related_object_id": 1
    }
  },
  {
    "model": "pramlearnapp.studentactivity",
    "pk": 11,
    "fields": {
      "student": 5,
      "activity_type": "material",
      "title": "Membuka Materi Pembelajaran - Jaringan Komputer",
      "timestamp": "2025-07-01T11:49:00Z",
      "related_object_id": 1
    }
  },
  {
    "model": "pramlearnapp.studentactivity",
    "pk": 12,
    "fields": {
      "student": 6,
      "activity_type": "assignment",
      "title": "Melihat Tugas - Jaringan Komputer",
      "timestamp": "2025-07-01T19:05:00Z",
      "related_object_id": 1
    }
  },
  {
    "model": "pramlearnapp.studentactivity",
    "pk": 13,
    "fields": {
      "student": 6,
      "activity_type": "quiz",
      "title": "Melihat Quiz - Jaringan Komputer",
      "timestamp": "2025-07-02T04:20:00Z",
      "related_object_id": 1
    }
  },
  {
    "model": "pramlearnapp.studentactivity",
    "pk": 14,
    "fields": {
      "student": 7,
      "activity_type": "material",
      "title": "Membuka Materi Pembelajaran - Jaringan Komputer",
      "timestamp": "2025-07-01T14:28:00Z",
      "related_object_id": 1
    }
  },
  {
    "model": "pramlearnapp.studentactivity",
    "pk": 15,
    "fields": {
      "student": 7,
      "activity_type": "material",
      "title": "Membuka Materi Pembelajaran - Jaringan Komputer",
      "timestamp": "2025-07-02T02:35:00Z",
      "related_object_id": 1
    }
  },
  {
    "model": "pramlearnapp.studentactivity",
    "pk": 16,
    "fields": {
      "student": 7,
      "activity_type": "assignment",
      "title": "Melihat Tugas - Jaringan Komputer",
      "timestamp": "2025-07-02T06:49:00Z",
      "related_object_id": 1
    }
  },
  {
    "model": "pramlearnapp.studentactivity",
    "pk": 17,
    "fields": {
      "student": 8,
      "activity_type": "assignment",
      "title": "Melihat Tugas - Jaringan Komputer",
      "timestamp": "2025-07-01T09:32:00Z",
      "related_object_id": 1
    }
  },
  {
    "model": "pramlearnapp.studentactivity",
    "pk": 18,
    "fields": {
      "student": 8,
      "activity_type": "material",
      "title": "Membuka Materi Pembelajaran - Jaringan Komputer",
      "timestamp": "2025-07-01T13:47:00Z",
      "related_object_id": 1
    }
  },
  {
    "model": "pramlearnapp.studentactivity",
    "pk": 19,
    "fields": {
      "student": 8,
      "activity_type": "quiz",
      "title": "Melihat Quiz - Jaringan Komputer",
      "timestamp": "2025-07-01T14:34:00Z",
      "related_object_id": 1
    }
  },
  {
    "model": "pramlearnapp.studentactivity",
    "pk": 20,
    "fields": {
      "student": 8,
      "activity_type": "quiz",
      "title": "Melihat Quiz - Jaringan Komputer",
      "timestamp": "2025-07-02T01:33:00Z",
      "related_object_id": 1
    }
  },
  {
    "model": "pramlearnapp.studentactivity",
    "pk": 21,
    "fields": {
      "student": 8,
      "activity_type": "quiz",
      "title": "Melihat Quiz - Jaringan Komputer",
      "timestamp": "2025-07-01T16:20:00Z",
      "related_object_id": 1
    }
  },
  {
    "model": "pramlearnapp.studentactivity",
    "pk": 22,
    "fields": {
      "student": 9,
      "activity_type": "quiz",
      "title": "Melihat Quiz - Jaringan Komputer",
      "timestamp": "2025-07-01T09:39:00Z",
      "related_object_id": 1
    }
  },
  {
    "model": "pramlearnapp.studentactivity",
    "pk": 23,
    "fields": {
      "student": 9,
      "activity_type": "material",
      "title": "Membuka Materi Pembelajaran - Jaringan Komputer",
      "timestamp": "2025-07-01T17:31:00Z",
      "related_object_id": 1
    }
  },
  {
    "model": "pramlearnapp.studentactivity",
    "pk": 24,
    "fields": {
      "student": 10,
      "activity_type": "assignment",
      "title": "Melihat Tugas - Jaringan Komputer",
      "timestamp": "2025-07-02T00:46:00Z",
      "related_object_id": 1
    }
  },
  {
    "model": "pramlearnapp.studentactivity",
    "pk": 25,
    "fields": {
      "student": 10,
      "activity_type": "material",
      "title": "Membuka Materi Pembelajaran - Jaringan Komputer",
      "timestamp": "2025-07-01T17:44:00Z",
      "related_object_id": 1
    }
  },
  {
    "model": "pramlearnapp.studentactivity",
    "pk": 26,
    "fields": {
      "student": 10,
      "activity_type": "quiz",
      "title": "Melihat Quiz - Jaringan Komputer",
      "timestamp": "2025-07-01T11:20:00Z",
      "related_object_id": 1
    }
  },
  {
    "model": "pramlearnapp.studentactivity",
    "pk": 27,
    "fields": {
      "student": 10,
      "activity_type": "quiz",
      "title": "Melihat Quiz - Jaringan Komputer",
      "timestamp": "2025-07-01T23:50:00Z",
      "related_object_id": 1
    }
  },
  {
    "model": "pramlearnapp.studentactivity",
    "pk": 28,
    "fields": {
      "student": 10,
      "activity_type": "assignment",
      "title": "Melihat Tugas - Jaringan Komputer",
      "timestamp": "2025-07-01T12:30:00Z",
      "related_object_id": 1
    }
  },
  {
    "model": "pramlearnapp.studentactivity",
    "pk": 29,
    "fields": {
      "student": 11,
      "activity_type": "material",
      "title": "Membuka Materi Pembelajaran - Jaringan Komputer",
      "timestamp": "2025-07-01T20:31:00Z",
      "related_object_id": 1
    }
  },
  {
    "model": "pramlearnapp.studentactivity",
    "pk": 30,
    "fields": {
      "student": 11,
      "activity_type": "material",
      "title": "Membuka Materi Pembelajaran - Jaringan Komputer",
      "timestamp": "2025-07-02T08:12:00Z",
      "related_object_id": 1
    }
  },
  {
    "model": "pramlearnapp.studentactivity",
    "pk": 31,
    "fields": {
      "student": 11,
      "activity_type": "quiz",
      "title": "Melihat Quiz - Jaringan Komputer",
      "timestamp": "2025-07-01T18:56:00Z",
      "related_object_id": 1
    }
  },
  {
    "model": "pramlearnapp.studentactivity",
    "pk": 32,
    "fields": {
      "student": 12,
      "activity_type": "quiz",
      "title": "Melihat Quiz - Jaringan Komputer",
      "timestamp": "2025-07-01T08:36:00Z",
      "related_object_id": 1
    }
  },
  {
    "model": "pramlearnapp.studentactivity",
    "pk": 33,
    "fields": {
      "student": 12,
      "activity_type": "assignment",
      "title": "Melihat Tugas - Jaringan Komputer",
      "timestamp": "2025-07-02T06:15:00Z",
      "related_object_id": 1
    }
  },
  {
    "model": "pramlearnapp.studentactivity",
    "pk": 34,
    "fields": {
      "student": 13,
      "activity_type": "assignment",
      "title": "Melihat Tugas - Jaringan Komputer",
      "timestamp": "2025-07-01T09:24:00Z",
      "related_object_id": 1
    }
  },
  {
    "model": "pramlearnapp.studentactivity",
    "pk": 35,
    "fields": {
      "student": 13,
      "activity_type": "assignment",
      "title": "Melihat Tugas - Jaringan Komputer",
      "timestamp": "2025-07-01T20:40:00Z",
      "related_object_id": 1
    }
  },
  {
    "model": "pramlearnapp.studentactivity",
    "pk": 36,
    "fields": {
      "student": 14,
      "activity_type": "material",
      "title": "Membuka Materi Pembelajaran - Jaringan Komputer",
      "timestamp": "2025-07-02T06:15:00Z",
      "related_object_id": 1
    }
  },
  {
    "model": "pramlearnapp.studentactivity",
    "pk": 37,
    "fields": {
      "student": 14,
      "activity_type": "quiz",
      "title": "Melihat Quiz - Jaringan Komputer",
      "timestamp": "2025-07-02T04:20:00Z",
      "related_object_id": 1
    }
  },
  {
    "model": "pramlearnapp.studentactivity",
    "pk": 38,
    "fields": {
      "student": 14,
      "activity_type": "assignment",
      "title": "Melihat Tugas - Jaringan Komputer",
      "timestamp": "2025-07-01T09:17:00Z",
      "related_object_id": 1
    }
  },
  {
    "model": "pramlearnapp.studentactivity",
    "pk": 39,
    "fields": {
      "student": 14,
      "activity_type": "quiz",
      "title": "Melihat Quiz - Jaringan Komputer",
      "timestamp": "2025-07-02T04:24:00Z",
      "related_object_id": 1
    }
  },
  {
    "model": "pramlearnapp.studentactivity",
    "pk": 40,
    "fields": {
      "student": 15,
      "activity_type": "material",
      "title": "Membuka Materi Pembelajaran - Jaringan Komputer",
      "timestamp": "2025-07-01T18:32:00Z",
      "related_object_id": 1
    }
  },
  {
    "model": "pramlearnapp.studentactivity",
    "pk": 41,
    "fields": {
      "student": 15,
      "activity_type": "assignment",
      "title": "Melihat Tugas - Jaringan Komputer",
      "timestamp": "2025-07-02T08:11:00Z",
      "related_object_id": 1
    }
  },
  {
    "model": "pramlearnapp.studentactivity",
    "pk": 42,
    "fields": {
      "student": 15,
      "activity_type": "material",
      "title": "Membuka Materi Pembelajaran - Jaringan Komputer",
      "timestamp": "2025-07-01T12:28:00Z",
      "related_object_id": 1
    }
  },
  {
    "model": "pramlearnapp.studentactivity",
    "pk": 43,
    "fields": {
      "student": 15,
      "activity_type": "material",
      "title": "Membuka Materi Pembelajaran - Jaringan Komputer",
      "timestamp": "2025-07-01T11:07:00Z",
      "related_object_id": 1
    }
  },
  {
    "model": "pramlearnapp.studentactivity",
    "pk": 44,
    "fields": {
      "student": 15,
      "activity_type": "assignment",
      "title": "Melihat Tugas - Jaringan Komputer",
      "timestamp": "2025-07-01T11:23:00Z",
      "related_object_id": 1
    }
  },
  {
    "model": "pramlearnapp.studentactivity",
    "pk": 45,
    "fields": {
      "student": 16,
      "activity_type": "assignment",
      "title": "Melihat Tugas - Jaringan Komputer",
      "timestamp": "2025-07-01T18:04:00Z",
      "related_object_id": 1
    }
  },
  {
    "model": "pramlearnapp.studentactivity",
    "pk": 46,
    "fields": {
      "student": 16,
      "activity_type": "material",
      "title": "Membuka Materi Pembelajaran - Jaringan Komputer",
      "timestamp": "2025-07-01T23:49:00Z",
      "related_object_id": 1
    }
  },
  {
    "model": "pramlearnapp.studentactivity",
    "pk": 47,
    "fields": {
      "student": 17,
      "activity_type": "material",
      "title": "Membuka Materi Pembelajaran - Jaringan Komputer",
      "timestamp": "2025-07-01T23:48:00Z",
      "related_object_id": 1
    }
  },
  {
    "model": "pramlearnapp.studentactivity",
    "pk": 48,
    "fields": {
      "student": 17,
      "activity_type": "assignment",
      "title": "Melihat Tugas - Jaringan Komputer",
      "timestamp": "2025-07-02T04:08:00Z",
      "related_object_id": 1
    }
  },
  {
    "model": "pramlearnapp.studentactivity",
    "pk": 49,
    "fields": {
      "student": 18,
      "activity_type": "material",
      "title": "Membuka Materi Pembelajaran - Jaringan Komputer",
      "timestamp": "2025-07-01T13:45:00Z",
      "related_object_id": 1
    }
  },
  {
    "model": "pramlearnapp.studentactivity",
    "pk": 50,
    "fields": {
      "student": 18,
      "activity_type": "assignment",
      "title": "Melihat Tugas - Jaringan Komputer",
      "timestamp": "2025-07-02T05:18:00Z",
      "related_object_id": 1
    }
  },
  {
    "model": "pramlearnapp.studentactivity",
    "pk": 51,
    "fields": {
      "student": 18,
      "activity_type": "assignment",
      "title": "Melihat Tugas - Jaringan Komputer",
      "timestamp": "2025-07-02T01:25:00Z",
      "related_object_id": 1
    }
  },
  {
    "model": "pramlearnapp.studentactivity",
    "pk": 52,
    "fields": {
      "student": 19,
      "activity_type": "material",
      "title": "Membuka Materi Pembelajaran - Jaringan Komputer",
      "timestamp": "2025-07-01T17:14:00Z",
      "related_object_id": 1
    }
  },
  {
    "model": "pramlearnapp.studentactivity",
    "pk": 53,
    "fields": {
      "student": 19,
      "activity_type": "assignment",
      "title": "Melihat Tugas - Jaringan Komputer",
      "timestamp": "2025-07-01T14:40:00Z",
      "related_object_id": 1
    }
  },
  {
    "model": "pramlearnapp.studentactivity",
    "pk": 54,
    "fields": {
      "student": 19,
      "activity_type": "assignment",
      "title": "Melihat Tugas - Jaringan Komputer",
      "timestamp": "2025-07-01T11:58:00Z",
      "related_object_id": 1
    }
  },
  {
    "model": "pramlearnapp.studentactivity",
    "pk": 55,
    "fields": {
      "student": 19,
      "activity_type": "material",
      "title": "Membuka Materi Pembelajaran - Jaringan Komputer",
      "timestamp": "2025-07-02T02:31:00Z",
      "related_object_id": 1
    }
  },
  {
    "model": "pramlearnapp.studentactivity",
    "pk": 56,
    "fields": {
      "student": 20,
      "activity_type": "material",
      "title": "Membuka Materi Pembelajaran - Jaringan Komputer",
      "timestamp": "2025-07-01T22:27:00Z",
      "related_object_id": 1
    }
  },
  {
    "model": "pramlearnapp.studentactivity",
    "pk": 57,
    "fields": {
      "student": 20,
      "activity_type": "quiz",
      "title": "Melihat Quiz - Jaringan Komputer",
      "timestamp": "2025-07-02T07:58:00Z",
      "related_object_id": 1
    }
  },
  {
    "model": "pramlearnapp.studentactivity",
    "pk": 58,
    "fields": {
      "student": 20,
      "activity_type": "assignment",
      "title": "Melihat Tugas - Jaringan Komputer",
      "timestamp": "2025-07-02T01:42:00Z",
      "related_object_id": 1
    }
  },
  {
    "model": "pramlearnapp.studentactivity",
    "pk": 59,
    "fields": {
      "student": 20,
      "activity_type": "quiz",
      "title": "Melihat Quiz - Jaringan Komputer",
      "timestamp": "2025-07-01T17:19:00Z",
      "related_object_id": 1
    }
  },
  {
    "model": "pramlearnapp.studentactivity",
    "pk": 60,
    "fields": {
      "student": 20,
      "activity_type": "quiz",
      "title": "Melihat Quiz - Jaringan Komputer",
      "timestamp": "2025-07-01T10:46:00Z",
      "related_object_id": 1
    }
  },
  {
    "model": "pramlearnapp.studentactivity",
    "pk": 61,
    "fields": {
      "student": 21,
      "activity_type": "quiz",
      "title": "Melihat Quiz - Jaringan Komputer",
      "timestamp": "2025-07-01T15:22:00Z",
      "related_object_id": 1
    }
  },
  {
    "model": "pramlearnapp.studentactivity",
    "pk": 62,
    "fields": {
      "student": 21,
      "activity_type": "material",
      "title": "Membuka Materi Pembelajaran - Jaringan Komputer",
      "timestamp": "2025-07-01T23:35:00Z",
      "related_object_id": 1
    }
  },
  {
    "model": "pramlearnapp.studentactivity",
    "pk": 63,
    "fields": {
      "student": 21,
      "activity_type": "quiz",
      "title": "Melihat Quiz - Jaringan Komputer",
      "timestamp": "2025-07-02T06:08:00Z",
      "related_object_id": 1
    }
  },
  {
    "model": "pramlearnapp.studentactivity",
    "pk": 64,
    "fields": {
      "student": 21,
      "activity_type": "material",
      "title": "Membuka Materi Pembelajaran - Jaringan Komputer",
      "timestamp": "2025-07-02T07:20:00Z",
      "related_object_id": 1
    }
  },
  {
    "model": "pramlearnapp.studentactivity",
    "pk": 65,
    "fields": {
      "student": 21,
      "activity_type": "quiz",
      "title": "Melihat Quiz - Jaringan Komputer",
      "timestamp": "2025-07-02T01:28:00Z",
      "related_object_id": 1
    }
  },
  {
    "model": "pramlearnapp.studentactivity",
    "pk": 66,
    "fields": {
      "student": 22,
      "activity_type": "material",
      "title": "Membuka Materi Pembelajaran - Jaringan Komputer",
      "timestamp": "2025-07-01T21:44:00Z",
      "related_object_id": 1
    }
  },
  {
    "model": "pramlearnapp.studentactivity",
    "pk": 67,
    "fields": {
      "student": 22,
      "activity_type": "assignment",
      "title": "Melihat Tugas - Jaringan Komputer",
      "timestamp": "2025-07-02T01:10:00Z",
      "related_object_id": 1
    }
  },
  {
    "model": "pramlearnapp.studentactivity",
    "pk": 68,
    "fields": {
      "student": 22,
      "activity_type": "assignment",
      "title": "Melihat Tugas - Jaringan Komputer",
      "timestamp": "2025-07-01T21:40:00Z",
      "related_object_id": 1
    }
  },
  {
    "model": "pramlearnapp.studentactivity",
    "pk": 69,
    "fields": {
      "student": 23,
      "activity_type": "assignment",
      "title": "Melihat Tugas - Jaringan Komputer",
      "timestamp": "2025-07-01T08:06:00Z",
      "related_object_id": 1
    }
  },
  {
    "model": "pramlearnapp.studentactivity",
    "pk": 70,
    "fields": {
      "student": 23,
      "activity_type": "assignment",
      "title": "Melihat Tugas - Jaringan Komputer",
      "timestamp": "2025-07-01T13:46:00Z",
      "related_object_id": 1
    }
  },
  {
    "model": "pramlearnapp.studentactivity",
    "pk": 71,
    "fields": {
      "student": 23,
      "activity_type": "assignment",
      "title": "Melihat Tugas - Jaringan Komputer",
      "timestamp": "2025-07-02T01:47:00Z",
      "related_object_id": 1
    }
  },
  {
    "model": "pramlearnapp.studentactivity",
    "pk": 72,
    "fields": {
      "student": 23,
      "activity_type": "quiz",
      "title": "Melihat Quiz - Jaringan Komputer",
      "timestamp": "2025-07-01T18:07:00Z",
      "related_object_id": 1
    }
  },
  {
    "model": "pramlearnapp.studentactivity",
    "pk": 73,
    "fields": {
      "student": 24,
      "activity_type": "quiz",
      "title": "Melihat Quiz - Jaringan Komputer",
      "timestamp": "2025-07-02T05:09:00Z",
      "related_object_id": 1
    }
  },
  {
    "model": "pramlearnapp.studentactivity",
    "pk": 74,
    "fields": {
      "student": 24,
      "activity_type": "material",
      "title": "Membuka Materi Pembelajaran - Jaringan Komputer",
      "timestamp": "2025-07-02T06:32:00Z",
      "related_object_id": 1
    }
  },
  {
    "model": "pramlearnapp.studentactivity",
    "pk": 75,
    "fields": {
      "student": 24,
      "activity_type": "quiz",
      "title": "Melihat Quiz - Jaringan Komputer",
      "timestamp": "2025-07-02T02:41:00Z",
      "related_object_id": 1
    }
  },
  {
    "model": "pramlearnapp.studentactivity",
    "pk": 76,
    "fields": {
      "student": 25,
      "activity_type": "material",
      "title": "Membuka Materi Pembelajaran - Jaringan Komputer",
      "timestamp": "2025-07-01T22:34:00Z",
      "related_object_id": 1
    }
  },
  {
    "model": "pramlearnapp.studentactivity",
    "pk": 77,
    "fields": {
      "student": 25,
      "activity_type": "assignment",
      "title": "Melihat Tugas - Jaringan Komputer",
      "timestamp": "2025-07-01T14:55:00Z",
      "related_object_id": 1
    }
  },
  {
    "model": "pramlearnapp.studentactivity",
    "pk": 78,
    "fields": {
      "student": 26,
      "activity_type": "quiz",
      "title": "Melihat Quiz - Jaringan Komputer",
      "timestamp": "2025-07-02T03:40:00Z",
      "related_object_id": 1
    }
  },
  {
    "model": "pramlearnapp.studentactivity",
    "pk": 79,
    "fields": {
      "student": 26,
      "activity_type": "material",
      "title": "Membuka Materi Pembelajaran - Jaringan Komputer",
      "timestamp": "2025-07-02T02:27:00Z",
      "related_object_id": 1
    }
  },
  {
    "model": "pramlearnapp.studentactivity",
    "pk": 80,
    "fields": {
      "student": 26,
      "activity_type": "material",
      "title": "Membuka Materi Pembelajaran - Jaringan Komputer",
      "timestamp": "2025-07-01T17:12:00Z",
      "related_object_id": 1
    }
  },
  {
    "model": "pramlearnapp.studentactivity",
    "pk": 81,
    "fields": {
      "student": 27,
      "activity_type": "assignment",
      "title": "Melihat Tugas - Jaringan Komputer",
      "timestamp": "2025-07-01T19:04:00Z",
      "related_object_id": 1
    }
  },
  {
    "model": "pramlearnapp.studentactivity",
    "pk": 82,
    "fields": {
      "student": 27,
      "activity_type": "quiz",
      "title": "Melihat Quiz - Jaringan Komputer",
      "timestamp": "2025-07-01T22:14:00Z",
      "related_object_id": 1
    }
  },
  {
    "model": "pramlearnapp.studentactivity",
    "pk": 83,
    "fields": {
      "student": 27,
      "activity_type": "assignment",
      "title": "Melihat Tugas - Jaringan Komputer",
      "timestamp": "2025-07-02T00:38:00Z",
      "related_object_id": 1
    }
  },
  {
    "model": "pramlearnapp.studentactivity",
    "pk": 84,
    "fields": {
      "student": 27,
      "activity_type": "assignment",
      "title": "Melihat Tugas - Jaringan Komputer",
      "timestamp": "2025-07-01T21:02:00Z",
      "related_object_id": 1
    }
  },
  {
    "model": "pramlearnapp.studentactivity",
    "pk": 85,
    "fields": {
      "student": 28,
      "activity_type": "assignment",
      "title": "Melihat Tugas - Jaringan Komputer",
      "timestamp": "2025-07-01T19:14:00Z",
      "related_object_id": 1
    }
  },
  {
    "model": "pramlearnapp.studentactivity",
    "pk": 86,
    "fields": {
      "student": 28,
      "activity_type": "material",
      "title": "Membuka Materi Pembelajaran - Jaringan Komputer",
      "timestamp": "2025-07-02T07:43:00Z",
      "related_object_id": 1
    }
  },
  {
    "model": "pramlearnapp.studentactivity",
    "pk": 87,
    "fields": {
      "student": 29,
      "activity_type": "quiz",
      "title": "Melihat Quiz - Jaringan Komputer",
      "timestamp": "2025-07-01T19:47:00Z",
      "related_object_id": 1
    }
  },
  {
    "model": "pramlearnapp.studentactivity",
    "pk": 88,
    "fields": {
      "student": 29,
      "activity_type": "material",
      "title": "Membuka Materi Pembelajaran - Jaringan Komputer",
      "timestamp": "2025-07-01T09:16:00Z",
      "related_object_id": 1
    }
  },
  {
    "model": "pramlearnapp.studentactivity",
    "pk": 89,
    "fields": {
      "student": 29,
      "activity_type": "assignment",
      "title": "Melihat Tugas - Jaringan Komputer",
      "timestamp": "2025-07-02T08:12:00Z",
      "related_object_id": 1
    }
  },
  {
    "model": "pramlearnapp.studentactivity",
    "pk": 90,
    "fields": {
      "student": 30,
      "activity_type": "assignment",
      "title": "Melihat Tugas - Jaringan Komputer",
      "timestamp": "2025-07-01T12:58:00Z",
      "related_object_id": 1
    }
  },
  {
    "model": "pramlearnapp.studentactivity",
    "pk": 91,
    "fields": {
      "student": 30,
      "activity_type": "assignment",
      "title": "Melihat Tugas - Jaringan Komputer",
      "timestamp": "2025-07-02T03:43:00Z",
      "related_object_id": 1
    }
  },
  {
    "model": "pramlearnapp.studentactivity",
    "pk": 92,
    "fields": {
      "student": 30,
      "activity_type": "assignment",
      "title": "Melihat Tugas - Jaringan Komputer",
      "timestamp": "2025-07-01T13:20:00Z",
      "related_object_id": 1
    }
  },
  {
    "model": "pramlearnapp.studentactivity",
    "pk": 93,
    "fields": {
      "student": 30,
      "activity_type": "assignment",
      "title": "Melihat Tugas - Jaringan Komputer",
      "timestamp": "2025-07-01T19:05:00Z",
      "related_object_id": 1
    }
  },
  {
    "model": "pramlearnapp.studentactivity",
    "pk": 94,
    "fields": {
      "student": 30,
      "activity_type": "assignment",
      "title": "Melihat Tugas - Jaringan Komputer",
      "timestamp": "2025-07-01T15:42:00Z",
      "related_object_id": 1
    }
  },
  {
    "model": "pramlearnapp.studentactivity",
    "pk": 95,
    "fields": {
      "student": 31,
      "activity_type": "assignment",
      "title": "Melihat Tugas - Jaringan Komputer",
      "timestamp": "2025-07-01T22:23:00Z",
      "related_object_id": 1
    }
  },
  {
    "model": "pramlearnapp.studentactivity",
    "pk": 96,
    "fields": {
      "student": 31,
      "activity_type": "assignment",
      "title": "Melihat Tugas - Jaringan Komputer",
      "timestamp": "2025-07-01T21:38:00Z",
      "related_object_id": 1
    }
  },
  {
    "model": "pramlearnapp.studentactivity",
    "pk": 97,
    "fields": {
      "student": 32,
      "activity_type": "material",
      "title": "Membuka Materi Pembelajaran - Jaringan Komputer",
      "timestamp": "2025-07-01T15:04:00Z",
      "related_object_id": 1
    }
  },
  {
    "model": "pramlearnapp.studentactivity",
    "pk": 98,
    "fields": {
      "student": 32,
      "activity_type": "quiz",
      "title": "Melihat Quiz - Jaringan Komputer",
      "timestamp": "2025-07-01T20:55:00Z",
      "related_object_id": 1
    }
  },
  {
    "model": "pramlearnapp.studentactivity",
    "pk": 99,
    "fields": {
      "student": 32,
      "activity_type": "quiz",
      "title": "Melihat Quiz - Jaringan Komputer",
      "timestamp": "2025-07-01T09:13:00Z",
      "related_object_id": 1
    }
  },
  {
    "model": "pramlearnapp.studentactivity",
    "pk": 100,
    "fields": {
      "student": 32,
      "activity_type": "quiz",
      "title": "Melihat Quiz - Jaringan Komputer",
      "timestamp": "2025-07-01T19:52:00Z",
      "related_object_id": 1
    }
  },
  {
    "model": "pramlearnapp.studentactivity",
    "pk": 101,
    "fields": {
      "student": 32,
      "activity_type": "assignment",
      "title": "Melihat Tugas - Jaringan Komputer",
      "timestamp": "2025-07-01T09:20:00Z",
      "related_object_id": 1
    }
  },
  {
    "model": "pramlearnapp.studentactivity",
    "pk": 102,
    "fields": {
      "student": 33,
      "activity_type": "quiz",
      "title": "Melihat Quiz - Jaringan Komputer",
      "timestamp": "2025-07-01T16:59:00Z",
      "related_object_id": 1
    }
  },
  {
    "model": "pramlearnapp.studentactivity",
    "pk": 103,
    "fields": {
      "student": 33,
      "activity_type": "quiz",
      "title": "Melihat Quiz - Jaringan Komputer",
      "timestamp": "2025-07-01T16:45:00Z",
      "related_object_id": 1
    }
  },
  {
    "model": "pramlearnapp.studentactivity",
    "pk": 104,
    "fields": {
      "student": 34,
      "activity_type": "material",
      "title": "Membuka Materi Pembelajaran - Jaringan Komputer",
      "timestamp": "2025-07-02T04:48:00Z",
      "related_object_id": 1
    }
  },
  {
    "model": "pramlearnapp.studentactivity",
    "pk": 105,
    "fields": {
      "student": 34,
      "activity_type": "assignment",
      "title": "Melihat Tugas - Jaringan Komputer",
      "timestamp": "2025-07-01T14:41:00Z",
      "related_object_id": 1
    }
  },
  {
    "model": "pramlearnapp.studentactivity",
    "pk": 106,
    "fields": {
      "student": 34,
      "activity_type": "material",
      "title": "Membuka Materi Pembelajaran - Jaringan Komputer",
      "timestamp": "2025-07-02T03:54:00Z",
      "related_object_id": 1
    }
  },
  {
    "model": "pramlearnapp.studentactivity",
    "pk": 107,
    "fields": {
      "student": 34,
      "activity_type": "material",
      "title": "Membuka Materi Pembelajaran - Jaringan Komputer",
      "timestamp": "2025-07-02T05:58:00Z",
      "related_object_id": 1
    }
  },
  {
    "model": "pramlearnapp.studentactivity",
    "pk": 108,
    "fields": {
      "student": 34,
      "activity_type": "assignment",
      "title": "Melihat Tugas - Jaringan Komputer",
      "timestamp": "2025-07-01T21:26:00Z",
      "related_object_id": 1
    }
  },
  {
    "model": "pramlearnapp.studentactivity",
    "pk": 109,
    "fields": {
      "student": 35,
      "activity_type": "material",
      "title": "Membuka Materi Pembelajaran - Jaringan Komputer",
      "timestamp": "2025-07-01T20:07:00Z",
      "related_object_id": 1
    }
  },
  {
    "model": "pramlearnapp.studentactivity",
    "pk": 110,
    "fields": {
      "student": 35,
      "activity_type": "quiz",
      "title": "Melihat Quiz - Jaringan Komputer",
      "timestamp": "2025-07-01T09:28:00Z",
      "related_object_id": 1
    }
  },
  {
    "model": "pramlearnapp.studentactivity",
    "pk": 111,
    "fields": {
      "student": 35,
      "activity_type": "assignment",
      "title": "Melihat Tugas - Jaringan Komputer",
      "timestamp": "2025-07-02T03:51:00Z",
      "related_object_id": 1
    }
  },
  {
    "model": "pramlearnapp.studentactivity",
    "pk": 112,
    "fields": {
      "student": 35,
      "activity_type": "assignment",
      "title": "Melihat Tugas - Jaringan Komputer",
      "timestamp": "2025-07-01T14:34:00Z",
      "related_object_id": 1
    }
  },
  {
    "model": "pramlearnapp.studentactivity",
    "pk": 113,
    "fields": {
      "student": 36,
      "activity_type": "quiz",
      "title": "Melihat Quiz - Jaringan Komputer",
      "timestamp": "2025-07-01T09:25:00Z",
      "related_object_id": 1
    }
  },
  {
    "model": "pramlearnapp.studentactivity",
    "pk": 114,
    "fields": {
      "student": 36,
      "activity_type": "quiz",
      "title": "Melihat Quiz - Jaringan Komputer",
      "timestamp": "2025-07-01T20:13:00Z",
      "related_object_id": 1
    }
  },
  {
    "model": "pramlearnapp.studentactivity",
    "pk": 115,
    "fields": {
      "student": 36,
      "activity_type": "quiz",
      "title": "Melihat Quiz - Jaringan Komputer",
      "timestamp": "2025-07-01T11:39:00Z",
      "related_object_id": 1
    }
  },
  {
    "model": "pramlearnapp.studentactivity",
    "pk": 116,
    "fields": {
      "student": 36,
      "activity_type": "assignment",
      "title": "Melihat Tugas - Jaringan Komputer",
      "timestamp": "2025-07-01T15:22:00Z",
      "related_object_id": 1
    }
  },
  {
    "model": "pramlearnapp.studentactivity",
    "pk": 117,
    "fields": {
      "student": 36,
      "activity_type": "quiz",
      "title": "Melihat Quiz - Jaringan Komputer",
      "timestamp": "2025-07-01T16:28:00Z",
      "related_object_id": 1
    }
  },
  {
    "model": "pramlearnapp.announcement",
    "pk": 1,
    "fields": {
      "title": "Selamat Datang di Pembelajaran Jaringan Komputer",
      "content": "Selamat datang di pembelajaran Administrasi Sistem Jaringan. Materi pembelajaran, quiz, dan tugas sudah tersedia di sistem. Deadline pengumpulan semua tugas adalah 2 Agustus 2025. Silakan pelajari materi terlebih dahulu sebelum mengerjakan quiz dan tugas.",
      "author": 2,
      "priority": "high",
      "target_audience": "class",
      "target_class": 1,
      "is_active": true,
      "deadline": "2025-08-02T23:59:59Z",
      "created_at": "2025-07-01T10:00:00Z",
      "updated_at": "2025-07-01T10:00:00Z"
    }
  },
  {
    "model": "pramlearnapp.announcement",
    "pk": 2,
    "fields": {
      "title": "Informasi Quiz dan Tugas Tersedia",
      "content": "Quiz dan tugas untuk materi Jaringan Komputer sudah tersedia. Terdapat 5 quiz kelompok dan 5 tugas individual. Pastikan untuk membentuk kelompok terlebih dahulu sebelum mengerjakan quiz kelompok. Semua deadline di tanggal 2 Agustus 2025.",
      "author": 2,
      "priority": "medium",
      "target_audience": "class",
      "target_class": 1,
      "is_active": true,
      "deadline": "2025-08-02T23:59:59Z",
      "created_at": "2025-07-01T11:00:00Z",
      "updated_at": "2025-07-01T11:00:00Z"
    }
  }
]